case_id,episode_id,rtc_id,rtc_uuid,source_timestamp,episode_family,source_node_ids,response_node_ids
eighteenth_share,eighteenth_share:E0001,rtc_42358be84c144a35b19faad1fdbb7c23,da847d6b-8721-4153-8f62-fdebb56c12b9,2026-08-12 14:38:44.942295+00:00,BUSINESS_INSTITUTIONAL_SCREEN,n11,n12;n15
eighteenth_share,eighteenth_share:E0002,rtc_42358be84c144a35b19faad1fdbb7c23,da847d6b-8721-4153-8f62-fdebb56c12b9,2026-08-12 14:39:20.513526+00:00,BUSINESS_INSTITUTIONAL_SCREEN,n16,n17
eighteenth_share,eighteenth_share:E0003,rtc_42358be84c144a35b19faad1fdbb7c23,da847d6b-8721-4153-8f62-fdebb56c12b9,2026-08-12 14:40:13.783181+00:00,BUSINESS_INSTITUTIONAL_SCREEN;UNIVERSAL_SEMANTIC_SCREEN,n22,n23
eighteenth_share,eighteenth_share:E0004,rtc_42358be84c144a35b19faad1fdbb7c23,da847d6b-8721-4153-8f62-fdebb56c12b9,2026-08-12 14:40:41.046764+00:00,UNIVERSAL_SEMANTIC_SCREEN,n26,n27
eighteenth_share,eighteenth_share:E0005,rtc_42358be84c144a35b19faad1fdbb7c23,da847d6b-8721-4153-8f62-fdebb56c12b9,2026-08-12 14:41:58.507124+00:00,BUSINESS_INSTITUTIONAL_SCREEN,n30,n31
eighteenth_share,eighteenth_share:E0006,rtc_42358be84c144a35b19faad1fdbb7c23,da847d6b-8721-4153-8f62-fdebb56c12b9,2026-08-12 14:43:59.619213+00:00,BUSINESS_INSTITUTIONAL_SCREEN;UNIVERSAL_SEMANTIC_SCREEN,n36,n37
eighteenth_share,eighteenth_share:E0007,rtc_42358be84c144a35b19faad1fdbb7c23,da847d6b-8721-4153-8f62-fdebb56c12b9,2026-08-12 14:47:26.046684+00:00,BUSINESS_INSTITUTIONAL_SCREEN,n52,n53
eighteenth_share,eighteenth_share:E0008,rtc_42358be84c144a35b19faad1fdbb7c23,da847d6b-8721-4153-8f62-fdebb56c12b9,2026-08-12 14:49:21.308701+00:00,BUSINESS_INSTITUTIONAL_SCREEN,n60,n61
eighteenth_share,eighteenth_share:E0009,rtc_42358be84c144a35b19faad1fdbb7c23,da847d6b-8721-4153-8f62-fdebb56c12b9,2026-08-12 14:51:51.081545+00:00,BUSINESS_INSTITUTIONAL_SCREEN,n79,n80
eighteenth_share,eighteenth_share:E0010,rtc_42358be84c144a35b19faad1fdbb7c23,da847d6b-8721-4153-8f62-fdebb56c12b9,2026-08-12 14:53:29.990334+00:00,BUSINESS_INSTITUTIONAL_SCREEN,n89,n90
eighteenth_share,eighteenth_share:E0011,rtc_42358be84c144a35b19faad1fdbb7c23,da847d6b-8721-4153-8f62-fdebb56c12b9,2026-08-12 14:55:47.444737+00:00,BUSINESS_INSTITUTIONAL_SCREEN,n103,n104
eighteenth_share,eighteenth_share:E0012,rtc_42358be84c144a35b19faad1fdbb7c23,da847d6b-8721-4153-8f62-fdebb56c12b9,2026-08-12 14:56:33.995466+00:00,BUSINESS_INSTITUTIONAL_SCREEN,n109,n110
eighteenth_share,eighteenth_share:E0013,rtc_42358be84c144a35b19faad1fdbb7c23,da847d6b-8721-4153-8f62-fdebb56c12b9,2026-08-12 14:57:00.056783+00:00,UNIVERSAL_SEMANTIC_SCREEN,n114,n115
eighteenth_share,eighteenth_share:E0014,rtc_42358be84c144a35b19faad1fdbb7c23,da847d6b-8721-4153-8f62-fdebb56c12b9,2026-08-12 15:04:49.849165+00:00,UNIVERSAL_SEMANTIC_SCREEN,n175,n176
eighteenth_share,eighteenth_share:E0015,rtc_42358be84c144a35b19faad1fdbb7c23,da847d6b-8721-4153-8f62-fdebb56c12b9,2026-08-12 15:06:34.231670+00:00,UNIVERSAL_SEMANTIC_SCREEN,n183,n184
eighteenth_share,eighteenth_share:E0016,rtc_42358be84c144a35b19faad1fdbb7c23,da847d6b-8721-4153-8f62-fdebb56c12b9,2026-08-12 15:07:08.429228+00:00,BUSINESS_INSTITUTIONAL_SCREEN;UNIVERSAL_SEMANTIC_SCREEN,n187,n188
eighteenth_share,eighteenth_share:E0017,rtc_42358be84c144a35b19faad1fdbb7c23,da847d6b-8721-4153-8f62-fdebb56c12b9,2026-08-12 15:07:43.002001+00:00,UNIVERSAL_SEMANTIC_SCREEN,n191,n192
eighteenth_share,eighteenth_share:E0018,rtc_42358be84c144a35b19faad1fdbb7c23,da847d6b-8721-4153-8f62-fdebb56c12b9,2026-08-12 15:07:55.959614+00:00,UNIVERSAL_SEMANTIC_SCREEN,n193,n194
eighteenth_share,eighteenth_share:E0019,rtc_42358be84c144a35b19faad1fdbb7c23,da847d6b-8721-4153-8f62-fdebb56c12b9,2026-08-12 15:08:55.349083+00:00,BUSINESS_INSTITUTIONAL_SCREEN,n199,n200
eighteenth_share,eighteenth_share:E0020,rtc_42358be84c144a35b19faad1fdbb7c23,da847d6b-8721-4153-8f62-fdebb56c12b9,2026-08-12 15:10:42.379811+00:00,BUSINESS_INSTITUTIONAL_SCREEN,n209,n210
eighteenth_share,eighteenth_share:E0021,rtc_42358be84c144a35b19faad1fdbb7c23,da847d6b-8721-4153-8f62-fdebb56c12b9,2026-08-12 15:11:40.914911+00:00,BUSINESS_INSTITUTIONAL_SCREEN,n211,n212;n213
eighteenth_share,eighteenth_share:E0022,rtc_42358be84c144a35b19faad1fdbb7c23,da847d6b-8721-4153-8f62-fdebb56c12b9,2026-08-12 15:13:00.376088+00:00,UNIVERSAL_SEMANTIC_SCREEN,n217,n218
eighteenth_share,eighteenth_share:E0023,rtc_42358be84c144a35b19faad1fdbb7c23,da847d6b-8721-4153-8f62-fdebb56c12b9,2026-08-12 15:13:48.227338+00:00,FROZEN_INFERENCE_OPPORTUNITY,n219,n220
eighteenth_share,eighteenth_share:E0024,rtc_42358be84c144a35b19faad1fdbb7c23,da847d6b-8721-4153-8f62-fdebb56c12b9,2026-08-12 15:15:12.020221+00:00,UNIVERSAL_SEMANTIC_SCREEN,n221,n222
eighteenth_share,eighteenth_share:E0025,rtc_42358be84c144a35b19faad1fdbb7c23,da847d6b-8721-4153-8f62-fdebb56c12b9,2026-08-12 15:16:14.071102+00:00,UNIVERSAL_SEMANTIC_SCREEN,n223,n224
eighteenth_share,eighteenth_share:E0026,rtc_42358be84c144a35b19faad1fdbb7c23,da847d6b-8721-4153-8f62-fdebb56c12b9,2026-08-12 15:17:00.121516+00:00,BUSINESS_INSTITUTIONAL_SCREEN;UNIVERSAL_SEMANTIC_SCREEN,n225,n226
eighteenth_share,eighteenth_share:E0027,rtc_42358be84c144a35b19faad1fdbb7c23,da847d6b-8721-4153-8f62-fdebb56c12b9,2026-08-12 15:18:02.529466+00:00,UNIVERSAL_SEMANTIC_SCREEN,n227,ABSENT
eighteenth_share,eighteenth_share:E0028,rtc_42358be84c144a35b19faad1fdbb7c23,da847d6b-8721-4153-8f62-fdebb56c12b9,2026-08-12 15:18:13.781416+00:00,BUSINESS_INSTITUTIONAL_SCREEN;UNIVERSAL_SEMANTIC_SCREEN,n232,n233
eighteenth_share,eighteenth_share:E0029,rtc_42358be84c144a35b19faad1fdbb7c23,da847d6b-8721-4153-8f62-fdebb56c12b9,2026-08-12 15:18:23.443203+00:00,BUSINESS_INSTITUTIONAL_SCREEN;CAPABILITY_TOOL_EVIDENCE_CLAIM;CONFIRMED_CRITIQUE_BEFORE_COMPLETE_READING;FROZEN_INFERENCE_OPPORTUNITY;RTC_RULE_EPISODE;UNIVERSAL_SEMANTIC_SCREEN,n236;n238;n240;n246;n248;n250;n253;n256;n258;n260;n263;n266;n275;n277;n279;n281;n283;n287;n289;n291;n293;n299;n301;n305;n309,n239;n241;n245;n247;n249;n251;n254;n257;n259;n261;n262;n264;n270;n274;n276;n278;n280;n282;n286;n288;n290;n292;n294;n298;n300;n302;n304;n306;n308;n310;n315
eighteenth_share,eighteenth_share:E0030,rtc_3838afb14f544fb6ad4560b4386eaeda,19e1defb-6ff4-4530-85d7-36a84ee3ea81,2026-08-12 15:26:44.086074+00:00,BUSINESS_INSTITUTIONAL_SCREEN;UNIVERSAL_SEMANTIC_SCREEN,n316,n317
eighteenth_share,eighteenth_share:E0031,rtc_3838afb14f544fb6ad4560b4386eaeda,19e1defb-6ff4-4530-85d7-36a84ee3ea81,2026-08-12 15:27:04.509267+00:00,BUSINESS_INSTITUTIONAL_SCREEN,n318,n319
eighteenth_share,eighteenth_share:E0032,rtc_3838afb14f544fb6ad4560b4386eaeda,19e1defb-6ff4-4530-85d7-36a84ee3ea81,2026-08-12 15:28:16.642777+00:00,BUSINESS_INSTITUTIONAL_SCREEN;UNIVERSAL_SEMANTIC_SCREEN,n322,n323;n326
eighteenth_share,eighteenth_share:E0033,rtc_3838afb14f544fb6ad4560b4386eaeda,19e1defb-6ff4-4530-85d7-36a84ee3ea81,2026-08-12 15:29:08.367512+00:00,BUSINESS_INSTITUTIONAL_SCREEN;UNIVERSAL_SEMANTIC_SCREEN,n327,n330;n331
eighteenth_share,eighteenth_share:E0034,rtc_3838afb14f544fb6ad4560b4386eaeda,19e1defb-6ff4-4530-85d7-36a84ee3ea81,2026-08-12 15:30:57.325310+00:00,BUSINESS_INSTITUTIONAL_SCREEN,n334,n335;n338
eighteenth_share,eighteenth_share:E0035,rtc_3838afb14f544fb6ad4560b4386eaeda,19e1defb-6ff4-4530-85d7-36a84ee3ea81,2026-08-12 15:30:59.542720+00:00,BUSINESS_INSTITUTIONAL_SCREEN,n339,n340
eighteenth_share,eighteenth_share:E0036,rtc_3838afb14f544fb6ad4560b4386eaeda,19e1defb-6ff4-4530-85d7-36a84ee3ea81,2026-08-12 15:31:21.472807+00:00,BUSINESS_INSTITUTIONAL_SCREEN;UNIVERSAL_SEMANTIC_SCREEN,n341,n342
eighteenth_share,eighteenth_share:E0037,rtc_3838afb14f544fb6ad4560b4386eaeda,19e1defb-6ff4-4530-85d7-36a84ee3ea81,2026-08-12 15:31:50.906891+00:00,BUSINESS_INSTITUTIONAL_SCREEN,n343,n344;n347
eighteenth_share,eighteenth_share:E0038,rtc_3838afb14f544fb6ad4560b4386eaeda,19e1defb-6ff4-4530-85d7-36a84ee3ea81,2026-08-12 15:32:22.512061+00:00,BUSINESS_INSTITUTIONAL_SCREEN,n348,n349
eighteenth_share,eighteenth_share:E0039,rtc_3838afb14f544fb6ad4560b4386eaeda,19e1defb-6ff4-4530-85d7-36a84ee3ea81,2026-08-12 15:32:58.943439+00:00,BUSINESS_INSTITUTIONAL_SCREEN,n350,n351;n354
eighteenth_share,eighteenth_share:E0040,rtc_3838afb14f544fb6ad4560b4386eaeda,19e1defb-6ff4-4530-85d7-36a84ee3ea81,2026-08-12 15:33:16.128311+00:00,BUSINESS_INSTITUTIONAL_SCREEN,n355,n356
eighteenth_share,eighteenth_share:E0041,rtc_3838afb14f544fb6ad4560b4386eaeda,19e1defb-6ff4-4530-85d7-36a84ee3ea81,2026-08-12 15:33:54.984301+00:00,BUSINESS_INSTITUTIONAL_SCREEN,n357,n358;n362
eighteenth_share,eighteenth_share:E0042,rtc_3838afb14f544fb6ad4560b4386eaeda,19e1defb-6ff4-4530-85d7-36a84ee3ea81,2026-08-12 15:34:35.123037+00:00,AGENCY_NEUTRAL_OPPORTUNITY;BUSINESS_INSTITUTIONAL_SCREEN;FROZEN_INFERENCE_OPPORTUNITY;UNIVERSAL_SEMANTIC_SCREEN,n363;n365;n367,n364;n366;n368;n370
eighteenth_share,eighteenth_share:E0043,rtc_3838afb14f544fb6ad4560b4386eaeda,19e1defb-6ff4-4530-85d7-36a84ee3ea81,2026-08-12 15:35:56.459800+00:00,BUSINESS_INSTITUTIONAL_SCREEN,n373,n374
eighteenth_share,eighteenth_share:E0044,rtc_3838afb14f544fb6ad4560b4386eaeda,19e1defb-6ff4-4530-85d7-36a84ee3ea81,2026-08-12 15:36:05.716469+00:00,BUSINESS_INSTITUTIONAL_SCREEN,n375,n376
eighteenth_share,eighteenth_share:E0045,rtc_3838afb14f544fb6ad4560b4386eaeda,19e1defb-6ff4-4530-85d7-36a84ee3ea81,2026-08-12 15:36:20.020985+00:00,BUSINESS_INSTITUTIONAL_SCREEN;UNIVERSAL_SEMANTIC_SCREEN,n377,n378
eighteenth_share,eighteenth_share:E0046,rtc_3838afb14f544fb6ad4560b4386eaeda,19e1defb-6ff4-4530-85d7-36a84ee3ea81,2026-08-12 15:36:43.831492+00:00,BUSINESS_INSTITUTIONAL_SCREEN;UNIVERSAL_SEMANTIC_SCREEN,n379,n380;n383
eighteenth_share,eighteenth_share:E0047,rtc_3838afb14f544fb6ad4560b4386eaeda,19e1defb-6ff4-4530-85d7-36a84ee3ea81,2026-08-12 15:37:43.100614+00:00,BUSINESS_INSTITUTIONAL_SCREEN,n384,n385;n387
eighteenth_share,eighteenth_share:E0048,rtc_3838afb14f544fb6ad4560b4386eaeda,19e1defb-6ff4-4530-85d7-36a84ee3ea81,2026-08-12 15:38:03.251369+00:00,BUSINESS_INSTITUTIONAL_SCREEN;UNIVERSAL_SEMANTIC_SCREEN,n388;n393,n389;n392;n397
eighteenth_share,eighteenth_share:E0049,rtc_3838afb14f544fb6ad4560b4386eaeda,19e1defb-6ff4-4530-85d7-36a84ee3ea81,2026-08-12 15:38:54.540818+00:00,BUSINESS_INSTITUTIONAL_SCREEN,n398,n399;n402
eighteenth_share,eighteenth_share:E0050,rtc_3838afb14f544fb6ad4560b4386eaeda,19e1defb-6ff4-4530-85d7-36a84ee3ea81,2026-08-12 15:39:19.327820+00:00,BUSINESS_INSTITUTIONAL_SCREEN,n407,n408;n409
eighth_share,eighth_share:E0001,rtc_6578ce6ba2cf45e3bf8a5450a8550e1f,58f20c26-a36a-49fd-8a6a-3b96703f365a,2026-08-13 10:53:15.319644+00:00,UNIVERSAL_SEMANTIC_SCREEN,n24,n25
eighth_share,eighth_share:E0002,rtc_6578ce6ba2cf45e3bf8a5450a8550e1f,58f20c26-a36a-49fd-8a6a-3b96703f365a,2026-08-13 10:54:55.301943+00:00,BUSINESS_INSTITUTIONAL_SCREEN;UNIVERSAL_SEMANTIC_SCREEN,n40;n42,n41;n43
eighth_share,eighth_share:E0003,rtc_6578ce6ba2cf45e3bf8a5450a8550e1f,58f20c26-a36a-49fd-8a6a-3b96703f365a,2026-08-13 10:55:56.730824+00:00,UNIVERSAL_SEMANTIC_SCREEN,n48,n49
eighth_share,eighth_share:E0004,rtc_6578ce6ba2cf45e3bf8a5450a8550e1f,58f20c26-a36a-49fd-8a6a-3b96703f365a,2026-08-13 10:56:27.943781+00:00,BUSINESS_INSTITUTIONAL_SCREEN;UNIVERSAL_SEMANTIC_SCREEN,n50,n51
eighth_share,eighth_share:E0005,rtc_6578ce6ba2cf45e3bf8a5450a8550e1f,58f20c26-a36a-49fd-8a6a-3b96703f365a,2026-08-13 10:57:00.757682+00:00,UNIVERSAL_SEMANTIC_SCREEN,n56,n57
eighth_share,eighth_share:E0006,rtc_6578ce6ba2cf45e3bf8a5450a8550e1f,58f20c26-a36a-49fd-8a6a-3b96703f365a,2026-08-13 10:57:11.126404+00:00,UNIVERSAL_SEMANTIC_SCREEN,n58,n59
eighth_share,eighth_share:E0007,rtc_6578ce6ba2cf45e3bf8a5450a8550e1f,58f20c26-a36a-49fd-8a6a-3b96703f365a,2026-08-13 10:57:15.193496+00:00,UNIVERSAL_SEMANTIC_SCREEN,n60,n61
eighth_share,eighth_share:E0008,rtc_6578ce6ba2cf45e3bf8a5450a8550e1f,58f20c26-a36a-49fd-8a6a-3b96703f365a,2026-08-13 10:59:12.555655+00:00,UNIVERSAL_SEMANTIC_SCREEN,n72,n73
eighth_share,eighth_share:E0009,rtc_6578ce6ba2cf45e3bf8a5450a8550e1f,58f20c26-a36a-49fd-8a6a-3b96703f365a,2026-08-13 10:59:46.415383+00:00,UNIVERSAL_SEMANTIC_SCREEN,n76,n77
eighth_share,eighth_share:E0010,rtc_6578ce6ba2cf45e3bf8a5450a8550e1f,58f20c26-a36a-49fd-8a6a-3b96703f365a,2026-08-13 11:00:13.410308+00:00,BUSINESS_INSTITUTIONAL_SCREEN;UNIVERSAL_SEMANTIC_SCREEN,n78,n79
eighth_share,eighth_share:E0011,rtc_6578ce6ba2cf45e3bf8a5450a8550e1f,58f20c26-a36a-49fd-8a6a-3b96703f365a,2026-08-13 11:00:58.165302+00:00,BUSINESS_INSTITUTIONAL_SCREEN,n82,n83
eighth_share,eighth_share:E0012,rtc_6578ce6ba2cf45e3bf8a5450a8550e1f,58f20c26-a36a-49fd-8a6a-3b96703f365a,2026-08-13 11:01:11.800657+00:00,BUSINESS_INSTITUTIONAL_SCREEN,n86,n87
eighth_share,eighth_share:E0013,rtc_6578ce6ba2cf45e3bf8a5450a8550e1f,58f20c26-a36a-49fd-8a6a-3b96703f365a,2026-08-13 11:01:39.094149+00:00,FROZEN_INFERENCE_OPPORTUNITY,n90,n91
eighth_share,eighth_share:E0014,rtc_6578ce6ba2cf45e3bf8a5450a8550e1f,58f20c26-a36a-49fd-8a6a-3b96703f365a,2026-08-13 11:02:09.880283+00:00,BUSINESS_INSTITUTIONAL_SCREEN,n94,n95
eighth_share,eighth_share:E0015,rtc_6578ce6ba2cf45e3bf8a5450a8550e1f,58f20c26-a36a-49fd-8a6a-3b96703f365a,2026-08-13 11:02:52.655797+00:00,BUSINESS_INSTITUTIONAL_SCREEN;UNIVERSAL_SEMANTIC_SCREEN,n96,n97
eighth_share,eighth_share:E0016,rtc_6578ce6ba2cf45e3bf8a5450a8550e1f,58f20c26-a36a-49fd-8a6a-3b96703f365a,2026-08-13 11:03:08.621036+00:00,BUSINESS_INSTITUTIONAL_SCREEN,n98,n99
eighth_share,eighth_share:E0017,rtc_6578ce6ba2cf45e3bf8a5450a8550e1f,58f20c26-a36a-49fd-8a6a-3b96703f365a,2026-08-13 11:04:07.468067+00:00,BUSINESS_INSTITUTIONAL_SCREEN,n102,n103
eighth_share,eighth_share:E0018,rtc_6578ce6ba2cf45e3bf8a5450a8550e1f,58f20c26-a36a-49fd-8a6a-3b96703f365a,2026-08-13 11:04:38.270957+00:00,UNIVERSAL_SEMANTIC_SCREEN,n106,n107
eighth_share,eighth_share:E0019,rtc_6578ce6ba2cf45e3bf8a5450a8550e1f,58f20c26-a36a-49fd-8a6a-3b96703f365a,2026-08-13 11:05:13.263690+00:00,BUSINESS_INSTITUTIONAL_SCREEN,n110,n111
eighth_share,eighth_share:E0020,rtc_6578ce6ba2cf45e3bf8a5450a8550e1f,58f20c26-a36a-49fd-8a6a-3b96703f365a,2026-08-13 11:06:47.738553+00:00,BUSINESS_INSTITUTIONAL_SCREEN;UNIVERSAL_SEMANTIC_SCREEN,n112,n113;n115
eighth_share,eighth_share:E0021,rtc_6578ce6ba2cf45e3bf8a5450a8550e1f,58f20c26-a36a-49fd-8a6a-3b96703f365a,2026-08-13 11:08:56.701991+00:00,AGENCY_NEUTRAL_OPPORTUNITY;BUSINESS_INSTITUTIONAL_SCREEN;RTC_RULE_EPISODE;UNIVERSAL_SEMANTIC_SCREEN,n116;n126;n133;n143;n159;n167;n169;n171,n117;n120;n127;n132;n134;n137;n141;n147;n158;n160;n166;n168;n170;n172;n175
eighth_share,eighth_share:E0022,rtc_78e559c293ff44ee9c476bfcf7d5a949,520d6716-728f-4e80-af3a-3ccfd5725f14,2026-08-13 11:18:37.934164+00:00,UNIVERSAL_SEMANTIC_SCREEN,n186,n187
eighth_share,eighth_share:E0023,rtc_78e559c293ff44ee9c476bfcf7d5a949,520d6716-728f-4e80-af3a-3ccfd5725f14,2026-08-13 11:19:10.958375+00:00,UNIVERSAL_SEMANTIC_SCREEN,n188,n192
eighth_share,eighth_share:E0024,rtc_78e559c293ff44ee9c476bfcf7d5a949,520d6716-728f-4e80-af3a-3ccfd5725f14,2026-08-13 11:19:40.007554+00:00,BUSINESS_INSTITUTIONAL_SCREEN;UNIVERSAL_SEMANTIC_SCREEN,n193;n197,n196
eighth_share,eighth_share:E0025,rtc_78e559c293ff44ee9c476bfcf7d5a949,520d6716-728f-4e80-af3a-3ccfd5725f14,2026-08-13 11:20:22.840189+00:00,BUSINESS_INSTITUTIONAL_SCREEN,n202,n203
eighth_share,eighth_share:E0026,rtc_78e559c293ff44ee9c476bfcf7d5a949,520d6716-728f-4e80-af3a-3ccfd5725f14,2026-08-13 11:20:43.952479+00:00,BUSINESS_INSTITUTIONAL_SCREEN;UNIVERSAL_SEMANTIC_SCREEN,n204,n205
eighth_share,eighth_share:E0027,rtc_78e559c293ff44ee9c476bfcf7d5a949,520d6716-728f-4e80-af3a-3ccfd5725f14,2026-08-13 11:21:29.200968+00:00,BUSINESS_INSTITUTIONAL_SCREEN;UNIVERSAL_SEMANTIC_SCREEN,n206,n207
eighth_share,eighth_share:E0028,rtc_78e559c293ff44ee9c476bfcf7d5a949,520d6716-728f-4e80-af3a-3ccfd5725f14,2026-08-13 11:21:39.589001+00:00,UNIVERSAL_SEMANTIC_SCREEN,n208,n209
eighth_share,eighth_share:E0029,rtc_78e559c293ff44ee9c476bfcf7d5a949,520d6716-728f-4e80-af3a-3ccfd5725f14,2026-08-13 11:21:55.245353+00:00,BUSINESS_INSTITUTIONAL_SCREEN,n217,n218
eighth_share,eighth_share:E0030,rtc_78e559c293ff44ee9c476bfcf7d5a949,520d6716-728f-4e80-af3a-3ccfd5725f14,2026-08-13 11:22:25.436565+00:00,BUSINESS_INSTITUTIONAL_SCREEN,n219,n220;n223
eighth_share,eighth_share:E0031,rtc_78e559c293ff44ee9c476bfcf7d5a949,520d6716-728f-4e80-af3a-3ccfd5725f14,2026-08-13 11:23:20.573077+00:00,BUSINESS_INSTITUTIONAL_SCREEN,n229,n230
eighth_share,eighth_share:E0032,rtc_78e559c293ff44ee9c476bfcf7d5a949,520d6716-728f-4e80-af3a-3ccfd5725f14,2026-08-13 11:24:04.000978+00:00,UNIVERSAL_SEMANTIC_SCREEN,n235,n236
eighth_share,eighth_share:E0033,rtc_78e559c293ff44ee9c476bfcf7d5a949,520d6716-728f-4e80-af3a-3ccfd5725f14,2026-08-13 11:25:04.531122+00:00,BUSINESS_INSTITUTIONAL_SCREEN;UNIVERSAL_SEMANTIC_SCREEN,n237;n242,n238;n241;n243
eighth_share,eighth_share:E0034,rtc_78e559c293ff44ee9c476bfcf7d5a949,520d6716-728f-4e80-af3a-3ccfd5725f14,2026-08-13 11:25:57.381833+00:00,UNIVERSAL_SEMANTIC_SCREEN,n244,n245
eighth_share,eighth_share:E0035,rtc_78e559c293ff44ee9c476bfcf7d5a949,520d6716-728f-4e80-af3a-3ccfd5725f14,2026-08-13 11:26:43.197590+00:00,BUSINESS_INSTITUTIONAL_SCREEN,n246,n247;n250
eighth_share,eighth_share:E0036,rtc_78e559c293ff44ee9c476bfcf7d5a949,520d6716-728f-4e80-af3a-3ccfd5725f14,2026-08-13 11:27:21.747672+00:00,BUSINESS_INSTITUTIONAL_SCREEN,n251,n252;n256
eighth_share,eighth_share:E0037,rtc_78e559c293ff44ee9c476bfcf7d5a949,520d6716-728f-4e80-af3a-3ccfd5725f14,2026-08-13 11:29:20.851367+00:00,BUSINESS_INSTITUTIONAL_SCREEN;UNIVERSAL_SEMANTIC_SCREEN,n264,n265
eighth_share,eighth_share:E0038,rtc_78e559c293ff44ee9c476bfcf7d5a949,520d6716-728f-4e80-af3a-3ccfd5725f14,2026-08-13 11:29:57.090400+00:00,BUSINESS_INSTITUTIONAL_SCREEN,n271,n272;n275
eighth_share,eighth_share:E0039,rtc_78e559c293ff44ee9c476bfcf7d5a949,520d6716-728f-4e80-af3a-3ccfd5725f14,2026-08-13 11:31:14.727612+00:00,BUSINESS_INSTITUTIONAL_SCREEN;UNIVERSAL_SEMANTIC_SCREEN,n276;n281,n277;n280
eighth_share,eighth_share:E0040,rtc_78e559c293ff44ee9c476bfcf7d5a949,520d6716-728f-4e80-af3a-3ccfd5725f14,2026-08-13 11:32:02.106445+00:00,BUSINESS_INSTITUTIONAL_SCREEN,n286,n287
eighth_share,eighth_share:E0041,rtc_78e559c293ff44ee9c476bfcf7d5a949,520d6716-728f-4e80-af3a-3ccfd5725f14,2026-08-13 11:32:22.190533+00:00,BUSINESS_INSTITUTIONAL_SCREEN,n288,n291
eighth_share,eighth_share:E0042,rtc_78e559c293ff44ee9c476bfcf7d5a949,520d6716-728f-4e80-af3a-3ccfd5725f14,2026-08-13 11:33:03.602586+00:00,BUSINESS_INSTITUTIONAL_SCREEN;UNIVERSAL_SEMANTIC_SCREEN,n292;n297,n293;n296;n298
eighth_share,eighth_share:E0043,rtc_78e559c293ff44ee9c476bfcf7d5a949,520d6716-728f-4e80-af3a-3ccfd5725f14,2026-08-13 11:34:55.871478+00:00,BUSINESS_INSTITUTIONAL_SCREEN,n306,n309
eighth_share,eighth_share:E0044,rtc_78e559c293ff44ee9c476bfcf7d5a949,520d6716-728f-4e80-af3a-3ccfd5725f14,2026-08-13 11:35:15.955063+00:00,BUSINESS_INSTITUTIONAL_SCREEN,n310,n311
eighth_share,eighth_share:E0045,rtc_78e559c293ff44ee9c476bfcf7d5a949,520d6716-728f-4e80-af3a-3ccfd5725f14,2026-08-13 11:35:29.227213+00:00,UNIVERSAL_SEMANTIC_SCREEN,n315,n316
eighth_share,eighth_share:E0046,rtc_78e559c293ff44ee9c476bfcf7d5a949,520d6716-728f-4e80-af3a-3ccfd5725f14,2026-08-13 11:36:10.775542+00:00,AGENCY_NEUTRAL_OPPORTUNITY;BUSINESS_INSTITUTIONAL_SCREEN;UNIVERSAL_SEMANTIC_SCREEN,n319;n321,n320;n322;n327
eighth_share,eighth_share:E0047,rtc_78e559c293ff44ee9c476bfcf7d5a949,520d6716-728f-4e80-af3a-3ccfd5725f14,2026-08-13 11:37:35.634560+00:00,BUSINESS_INSTITUTIONAL_SCREEN;UNIVERSAL_SEMANTIC_SCREEN,n330,n331;n334
eighth_share,eighth_share:E0048,rtc_78e559c293ff44ee9c476bfcf7d5a949,520d6716-728f-4e80-af3a-3ccfd5725f14,2026-08-13 11:38:24.331808+00:00,BUSINESS_INSTITUTIONAL_SCREEN,n343,n344
eighth_share,eighth_share:E0049,rtc_78e559c293ff44ee9c476bfcf7d5a949,520d6716-728f-4e80-af3a-3ccfd5725f14,2026-08-13 11:38:50.224939+00:00,BUSINESS_INSTITUTIONAL_SCREEN,n345,n346
eighth_share,eighth_share:E0050,rtc_78e559c293ff44ee9c476bfcf7d5a949,520d6716-728f-4e80-af3a-3ccfd5725f14,2026-08-13 11:39:34.145829+00:00,BUSINESS_INSTITUTIONAL_SCREEN;UNIVERSAL_SEMANTIC_SCREEN,n347,n348;n353
eighth_share,eighth_share:E0051,rtc_78e559c293ff44ee9c476bfcf7d5a949,520d6716-728f-4e80-af3a-3ccfd5725f14,2026-08-13 11:40:14.087521+00:00,BUSINESS_INSTITUTIONAL_SCREEN,n354,n355;n358
eighth_share,eighth_share:E0052,rtc_78e559c293ff44ee9c476bfcf7d5a949,520d6716-728f-4e80-af3a-3ccfd5725f14,2026-08-13 11:40:55.522494+00:00,BUSINESS_INSTITUTIONAL_SCREEN,n359,n360
eighth_share,eighth_share:E0053,rtc_78e559c293ff44ee9c476bfcf7d5a949,520d6716-728f-4e80-af3a-3ccfd5725f14,2026-08-13 11:41:16.713816+00:00,BUSINESS_INSTITUTIONAL_SCREEN,n366,n367;n371
eighth_share,eighth_share:E0054,rtc_78e559c293ff44ee9c476bfcf7d5a949,520d6716-728f-4e80-af3a-3ccfd5725f14,2026-08-13 11:41:49.303153+00:00,BUSINESS_INSTITUTIONAL_SCREEN,n372,n373
eighth_share,eighth_share:E0055,rtc_78e559c293ff44ee9c476bfcf7d5a949,520d6716-728f-4e80-af3a-3ccfd5725f14,2026-08-13 11:42:02.957960+00:00,UNIVERSAL_SEMANTIC_SCREEN,n374,n375;n376
eighth_share,eighth_share:E0056,rtc_78e559c293ff44ee9c476bfcf7d5a949,520d6716-728f-4e80-af3a-3ccfd5725f14,2026-08-13 11:42:16.343689+00:00,UNIVERSAL_SEMANTIC_SCREEN,n377,n378
eighth_share,eighth_share:E0057,rtc_78e559c293ff44ee9c476bfcf7d5a949,520d6716-728f-4e80-af3a-3ccfd5725f14,2026-08-13 11:42:47.784941+00:00,BUSINESS_INSTITUTIONAL_SCREEN,n383,n384
eighth_share,eighth_share:E0058,rtc_78e559c293ff44ee9c476bfcf7d5a949,520d6716-728f-4e80-af3a-3ccfd5725f14,2026-08-13 11:43:32.815496+00:00,BUSINESS_INSTITUTIONAL_SCREEN;UNIVERSAL_SEMANTIC_SCREEN,n385,n386
eighth_share,eighth_share:E0059,rtc_78e559c293ff44ee9c476bfcf7d5a949,520d6716-728f-4e80-af3a-3ccfd5725f14,2026-08-13 11:44:13.454003+00:00,BUSINESS_INSTITUTIONAL_SCREEN;UNIVERSAL_SEMANTIC_SCREEN,n393,n394
eighth_share,eighth_share:E0060,rtc_78e559c293ff44ee9c476bfcf7d5a949,520d6716-728f-4e80-af3a-3ccfd5725f14,2026-08-13 11:44:32.559793+00:00,BUSINESS_INSTITUTIONAL_SCREEN;UNIVERSAL_SEMANTIC_SCREEN,n395,n396
eighth_share,eighth_share:E0061,rtc_78e559c293ff44ee9c476bfcf7d5a949,520d6716-728f-4e80-af3a-3ccfd5725f14,2026-08-13 11:44:43.651348+00:00,BUSINESS_INSTITUTIONAL_SCREEN,n402,n403
eighth_share,eighth_share:E0062,rtc_78e559c293ff44ee9c476bfcf7d5a949,520d6716-728f-4e80-af3a-3ccfd5725f14,2026-08-13 11:44:56.701694+00:00,BUSINESS_INSTITUTIONAL_SCREEN,n404,n405
eighth_share,eighth_share:E0063,rtc_78e559c293ff44ee9c476bfcf7d5a949,520d6716-728f-4e80-af3a-3ccfd5725f14,2026-08-13 11:45:31.498883+00:00,BUSINESS_INSTITUTIONAL_SCREEN,n408,n409
eighth_share,eighth_share:E0064,rtc_78e559c293ff44ee9c476bfcf7d5a949,520d6716-728f-4e80-af3a-3ccfd5725f14,2026-08-13 11:45:49.117418+00:00,BUSINESS_INSTITUTIONAL_SCREEN,n416,n417
eighth_share,eighth_share:E0065,rtc_78e559c293ff44ee9c476bfcf7d5a949,520d6716-728f-4e80-af3a-3ccfd5725f14,2026-08-13 11:46:49.799486+00:00,BUSINESS_INSTITUTIONAL_SCREEN,n420,n421;n424
eighth_share,eighth_share:E0066,rtc_78e559c293ff44ee9c476bfcf7d5a949,520d6716-728f-4e80-af3a-3ccfd5725f14,2026-08-13 11:48:32.222179+00:00,BUSINESS_INSTITUTIONAL_SCREEN,n425,n426;n429
eighth_share,eighth_share:E0067,rtc_78e559c293ff44ee9c476bfcf7d5a949,520d6716-728f-4e80-af3a-3ccfd5725f14,2026-08-13 11:49:05.836144+00:00,BUSINESS_INSTITUTIONAL_SCREEN,n432,n433
eighth_share,eighth_share:E0068,rtc_78e559c293ff44ee9c476bfcf7d5a949,520d6716-728f-4e80-af3a-3ccfd5725f14,2026-08-13 11:50:06.123035+00:00,BUSINESS_INSTITUTIONAL_SCREEN;UNIVERSAL_SEMANTIC_SCREEN,n445,n446
eighth_share,eighth_share:E0069,rtc_78e559c293ff44ee9c476bfcf7d5a949,520d6716-728f-4e80-af3a-3ccfd5725f14,2026-08-13 11:50:41.475697+00:00,BUSINESS_INSTITUTIONAL_SCREEN,n447,n448;n451
eighth_share,eighth_share:E0070,rtc_78e559c293ff44ee9c476bfcf7d5a949,520d6716-728f-4e80-af3a-3ccfd5725f14,2026-08-13 11:53:50.065747+00:00,AGENCY_NEUTRAL_OPPORTUNITY;BUSINESS_INSTITUTIONAL_SCREEN;FROZEN_INFERENCE_OPPORTUNITY,n454,n455;n456
eighth_share,eighth_share:E0071,rtc_78e559c293ff44ee9c476bfcf7d5a949,520d6716-728f-4e80-af3a-3ccfd5725f14,2026-08-13 11:55:02.866243+00:00,BUSINESS_INSTITUTIONAL_SCREEN;UNIVERSAL_SEMANTIC_SCREEN,n459,n460
eighth_share,eighth_share:E0072,rtc_78e559c293ff44ee9c476bfcf7d5a949,520d6716-728f-4e80-af3a-3ccfd5725f14,2026-08-13 11:55:46.564000+00:00,BUSINESS_INSTITUTIONAL_SCREEN;RTC_RULE_EPISODE;UNIVERSAL_SEMANTIC_SCREEN,n466;n469;n474;n481;n489;n498,n467;n468;n470;n475;n477;n480;n482;n485;n487;n493;n499;n501
eighth_share,eighth_share:E0073,rtc_9b4ca9071fc645c99d088753dd6e6914,72c4d02f-d93a-4898-9aaa-b7560ace2520,2026-08-13 12:35:16.624561+00:00,UNIVERSAL_SEMANTIC_SCREEN,n504,n505
eighth_share,eighth_share:E0074,rtc_9b4ca9071fc645c99d088753dd6e6914,72c4d02f-d93a-4898-9aaa-b7560ace2520,2026-08-13 12:36:14.802929+00:00,UNIVERSAL_SEMANTIC_SCREEN,n508,n509
eighth_share,eighth_share:E0075,rtc_9b4ca9071fc645c99d088753dd6e6914,72c4d02f-d93a-4898-9aaa-b7560ace2520,2026-08-13 12:37:35.787450+00:00,UNIVERSAL_SEMANTIC_SCREEN,n524,n525
eighth_share,eighth_share:E0076,rtc_9b4ca9071fc645c99d088753dd6e6914,72c4d02f-d93a-4898-9aaa-b7560ace2520,2026-08-13 12:37:41.804284+00:00,UNIVERSAL_SEMANTIC_SCREEN,n526,n527
eighth_share,eighth_share:E0077,rtc_9b4ca9071fc645c99d088753dd6e6914,72c4d02f-d93a-4898-9aaa-b7560ace2520,2026-08-13 12:38:10.310253+00:00,UNIVERSAL_SEMANTIC_SCREEN,n528,n529
eighth_share,eighth_share:E0078,rtc_9b4ca9071fc645c99d088753dd6e6914,72c4d02f-d93a-4898-9aaa-b7560ace2520,2026-08-13 12:38:52.910785+00:00,UNIVERSAL_SEMANTIC_SCREEN,n534,n535
eighth_share,eighth_share:E0079,rtc_9b4ca9071fc645c99d088753dd6e6914,72c4d02f-d93a-4898-9aaa-b7560ace2520,2026-08-13 12:39:12.112084+00:00,UNIVERSAL_SEMANTIC_SCREEN,n538,n539
eighth_share,eighth_share:E0080,rtc_9b4ca9071fc645c99d088753dd6e6914,72c4d02f-d93a-4898-9aaa-b7560ace2520,2026-08-13 12:40:06.638113+00:00,BUSINESS_INSTITUTIONAL_SCREEN,n544,n545
eighth_share,eighth_share:E0081,rtc_9b4ca9071fc645c99d088753dd6e6914,72c4d02f-d93a-4898-9aaa-b7560ace2520,2026-08-13 12:41:16.885658+00:00,BUSINESS_INSTITUTIONAL_SCREEN;UNIVERSAL_SEMANTIC_SCREEN,n550,n551
eighth_share,eighth_share:E0082,rtc_9b4ca9071fc645c99d088753dd6e6914,72c4d02f-d93a-4898-9aaa-b7560ace2520,2026-08-13 12:41:24.545413+00:00,UNIVERSAL_SEMANTIC_SCREEN,n552,n553
eighth_share,eighth_share:E0083,rtc_9b4ca9071fc645c99d088753dd6e6914,72c4d02f-d93a-4898-9aaa-b7560ace2520,2026-08-13 12:41:43.769492+00:00,BUSINESS_INSTITUTIONAL_SCREEN,n554,n555
eighth_share,eighth_share:E0084,rtc_9b4ca9071fc645c99d088753dd6e6914,72c4d02f-d93a-4898-9aaa-b7560ace2520,2026-08-13 12:41:55.755726+00:00,UNIVERSAL_SEMANTIC_SCREEN,n556,ABSENT
eighth_share,eighth_share:E0085,rtc_9b4ca9071fc645c99d088753dd6e6914,72c4d02f-d93a-4898-9aaa-b7560ace2520,2026-08-13 12:41:57.847871+00:00,UNIVERSAL_SEMANTIC_SCREEN,n560,n561
eighth_share,eighth_share:E0086,rtc_9b4ca9071fc645c99d088753dd6e6914,72c4d02f-d93a-4898-9aaa-b7560ace2520,2026-08-13 12:42:42.834077+00:00,BUSINESS_INSTITUTIONAL_SCREEN,n567,n568
eighth_share,eighth_share:E0087,rtc_9b4ca9071fc645c99d088753dd6e6914,72c4d02f-d93a-4898-9aaa-b7560ace2520,2026-08-13 12:43:03.904349+00:00,UNIVERSAL_SEMANTIC_SCREEN,n571,n572
eighth_share,eighth_share:E0088,rtc_9b4ca9071fc645c99d088753dd6e6914,72c4d02f-d93a-4898-9aaa-b7560ace2520,2026-08-13 12:43:19.986504+00:00,BUSINESS_INSTITUTIONAL_SCREEN,n573,n574
eighth_share,eighth_share:E0089,rtc_9b4ca9071fc645c99d088753dd6e6914,72c4d02f-d93a-4898-9aaa-b7560ace2520,2026-08-13 12:43:48.641173+00:00,BUSINESS_INSTITUTIONAL_SCREEN;UNIVERSAL_SEMANTIC_SCREEN,n575,n576
eighth_share,eighth_share:E0090,rtc_9b4ca9071fc645c99d088753dd6e6914,72c4d02f-d93a-4898-9aaa-b7560ace2520,2026-08-13 12:45:06.949810+00:00,UNIVERSAL_SEMANTIC_SCREEN,n581,n582
eighth_share,eighth_share:E0091,rtc_9b4ca9071fc645c99d088753dd6e6914,72c4d02f-d93a-4898-9aaa-b7560ace2520,2026-08-13 12:45:32.842339+00:00,UNIVERSAL_SEMANTIC_SCREEN,n583,n584
eighth_share,eighth_share:E0092,rtc_9b4ca9071fc645c99d088753dd6e6914,72c4d02f-d93a-4898-9aaa-b7560ace2520,2026-08-13 12:46:12.242012+00:00,BUSINESS_INSTITUTIONAL_SCREEN;FROZEN_INFERENCE_OPPORTUNITY;UNIVERSAL_SEMANTIC_SCREEN,n585;n587,n586;n588
eighth_share,eighth_share:E0093,rtc_9b4ca9071fc645c99d088753dd6e6914,72c4d02f-d93a-4898-9aaa-b7560ace2520,2026-08-13 12:46:58.412656+00:00,UNIVERSAL_SEMANTIC_SCREEN,n589,n590
eighth_share,eighth_share:E0094,rtc_9b4ca9071fc645c99d088753dd6e6914,72c4d02f-d93a-4898-9aaa-b7560ace2520,2026-08-13 12:47:55.592724+00:00,BUSINESS_INSTITUTIONAL_SCREEN;UNIVERSAL_SEMANTIC_SCREEN,n599,n600
eighth_share,eighth_share:E0095,rtc_9b4ca9071fc645c99d088753dd6e6914,72c4d02f-d93a-4898-9aaa-b7560ace2520,2026-08-13 12:48:24.814222+00:00,BUSINESS_INSTITUTIONAL_SCREEN,n601,n602
eighth_share,eighth_share:E0096,rtc_9b4ca9071fc645c99d088753dd6e6914,72c4d02f-d93a-4898-9aaa-b7560ace2520,2026-08-13 12:49:54.036096+00:00,BUSINESS_INSTITUTIONAL_SCREEN,n609,n610
eighth_share,eighth_share:E0097,rtc_9b4ca9071fc645c99d088753dd6e6914,72c4d02f-d93a-4898-9aaa-b7560ace2520,2026-08-13 12:50:07.038188+00:00,UNIVERSAL_SEMANTIC_SCREEN,n614,n615
eighth_share,eighth_share:E0098,rtc_9b4ca9071fc645c99d088753dd6e6914,72c4d02f-d93a-4898-9aaa-b7560ace2520,2026-08-13 12:50:33.039519+00:00,UNIVERSAL_SEMANTIC_SCREEN,n616,ABSENT
eighth_share,eighth_share:E0099,rtc_9b4ca9071fc645c99d088753dd6e6914,72c4d02f-d93a-4898-9aaa-b7560ace2520,2026-08-13 12:50:42.968168+00:00,UNIVERSAL_SEMANTIC_SCREEN,n618,ABSENT
eighth_share,eighth_share:E0100,rtc_9b4ca9071fc645c99d088753dd6e6914,72c4d02f-d93a-4898-9aaa-b7560ace2520,2026-08-13 12:50:51.101114+00:00,UNIVERSAL_SEMANTIC_SCREEN,n623,n625
eighth_share,eighth_share:E0101,rtc_9b4ca9071fc645c99d088753dd6e6914,72c4d02f-d93a-4898-9aaa-b7560ace2520,2026-08-13 12:51:35.473834+00:00,BUSINESS_INSTITUTIONAL_SCREEN;UNIVERSAL_SEMANTIC_SCREEN,n626,n627
eighth_share,eighth_share:E0102,rtc_9b4ca9071fc645c99d088753dd6e6914,72c4d02f-d93a-4898-9aaa-b7560ace2520,2026-08-13 12:51:47.282666+00:00,BUSINESS_INSTITUTIONAL_SCREEN,n634,n635
eighth_share,eighth_share:E0103,rtc_9b4ca9071fc645c99d088753dd6e6914,72c4d02f-d93a-4898-9aaa-b7560ace2520,2026-08-13 12:52:54.779094+00:00,BUSINESS_INSTITUTIONAL_SCREEN,n640,n641
eighth_share,eighth_share:E0104,rtc_9b4ca9071fc645c99d088753dd6e6914,72c4d02f-d93a-4898-9aaa-b7560ace2520,2026-08-13 12:53:25.828837+00:00,UNIVERSAL_SEMANTIC_SCREEN,n647,n651
eighth_share,eighth_share:E0105,rtc_9b4ca9071fc645c99d088753dd6e6914,72c4d02f-d93a-4898-9aaa-b7560ace2520,2026-08-13 12:53:56.614602+00:00,UNIVERSAL_SEMANTIC_SCREEN,n656,ABSENT
eighth_share,eighth_share:E0106,rtc_9b4ca9071fc645c99d088753dd6e6914,72c4d02f-d93a-4898-9aaa-b7560ace2520,2026-08-13 12:54:07.452659+00:00,UNIVERSAL_SEMANTIC_SCREEN,n658,ABSENT
eighth_share,eighth_share:E0107,rtc_9b4ca9071fc645c99d088753dd6e6914,72c4d02f-d93a-4898-9aaa-b7560ace2520,2026-08-13 12:54:10.118736+00:00,BUSINESS_INSTITUTIONAL_SCREEN,n660,n661;n664
eighth_share,eighth_share:E0108,rtc_9b4ca9071fc645c99d088753dd6e6914,72c4d02f-d93a-4898-9aaa-b7560ace2520,2026-08-13 12:55:09.308057+00:00,UNIVERSAL_SEMANTIC_SCREEN,n669,n670
eighth_share,eighth_share:E0109,rtc_9b4ca9071fc645c99d088753dd6e6914,72c4d02f-d93a-4898-9aaa-b7560ace2520,2026-08-13 12:55:29.847375+00:00,BUSINESS_INSTITUTIONAL_SCREEN;UNIVERSAL_SEMANTIC_SCREEN,n671,n672
eighth_share,eighth_share:E0110,rtc_9b4ca9071fc645c99d088753dd6e6914,72c4d02f-d93a-4898-9aaa-b7560ace2520,2026-08-13 12:55:41.613817+00:00,BUSINESS_INSTITUTIONAL_SCREEN,n673,n674
eighth_share,eighth_share:E0111,rtc_9b4ca9071fc645c99d088753dd6e6914,72c4d02f-d93a-4898-9aaa-b7560ace2520,2026-08-13 12:56:09.733397+00:00,BUSINESS_INSTITUTIONAL_SCREEN;UNIVERSAL_SEMANTIC_SCREEN,n675,n676
eighth_share,eighth_share:E0112,rtc_9b4ca9071fc645c99d088753dd6e6914,72c4d02f-d93a-4898-9aaa-b7560ace2520,2026-08-13 12:56:32.677146+00:00,BUSINESS_INSTITUTIONAL_SCREEN;UNIVERSAL_SEMANTIC_SCREEN,n677,n678
eighth_share,eighth_share:E0113,rtc_9b4ca9071fc645c99d088753dd6e6914,72c4d02f-d93a-4898-9aaa-b7560ace2520,2026-08-13 12:58:06.628522+00:00,BUSINESS_INSTITUTIONAL_SCREEN,n689,n690
eighth_share,eighth_share:E0114,rtc_9b4ca9071fc645c99d088753dd6e6914,72c4d02f-d93a-4898-9aaa-b7560ace2520,2026-08-13 12:58:23.279532+00:00,BUSINESS_INSTITUTIONAL_SCREEN,n691,n692
eighth_share,eighth_share:E0115,rtc_9b4ca9071fc645c99d088753dd6e6914,72c4d02f-d93a-4898-9aaa-b7560ace2520,2026-08-13 12:58:39.877262+00:00,UNIVERSAL_SEMANTIC_SCREEN,n695,ABSENT
eighth_share,eighth_share:E0116,rtc_9b4ca9071fc645c99d088753dd6e6914,72c4d02f-d93a-4898-9aaa-b7560ace2520,2026-08-13 12:58:59.709774+00:00,BUSINESS_INSTITUTIONAL_SCREEN;UNIVERSAL_SEMANTIC_SCREEN,n700,n701
eighth_share,eighth_share:E0117,rtc_9b4ca9071fc645c99d088753dd6e6914,72c4d02f-d93a-4898-9aaa-b7560ace2520,2026-08-13 12:59:06.172591+00:00,BUSINESS_INSTITUTIONAL_SCREEN;UNIVERSAL_SEMANTIC_SCREEN,n702,n703
eighth_share,eighth_share:E0118,rtc_9b4ca9071fc645c99d088753dd6e6914,72c4d02f-d93a-4898-9aaa-b7560ace2520,2026-08-13 13:00:48.601547+00:00,UNIVERSAL_SEMANTIC_SCREEN,n714,n715
eighth_share,eighth_share:E0119,rtc_9b4ca9071fc645c99d088753dd6e6914,72c4d02f-d93a-4898-9aaa-b7560ace2520,2026-08-13 13:02:23.571943+00:00,BUSINESS_INSTITUTIONAL_SCREEN;FROZEN_INFERENCE_OPPORTUNITY,n716,n717;n725;n726
eighth_share,eighth_share:E0120,rtc_9b4ca9071fc645c99d088753dd6e6914,72c4d02f-d93a-4898-9aaa-b7560ace2520,2026-08-13 13:03:34.558853+00:00,BUSINESS_INSTITUTIONAL_SCREEN;UNIVERSAL_SEMANTIC_SCREEN,n727,n728
eighth_share,eighth_share:E0121,rtc_9b4ca9071fc645c99d088753dd6e6914,72c4d02f-d93a-4898-9aaa-b7560ace2520,2026-08-13 13:04:25.583575+00:00,BUSINESS_INSTITUTIONAL_SCREEN;UNIVERSAL_SEMANTIC_SCREEN,n731,n732
eighth_share,eighth_share:E0122,rtc_9b4ca9071fc645c99d088753dd6e6914,72c4d02f-d93a-4898-9aaa-b7560ace2520,2026-08-13 13:05:12.247013+00:00,BUSINESS_INSTITUTIONAL_SCREEN,n733,n734
eighth_share,eighth_share:E0123,rtc_9b4ca9071fc645c99d088753dd6e6914,72c4d02f-d93a-4898-9aaa-b7560ace2520,2026-08-13 13:05:42.390694+00:00,BUSINESS_INSTITUTIONAL_SCREEN,n738,n739;n745
eighth_share,eighth_share:E0124,rtc_9b4ca9071fc645c99d088753dd6e6914,72c4d02f-d93a-4898-9aaa-b7560ace2520,2026-08-13 13:06:18.203106+00:00,UNIVERSAL_SEMANTIC_SCREEN,n748,ABSENT
eighth_share,eighth_share:E0125,rtc_9b4ca9071fc645c99d088753dd6e6914,72c4d02f-d93a-4898-9aaa-b7560ace2520,2026-08-13 13:06:46.505767+00:00,UNIVERSAL_SEMANTIC_SCREEN,n750,ABSENT
eighth_share,eighth_share:E0126,rtc_9b4ca9071fc645c99d088753dd6e6914,72c4d02f-d93a-4898-9aaa-b7560ace2520,2026-08-13 13:07:35.038011+00:00,BUSINESS_INSTITUTIONAL_SCREEN,n761,n762
eighth_share,eighth_share:E0127,rtc_9b4ca9071fc645c99d088753dd6e6914,72c4d02f-d93a-4898-9aaa-b7560ace2520,2026-08-13 13:07:55.098234+00:00,UNIVERSAL_SEMANTIC_SCREEN,n765,n766
eighth_share,eighth_share:E0128,rtc_9b4ca9071fc645c99d088753dd6e6914,72c4d02f-d93a-4898-9aaa-b7560ace2520,2026-08-13 13:08:21.415824+00:00,BUSINESS_INSTITUTIONAL_SCREEN,n767,n768;n771
eighth_share,eighth_share:E0129,rtc_9b4ca9071fc645c99d088753dd6e6914,72c4d02f-d93a-4898-9aaa-b7560ace2520,2026-08-13 13:08:30.905831+00:00,UNIVERSAL_SEMANTIC_SCREEN,n772,ABSENT
eighth_share,eighth_share:E0130,rtc_9b4ca9071fc645c99d088753dd6e6914,72c4d02f-d93a-4898-9aaa-b7560ace2520,2026-08-13 13:08:51.974711+00:00,UNIVERSAL_SEMANTIC_SCREEN,n774,ABSENT
eighth_share,eighth_share:E0131,rtc_9b4ca9071fc645c99d088753dd6e6914,72c4d02f-d93a-4898-9aaa-b7560ace2520,2026-08-13 13:09:13.494482+00:00,BUSINESS_INSTITUTIONAL_SCREEN;UNIVERSAL_SEMANTIC_SCREEN,n778,n783
eighth_share,eighth_share:E0132,rtc_9b4ca9071fc645c99d088753dd6e6914,72c4d02f-d93a-4898-9aaa-b7560ace2520,2026-08-13 13:10:32.631430+00:00,UNIVERSAL_SEMANTIC_SCREEN,n784,ABSENT
eighth_share,eighth_share:E0133,rtc_9b4ca9071fc645c99d088753dd6e6914,72c4d02f-d93a-4898-9aaa-b7560ace2520,2026-08-13 13:11:23.523434+00:00,UNIVERSAL_SEMANTIC_SCREEN,n786,n792
eighth_share,eighth_share:E0134,rtc_9b4ca9071fc645c99d088753dd6e6914,72c4d02f-d93a-4898-9aaa-b7560ace2520,2026-08-13 13:11:56.712673+00:00,UNIVERSAL_SEMANTIC_SCREEN,n795,n796
eighth_share,eighth_share:E0135,rtc_9b4ca9071fc645c99d088753dd6e6914,72c4d02f-d93a-4898-9aaa-b7560ace2520,2026-08-13 13:14:00.766155+00:00,BUSINESS_INSTITUTIONAL_SCREEN,n797,n798;n802;n803
eighth_share,eighth_share:E0136,rtc_9b4ca9071fc645c99d088753dd6e6914,72c4d02f-d93a-4898-9aaa-b7560ace2520,2026-08-13 13:14:12.120622+00:00,BUSINESS_INSTITUTIONAL_SCREEN;UNIVERSAL_SEMANTIC_SCREEN,n804,n805
eighth_share,eighth_share:E0137,rtc_9b4ca9071fc645c99d088753dd6e6914,72c4d02f-d93a-4898-9aaa-b7560ace2520,2026-08-13 13:14:43.346939+00:00,BUSINESS_INSTITUTIONAL_SCREEN,n806,n807
eighth_share,eighth_share:E0138,rtc_9b4ca9071fc645c99d088753dd6e6914,72c4d02f-d93a-4898-9aaa-b7560ace2520,2026-08-13 13:15:45.494124+00:00,BUSINESS_INSTITUTIONAL_SCREEN;UNIVERSAL_SEMANTIC_SCREEN,n808,n809;n812
eighth_share,eighth_share:E0139,rtc_9b4ca9071fc645c99d088753dd6e6914,72c4d02f-d93a-4898-9aaa-b7560ace2520,2026-08-13 13:16:01.706664+00:00,UNIVERSAL_SEMANTIC_SCREEN,n813,n814
eighth_share,eighth_share:E0140,rtc_9b4ca9071fc645c99d088753dd6e6914,72c4d02f-d93a-4898-9aaa-b7560ace2520,2026-08-13 13:17:32.514543+00:00,BUSINESS_INSTITUTIONAL_SCREEN,n815,n816;n820
eighth_share,eighth_share:E0141,rtc_9b4ca9071fc645c99d088753dd6e6914,72c4d02f-d93a-4898-9aaa-b7560ace2520,2026-08-13 13:17:51.463668+00:00,BUSINESS_INSTITUTIONAL_SCREEN,n821,n822
eighth_share,eighth_share:E0142,rtc_9b4ca9071fc645c99d088753dd6e6914,72c4d02f-d93a-4898-9aaa-b7560ace2520,2026-08-13 13:18:43.773182+00:00,BUSINESS_INSTITUTIONAL_SCREEN,n823,n824;n827
eighth_share,eighth_share:E0143,rtc_9b4ca9071fc645c99d088753dd6e6914,72c4d02f-d93a-4898-9aaa-b7560ace2520,2026-08-13 13:18:57.221948+00:00,AGENCY_NEUTRAL_OPPORTUNITY;AO30_EVENT;BUSINESS_INSTITUTIONAL_SCREEN;FROZEN_INFERENCE_OPPORTUNITY;UNIVERSAL_SEMANTIC_SCREEN,n828;n830;n835;n842;n849,n829;n831;n834;n836;n839;n843;n846;n850;n851;n854
eighth_share,eighth_share:E0144,rtc_9b4ca9071fc645c99d088753dd6e6914,72c4d02f-d93a-4898-9aaa-b7560ace2520,2026-08-13 13:25:16.484326+00:00,BUSINESS_INSTITUTIONAL_SCREEN,n855,n856;n859
eighth_share,eighth_share:E0145,rtc_9b4ca9071fc645c99d088753dd6e6914,72c4d02f-d93a-4898-9aaa-b7560ace2520,2026-08-13 13:26:59.369038+00:00,BUSINESS_INSTITUTIONAL_SCREEN,n860,n861;n864
eighth_share,eighth_share:E0146,rtc_9b4ca9071fc645c99d088753dd6e6914,72c4d02f-d93a-4898-9aaa-b7560ace2520,2026-08-13 13:28:03.299673+00:00,BUSINESS_INSTITUTIONAL_SCREEN;UNIVERSAL_SEMANTIC_SCREEN,n865,n866;n869
eighth_share,eighth_share:E0147,rtc_9b4ca9071fc645c99d088753dd6e6914,72c4d02f-d93a-4898-9aaa-b7560ace2520,2026-08-13 13:28:54.432411+00:00,BUSINESS_INSTITUTIONAL_SCREEN;UNIVERSAL_SEMANTIC_SCREEN,n870,n871
eighth_share,eighth_share:E0148,rtc_9b4ca9071fc645c99d088753dd6e6914,72c4d02f-d93a-4898-9aaa-b7560ace2520,2026-08-13 13:29:44.338252+00:00,BUSINESS_INSTITUTIONAL_SCREEN,n875,n876;n885
eighth_share,eighth_share:E0149,rtc_9b4ca9071fc645c99d088753dd6e6914,72c4d02f-d93a-4898-9aaa-b7560ace2520,2026-08-13 13:30:37.149388+00:00,BUSINESS_INSTITUTIONAL_SCREEN,n891,n892
eighth_share,eighth_share:E0150,rtc_9b4ca9071fc645c99d088753dd6e6914,72c4d02f-d93a-4898-9aaa-b7560ace2520,2026-08-13 13:31:32.770202+00:00,BUSINESS_INSTITUTIONAL_SCREEN,n897,n898;n902
eighth_share,eighth_share:E0151,rtc_9b4ca9071fc645c99d088753dd6e6914,72c4d02f-d93a-4898-9aaa-b7560ace2520,2026-08-13 13:33:43.697127+00:00,BUSINESS_INSTITUTIONAL_SCREEN;FROZEN_INFERENCE_OPPORTUNITY,n907,n908;n911
eighth_share,eighth_share:E0152,rtc_9b4ca9071fc645c99d088753dd6e6914,72c4d02f-d93a-4898-9aaa-b7560ace2520,2026-08-13 13:33:59.004354+00:00,UNIVERSAL_SEMANTIC_SCREEN,n912,n913
eighth_share,eighth_share:E0153,rtc_9b4ca9071fc645c99d088753dd6e6914,72c4d02f-d93a-4898-9aaa-b7560ace2520,2026-08-13 13:34:31.898675+00:00,BUSINESS_INSTITUTIONAL_SCREEN;UNIVERSAL_SEMANTIC_SCREEN,n914,n915
eighth_share,eighth_share:E0154,rtc_9b4ca9071fc645c99d088753dd6e6914,72c4d02f-d93a-4898-9aaa-b7560ace2520,2026-08-13 13:35:54.171566+00:00,BUSINESS_INSTITUTIONAL_SCREEN,n920,n921;n926
eighth_share,eighth_share:E0155,rtc_9b4ca9071fc645c99d088753dd6e6914,72c4d02f-d93a-4898-9aaa-b7560ace2520,2026-08-13 13:36:26.327711+00:00,BUSINESS_INSTITUTIONAL_SCREEN,n927,n928;n933
eighth_share,eighth_share:E0156,rtc_9b4ca9071fc645c99d088753dd6e6914,72c4d02f-d93a-4898-9aaa-b7560ace2520,2026-08-13 13:36:50.910558+00:00,UNIVERSAL_SEMANTIC_SCREEN,n934,n935
eighth_share,eighth_share:E0157,rtc_9b4ca9071fc645c99d088753dd6e6914,72c4d02f-d93a-4898-9aaa-b7560ace2520,2026-08-13 13:37:36.139564+00:00,UNIVERSAL_SEMANTIC_SCREEN,n938,n939
eighth_share,eighth_share:E0158,rtc_9b4ca9071fc645c99d088753dd6e6914,72c4d02f-d93a-4898-9aaa-b7560ace2520,2026-08-13 13:38:27.906298+00:00,BUSINESS_INSTITUTIONAL_SCREEN,n940,n941;n944
eighth_share,eighth_share:E0159,rtc_9b4ca9071fc645c99d088753dd6e6914,72c4d02f-d93a-4898-9aaa-b7560ace2520,2026-08-13 13:39:34.612294+00:00,BUSINESS_INSTITUTIONAL_SCREEN;UNIVERSAL_SEMANTIC_SCREEN,n945,n946;n949
eighth_share,eighth_share:E0160,rtc_9b4ca9071fc645c99d088753dd6e6914,72c4d02f-d93a-4898-9aaa-b7560ace2520,2026-08-13 13:40:58.438331+00:00,UNIVERSAL_SEMANTIC_SCREEN,n954,n955
eighth_share,eighth_share:E0161,rtc_9b4ca9071fc645c99d088753dd6e6914,72c4d02f-d93a-4898-9aaa-b7560ace2520,2026-08-13 13:41:42.433314+00:00,BUSINESS_INSTITUTIONAL_SCREEN;UNIVERSAL_SEMANTIC_SCREEN,n956,n957;n960
eighth_share,eighth_share:E0162,rtc_9b4ca9071fc645c99d088753dd6e6914,72c4d02f-d93a-4898-9aaa-b7560ace2520,2026-08-13 13:43:02.480407+00:00,UNIVERSAL_SEMANTIC_SCREEN,n961,n962
eighth_share,eighth_share:E0163,rtc_9b4ca9071fc645c99d088753dd6e6914,72c4d02f-d93a-4898-9aaa-b7560ace2520,2026-08-13 13:43:36.110963+00:00,BUSINESS_INSTITUTIONAL_SCREEN,n965,n966
eighth_share,eighth_share:E0164,rtc_9b4ca9071fc645c99d088753dd6e6914,72c4d02f-d93a-4898-9aaa-b7560ace2520,2026-08-13 13:45:18.506190+00:00,BUSINESS_INSTITUTIONAL_SCREEN;UNIVERSAL_SEMANTIC_SCREEN,n969,n970;n973
eighth_share,eighth_share:E0165,rtc_9b4ca9071fc645c99d088753dd6e6914,72c4d02f-d93a-4898-9aaa-b7560ace2520,2026-08-13 13:46:44.017189+00:00,BUSINESS_INSTITUTIONAL_SCREEN;FROZEN_INFERENCE_OPPORTUNITY;UNIVERSAL_SEMANTIC_SCREEN,n974,n975;n979
eighth_share,eighth_share:E0166,rtc_9b4ca9071fc645c99d088753dd6e6914,72c4d02f-d93a-4898-9aaa-b7560ace2520,2026-08-13 13:46:59.012021+00:00,BUSINESS_INSTITUTIONAL_SCREEN;UNIVERSAL_SEMANTIC_SCREEN,n980,n981
eighth_share,eighth_share:E0167,rtc_9b4ca9071fc645c99d088753dd6e6914,72c4d02f-d93a-4898-9aaa-b7560ace2520,2026-08-13 13:47:33.553701+00:00,UNIVERSAL_SEMANTIC_SCREEN,n986,n987
eighth_share,eighth_share:E0168,rtc_9b4ca9071fc645c99d088753dd6e6914,72c4d02f-d93a-4898-9aaa-b7560ace2520,2026-08-13 13:49:18.747002+00:00,BUSINESS_INSTITUTIONAL_SCREEN;UNIVERSAL_SEMANTIC_SCREEN,n996,n997;n1005
eighth_share,eighth_share:E0169,rtc_9b4ca9071fc645c99d088753dd6e6914,72c4d02f-d93a-4898-9aaa-b7560ace2520,2026-08-13 13:49:51.543265+00:00,BUSINESS_INSTITUTIONAL_SCREEN;UNIVERSAL_SEMANTIC_SCREEN,n1006,n1007
eighth_share,eighth_share:E0170,rtc_9b4ca9071fc645c99d088753dd6e6914,72c4d02f-d93a-4898-9aaa-b7560ace2520,2026-08-13 13:51:27.606936+00:00,UNIVERSAL_SEMANTIC_SCREEN,n1010,n1011
eighth_share,eighth_share:E0171,rtc_9b4ca9071fc645c99d088753dd6e6914,72c4d02f-d93a-4898-9aaa-b7560ace2520,2026-08-13 13:51:47.889508+00:00,UNIVERSAL_SEMANTIC_SCREEN,n1012,n1013
eighth_share,eighth_share:E0172,rtc_9b4ca9071fc645c99d088753dd6e6914,72c4d02f-d93a-4898-9aaa-b7560ace2520,2026-08-13 13:52:49.685139+00:00,BUSINESS_INSTITUTIONAL_SCREEN;UNIVERSAL_SEMANTIC_SCREEN,n1018;n1020,n1019;n1021
eighth_share,eighth_share:E0173,rtc_9b4ca9071fc645c99d088753dd6e6914,72c4d02f-d93a-4898-9aaa-b7560ace2520,2026-08-13 13:53:21.370120+00:00,BUSINESS_INSTITUTIONAL_SCREEN;UNIVERSAL_SEMANTIC_SCREEN,n1022,n1023
eighth_share,eighth_share:E0174,rtc_9b4ca9071fc645c99d088753dd6e6914,72c4d02f-d93a-4898-9aaa-b7560ace2520,2026-08-13 13:53:44.151149+00:00,UNIVERSAL_SEMANTIC_SCREEN,n1024,n1025
eighth_share,eighth_share:E0175,rtc_9b4ca9071fc645c99d088753dd6e6914,72c4d02f-d93a-4898-9aaa-b7560ace2520,2026-08-13 13:53:58.020208+00:00,BUSINESS_INSTITUTIONAL_SCREEN;UNIVERSAL_SEMANTIC_SCREEN,n1026;n1028,n1027
eighth_share,eighth_share:E0176,rtc_9b4ca9071fc645c99d088753dd6e6914,72c4d02f-d93a-4898-9aaa-b7560ace2520,2026-08-13 13:54:48.673745+00:00,BUSINESS_INSTITUTIONAL_SCREEN;UNIVERSAL_SEMANTIC_SCREEN,n1032,n1033
eighth_share,eighth_share:E0177,rtc_9b4ca9071fc645c99d088753dd6e6914,72c4d02f-d93a-4898-9aaa-b7560ace2520,2026-08-13 13:55:07.056036+00:00,BUSINESS_INSTITUTIONAL_SCREEN,n1034,n1035
eighth_share,eighth_share:E0178,rtc_9b4ca9071fc645c99d088753dd6e6914,72c4d02f-d93a-4898-9aaa-b7560ace2520,2026-08-13 13:55:26.177396+00:00,BUSINESS_INSTITUTIONAL_SCREEN;UNIVERSAL_SEMANTIC_SCREEN,n1036,n1037
eighth_share,eighth_share:E0179,rtc_9b4ca9071fc645c99d088753dd6e6914,72c4d02f-d93a-4898-9aaa-b7560ace2520,2026-08-13 13:56:16.694082+00:00,BUSINESS_INSTITUTIONAL_SCREEN;UNIVERSAL_SEMANTIC_SCREEN,n1040,n1041
eighth_share,eighth_share:E0180,rtc_9b4ca9071fc645c99d088753dd6e6914,72c4d02f-d93a-4898-9aaa-b7560ace2520,2026-08-13 13:56:45.016275+00:00,UNIVERSAL_SEMANTIC_SCREEN,n1042,n1043;n1044
eighth_share,eighth_share:E0181,rtc_9b4ca9071fc645c99d088753dd6e6914,72c4d02f-d93a-4898-9aaa-b7560ace2520,2026-08-13 13:57:05.893542+00:00,UNIVERSAL_SEMANTIC_SCREEN,n1045,n1046
eighth_share,eighth_share:E0182,rtc_9b4ca9071fc645c99d088753dd6e6914,72c4d02f-d93a-4898-9aaa-b7560ace2520,2026-08-13 13:58:00.696331+00:00,BUSINESS_INSTITUTIONAL_SCREEN;RTC_RULE_EPISODE;UNIVERSAL_SEMANTIC_SCREEN,n1049;n1051;n1059;n1064;n1079;n1081;n1089,n1048;n1050;n1052;n1058;n1063;n1068;n1074;n1080;n1082;n1088;n1095
eighth_share,eighth_share:E0183,rtc_05fed56a0d45434097f44029055406cd,8f1c9693-30e8-4fe3-8e04-57a73bff0e42,2026-08-13 14:14:59.372863+00:00,BUSINESS_INSTITUTIONAL_SCREEN,n1096,n1097;n1103
eighth_share,eighth_share:E0184,rtc_05fed56a0d45434097f44029055406cd,8f1c9693-30e8-4fe3-8e04-57a73bff0e42,2026-08-13 14:15:31.764040+00:00,UNIVERSAL_SEMANTIC_SCREEN,n1104,n1105
eighth_share,eighth_share:E0185,rtc_05fed56a0d45434097f44029055406cd,8f1c9693-30e8-4fe3-8e04-57a73bff0e42,2026-08-13 14:17:08.307375+00:00,BUSINESS_INSTITUTIONAL_SCREEN;UNIVERSAL_SEMANTIC_SCREEN,n1106;n1111,n1107;n1110;n1115
eighth_share,eighth_share:E0186,rtc_05fed56a0d45434097f44029055406cd,8f1c9693-30e8-4fe3-8e04-57a73bff0e42,2026-08-13 14:20:13.558478+00:00,BUSINESS_INSTITUTIONAL_SCREEN;UNIVERSAL_SEMANTIC_SCREEN,n1118;n1122,n1121;n1126
eighth_share,eighth_share:E0187,rtc_05fed56a0d45434097f44029055406cd,8f1c9693-30e8-4fe3-8e04-57a73bff0e42,2026-08-13 14:21:58.364295+00:00,BUSINESS_INSTITUTIONAL_SCREEN;UNIVERSAL_SEMANTIC_SCREEN,n1129,n1130
eighth_share,eighth_share:E0188,rtc_05fed56a0d45434097f44029055406cd,8f1c9693-30e8-4fe3-8e04-57a73bff0e42,2026-08-13 14:23:01.208934+00:00,UNIVERSAL_SEMANTIC_SCREEN,n1136,n1140
eighth_share,eighth_share:E0189,rtc_05fed56a0d45434097f44029055406cd,8f1c9693-30e8-4fe3-8e04-57a73bff0e42,2026-08-13 14:24:27.320637+00:00,BUSINESS_INSTITUTIONAL_SCREEN;UNIVERSAL_SEMANTIC_SCREEN,n1141;n1146;n1151;n1156,n1142;n1145;n1150;n1155;n1160
eighth_share,eighth_share:E0190,rtc_05fed56a0d45434097f44029055406cd,8f1c9693-30e8-4fe3-8e04-57a73bff0e42,2026-08-13 14:32:08.738604+00:00,BUSINESS_INSTITUTIONAL_SCREEN;UNIVERSAL_SEMANTIC_SCREEN,n1161,n1162;n1165
eighth_share,eighth_share:E0191,rtc_05fed56a0d45434097f44029055406cd,8f1c9693-30e8-4fe3-8e04-57a73bff0e42,2026-08-13 14:32:10.392598+00:00,BUSINESS_INSTITUTIONAL_SCREEN;UNIVERSAL_SEMANTIC_SCREEN,n1166;n1168,n1167;n1169
eighth_share,eighth_share:E0192,rtc_05fed56a0d45434097f44029055406cd,8f1c9693-30e8-4fe3-8e04-57a73bff0e42,2026-08-13 14:37:03.288747+00:00,BUSINESS_INSTITUTIONAL_SCREEN;UNIVERSAL_SEMANTIC_SCREEN,n1170,n1171
eighth_share,eighth_share:E0193,rtc_05fed56a0d45434097f44029055406cd,8f1c9693-30e8-4fe3-8e04-57a73bff0e42,2026-08-13 14:37:48.733615+00:00,BUSINESS_INSTITUTIONAL_SCREEN;UNIVERSAL_SEMANTIC_SCREEN,n1172,n1173;n1174
eighth_share,eighth_share:E0194,rtc_05fed56a0d45434097f44029055406cd,8f1c9693-30e8-4fe3-8e04-57a73bff0e42,2026-08-13 14:40:58.918449+00:00,BUSINESS_INSTITUTIONAL_SCREEN;FROZEN_INFERENCE_OPPORTUNITY;UNIVERSAL_SEMANTIC_SCREEN,n1177;n1179,n1178;n1180
eighth_share,eighth_share:E0195,rtc_05fed56a0d45434097f44029055406cd,8f1c9693-30e8-4fe3-8e04-57a73bff0e42,2026-08-13 14:43:34.795322+00:00,BUSINESS_INSTITUTIONAL_SCREEN;FROZEN_INFERENCE_OPPORTUNITY;RTC_RULE_EPISODE;UNIVERSAL_SEMANTIC_SCREEN,n1183;n1185;n1191;n1201;n1206;n1209;n1217;n1221,n1184;n1186;n1189;n1190;n1195;n1202;n1205;n1216;n1218;n1222
eighth_share,eighth_share:E0196,rtc_df761304dbe646afb43bde31a488a5ce,2a99880a-6f4f-4187-bea3-eb30615a3190,2026-08-13 14:53:19.245270+00:00,BUSINESS_INSTITUTIONAL_SCREEN;UNIVERSAL_SEMANTIC_SCREEN,n1225,n1226
eighth_share,eighth_share:E0197,rtc_df761304dbe646afb43bde31a488a5ce,2a99880a-6f4f-4187-bea3-eb30615a3190,2026-08-13 14:54:14.569833+00:00,BUSINESS_INSTITUTIONAL_SCREEN;UNIVERSAL_SEMANTIC_SCREEN,n1227;n1232,n1228;n1231;n1236
eighth_share,eighth_share:E0198,rtc_df761304dbe646afb43bde31a488a5ce,2a99880a-6f4f-4187-bea3-eb30615a3190,2026-08-13 14:58:40.519386+00:00,BUSINESS_INSTITUTIONAL_SCREEN;UNIVERSAL_SEMANTIC_SCREEN,n1237,n1238;n1241
eighth_share,eighth_share:E0199,rtc_df761304dbe646afb43bde31a488a5ce,2a99880a-6f4f-4187-bea3-eb30615a3190,2026-08-13 15:00:09.648142+00:00,BUSINESS_INSTITUTIONAL_SCREEN;FROZEN_INFERENCE_OPPORTUNITY;UNIVERSAL_SEMANTIC_SCREEN,n1242,n1250;n1252
eighth_share,eighth_share:E0200,rtc_df761304dbe646afb43bde31a488a5ce,2a99880a-6f4f-4187-bea3-eb30615a3190,2026-08-13 15:02:56.309316+00:00,BUSINESS_INSTITUTIONAL_SCREEN;UNIVERSAL_SEMANTIC_SCREEN,n1253;n1263,n1254;n1264
eighth_share,eighth_share:E0201,rtc_df761304dbe646afb43bde31a488a5ce,2a99880a-6f4f-4187-bea3-eb30615a3190,2026-08-13 15:05:06.335741+00:00,BUSINESS_INSTITUTIONAL_SCREEN;UNIVERSAL_SEMANTIC_SCREEN,n1265,n1266;n1269
eighth_share,eighth_share:E0202,rtc_df761304dbe646afb43bde31a488a5ce,2a99880a-6f4f-4187-bea3-eb30615a3190,2026-08-13 15:05:48.903078+00:00,BUSINESS_INSTITUTIONAL_SCREEN,n1270,n1271;n1275
eighth_share,eighth_share:E0203,rtc_df761304dbe646afb43bde31a488a5ce,2a99880a-6f4f-4187-bea3-eb30615a3190,2026-08-13 15:06:50.506683+00:00,BUSINESS_INSTITUTIONAL_SCREEN;UNIVERSAL_SEMANTIC_SCREEN,n1276,n1277;n1280
eighth_share,eighth_share:E0204,rtc_df761304dbe646afb43bde31a488a5ce,2a99880a-6f4f-4187-bea3-eb30615a3190,2026-08-13 15:07:20.466847+00:00,UNIVERSAL_SEMANTIC_SCREEN,n1281,n1282
eighth_share,eighth_share:E0205,rtc_df761304dbe646afb43bde31a488a5ce,2a99880a-6f4f-4187-bea3-eb30615a3190,2026-08-13 15:08:11.626889+00:00,BUSINESS_INSTITUTIONAL_SCREEN;UNIVERSAL_SEMANTIC_SCREEN,n1283;n1287,n1286;n1288
eighth_share,eighth_share:E0206,rtc_df761304dbe646afb43bde31a488a5ce,2a99880a-6f4f-4187-bea3-eb30615a3190,2026-08-13 15:10:12.845543+00:00,BUSINESS_INSTITUTIONAL_SCREEN;UNIVERSAL_SEMANTIC_SCREEN,n1289,n1290;n1293
eighth_share,eighth_share:E0207,rtc_df761304dbe646afb43bde31a488a5ce,2a99880a-6f4f-4187-bea3-eb30615a3190,2026-08-13 15:11:37.251819+00:00,BUSINESS_INSTITUTIONAL_SCREEN;UNIVERSAL_SEMANTIC_SCREEN,n1294,n1295;n1298
eighth_share,eighth_share:E0208,rtc_df761304dbe646afb43bde31a488a5ce,2a99880a-6f4f-4187-bea3-eb30615a3190,2026-08-13 15:13:45.210566+00:00,BUSINESS_INSTITUTIONAL_SCREEN;UNIVERSAL_SEMANTIC_SCREEN,n1299,n1300;n1303
eighth_share,eighth_share:E0209,rtc_df761304dbe646afb43bde31a488a5ce,2a99880a-6f4f-4187-bea3-eb30615a3190,2026-08-13 15:14:11.825208+00:00,BUSINESS_INSTITUTIONAL_SCREEN,n1304,n1305
eighth_share,eighth_share:E0210,rtc_df761304dbe646afb43bde31a488a5ce,2a99880a-6f4f-4187-bea3-eb30615a3190,2026-08-13 15:15:03.992967+00:00,BUSINESS_INSTITUTIONAL_SCREEN;UNIVERSAL_SEMANTIC_SCREEN,n1306;n1313,n1307;n1312;n1317
eighth_share,eighth_share:E0211,rtc_df761304dbe646afb43bde31a488a5ce,2a99880a-6f4f-4187-bea3-eb30615a3190,2026-08-13 15:18:26.405390+00:00,BUSINESS_INSTITUTIONAL_SCREEN;FROZEN_INFERENCE_OPPORTUNITY;UNIVERSAL_SEMANTIC_SCREEN,n1318;n1327,n1319;n1326;n1328;n1333
eighth_share,eighth_share:E0212,rtc_df761304dbe646afb43bde31a488a5ce,2a99880a-6f4f-4187-bea3-eb30615a3190,2026-08-13 15:21:38.127481+00:00,BUSINESS_INSTITUTIONAL_SCREEN,n1334,n1335;n1338
eighth_share,eighth_share:E0213,rtc_df761304dbe646afb43bde31a488a5ce,2a99880a-6f4f-4187-bea3-eb30615a3190,2026-08-13 15:22:58.377864+00:00,FROZEN_INFERENCE_OPPORTUNITY,n1339,n1340;n1345
eighth_share,eighth_share:E0214,rtc_df761304dbe646afb43bde31a488a5ce,2a99880a-6f4f-4187-bea3-eb30615a3190,2026-08-13 15:25:19.712808+00:00,BUSINESS_INSTITUTIONAL_SCREEN;UNIVERSAL_SEMANTIC_SCREEN,n1346,n1347;n1353
eighth_share,eighth_share:E0215,rtc_df761304dbe646afb43bde31a488a5ce,2a99880a-6f4f-4187-bea3-eb30615a3190,2026-08-13 15:27:22.648929+00:00,FROZEN_INFERENCE_OPPORTUNITY;UNIVERSAL_SEMANTIC_SCREEN,n1354,n1355;n1361
eighth_share,eighth_share:E0216,rtc_df761304dbe646afb43bde31a488a5ce,2a99880a-6f4f-4187-bea3-eb30615a3190,2026-08-13 15:27:51.105511+00:00,UNIVERSAL_SEMANTIC_SCREEN,n1362,ABSENT
eighth_share,eighth_share:E0217,rtc_df761304dbe646afb43bde31a488a5ce,2a99880a-6f4f-4187-bea3-eb30615a3190,2026-08-13 15:28:30.237619+00:00,BUSINESS_INSTITUTIONAL_SCREEN;UNIVERSAL_SEMANTIC_SCREEN,n1364,n1365;n1368
eighth_share,eighth_share:E0218,rtc_df761304dbe646afb43bde31a488a5ce,2a99880a-6f4f-4187-bea3-eb30615a3190,2026-08-13 15:29:27.974936+00:00,BUSINESS_INSTITUTIONAL_SCREEN;UNIVERSAL_SEMANTIC_SCREEN,n1369;n1371,n1370
eleventh_share,eleventh_share:E0001,rtc_e1adb8a3d2514349814e3b3311f066f9,8c24a98d-84df-4e32-8eac-cbb3a9212dd0,2026-08-02 21:12:37.902448+00:00,BUSINESS_INSTITUTIONAL_SCREEN,n13,n14
eleventh_share,eleventh_share:E0002,rtc_e1adb8a3d2514349814e3b3311f066f9,8c24a98d-84df-4e32-8eac-cbb3a9212dd0,2026-08-02 21:13:28.923216+00:00,UNIVERSAL_SEMANTIC_SCREEN,n25,n26
eleventh_share,eleventh_share:E0003,rtc_e1adb8a3d2514349814e3b3311f066f9,8c24a98d-84df-4e32-8eac-cbb3a9212dd0,2026-08-02 21:13:52.814136+00:00,UNIVERSAL_SEMANTIC_SCREEN,n27,n28
eleventh_share,eleventh_share:E0004,rtc_e1adb8a3d2514349814e3b3311f066f9,8c24a98d-84df-4e32-8eac-cbb3a9212dd0,2026-08-02 21:14:06.957651+00:00,UNIVERSAL_SEMANTIC_SCREEN,n29,n30
eleventh_share,eleventh_share:E0005,rtc_e1adb8a3d2514349814e3b3311f066f9,8c24a98d-84df-4e32-8eac-cbb3a9212dd0,2026-08-02 21:14:46.180175+00:00,UNIVERSAL_SEMANTIC_SCREEN,n38,n39
eleventh_share,eleventh_share:E0006,rtc_e1adb8a3d2514349814e3b3311f066f9,8c24a98d-84df-4e32-8eac-cbb3a9212dd0,2026-08-02 21:15:06.449238+00:00,UNIVERSAL_SEMANTIC_SCREEN,n42,n43
eleventh_share,eleventh_share:E0007,rtc_e1adb8a3d2514349814e3b3311f066f9,8c24a98d-84df-4e32-8eac-cbb3a9212dd0,2026-08-02 21:15:51.090495+00:00,UNIVERSAL_SEMANTIC_SCREEN,n44,n45
eleventh_share,eleventh_share:E0008,rtc_e1adb8a3d2514349814e3b3311f066f9,8c24a98d-84df-4e32-8eac-cbb3a9212dd0,2026-08-02 21:16:31.273647+00:00,UNIVERSAL_SEMANTIC_SCREEN,n46,n47
eleventh_share,eleventh_share:E0009,rtc_e1adb8a3d2514349814e3b3311f066f9,8c24a98d-84df-4e32-8eac-cbb3a9212dd0,2026-08-02 21:17:37.677525+00:00,UNIVERSAL_SEMANTIC_SCREEN,n53,n54
eleventh_share,eleventh_share:E0010,rtc_e1adb8a3d2514349814e3b3311f066f9,8c24a98d-84df-4e32-8eac-cbb3a9212dd0,2026-08-02 21:17:57.981066+00:00,UNIVERSAL_SEMANTIC_SCREEN,n57,n58
eleventh_share,eleventh_share:E0011,rtc_e1adb8a3d2514349814e3b3311f066f9,8c24a98d-84df-4e32-8eac-cbb3a9212dd0,2026-08-02 21:19:00.654080+00:00,BUSINESS_INSTITUTIONAL_SCREEN;FROZEN_INFERENCE_OPPORTUNITY;UNIVERSAL_SEMANTIC_SCREEN,n63,n64
eleventh_share,eleventh_share:E0012,rtc_e1adb8a3d2514349814e3b3311f066f9,8c24a98d-84df-4e32-8eac-cbb3a9212dd0,2026-08-02 21:19:19.935572+00:00,UNIVERSAL_SEMANTIC_SCREEN,n65,n66
eleventh_share,eleventh_share:E0014,rtc_e1adb8a3d2514349814e3b3311f066f9,8c24a98d-84df-4e32-8eac-cbb3a9212dd0,2026-08-02 21:19:54.339015+00:00,BUSINESS_INSTITUTIONAL_SCREEN,n71,n72;n73
eleventh_share,eleventh_share:E0013,rtc_e1adb8a3d2514349814e3b3311f066f9,8c24a98d-84df-4e32-8eac-cbb3a9212dd0,2026-08-02 21:19:55.162260+00:00,BUSINESS_INSTITUTIONAL_SCREEN;UNIVERSAL_SEMANTIC_SCREEN,n69,n70
eleventh_share,eleventh_share:E0015,rtc_e1adb8a3d2514349814e3b3311f066f9,8c24a98d-84df-4e32-8eac-cbb3a9212dd0,2026-08-02 21:20:30.788666+00:00,UNIVERSAL_SEMANTIC_SCREEN,n76,n77
eleventh_share,eleventh_share:E0016,rtc_e1adb8a3d2514349814e3b3311f066f9,8c24a98d-84df-4e32-8eac-cbb3a9212dd0,2026-08-02 21:21:19.563737+00:00,UNIVERSAL_SEMANTIC_SCREEN,n78,n79
eleventh_share,eleventh_share:E0017,rtc_e1adb8a3d2514349814e3b3311f066f9,8c24a98d-84df-4e32-8eac-cbb3a9212dd0,2026-08-02 21:21:42.141689+00:00,UNIVERSAL_SEMANTIC_SCREEN,n80,n81
eleventh_share,eleventh_share:E0018,rtc_e1adb8a3d2514349814e3b3311f066f9,8c24a98d-84df-4e32-8eac-cbb3a9212dd0,2026-08-02 21:22:19.767361+00:00,UNIVERSAL_SEMANTIC_SCREEN,n82,n83
eleventh_share,eleventh_share:E0019,rtc_e1adb8a3d2514349814e3b3311f066f9,8c24a98d-84df-4e32-8eac-cbb3a9212dd0,2026-08-02 21:22:28.871208+00:00,BUSINESS_INSTITUTIONAL_SCREEN,n84,n85;n86;n87
eleventh_share,eleventh_share:E0020,rtc_e1adb8a3d2514349814e3b3311f066f9,8c24a98d-84df-4e32-8eac-cbb3a9212dd0,2026-08-02 21:23:47.782926+00:00,BUSINESS_INSTITUTIONAL_SCREEN;UNIVERSAL_SEMANTIC_SCREEN,n96;n101;n104,n97;n98;n102;n103;n105
eleventh_share,eleventh_share:E0021,rtc_e1adb8a3d2514349814e3b3311f066f9,8c24a98d-84df-4e32-8eac-cbb3a9212dd0,2026-08-02 21:26:21.186327+00:00,UNIVERSAL_SEMANTIC_SCREEN,n106,n107
eleventh_share,eleventh_share:E0022,rtc_e1adb8a3d2514349814e3b3311f066f9,8c24a98d-84df-4e32-8eac-cbb3a9212dd0,2026-08-02 21:27:04.566084+00:00,BUSINESS_INSTITUTIONAL_SCREEN;UNIVERSAL_SEMANTIC_SCREEN,n112;n115,n113;n114;n116
eleventh_share,eleventh_share:E0023,rtc_e1adb8a3d2514349814e3b3311f066f9,8c24a98d-84df-4e32-8eac-cbb3a9212dd0,2026-08-02 21:30:10.173685+00:00,UNIVERSAL_SEMANTIC_SCREEN,n131,n132;n133
eleventh_share,eleventh_share:E0024,rtc_e1adb8a3d2514349814e3b3311f066f9,8c24a98d-84df-4e32-8eac-cbb3a9212dd0,2026-08-02 21:30:45.718080+00:00,BUSINESS_INSTITUTIONAL_SCREEN;UNIVERSAL_SEMANTIC_SCREEN,n134,n135
eleventh_share,eleventh_share:E0025,rtc_e1adb8a3d2514349814e3b3311f066f9,8c24a98d-84df-4e32-8eac-cbb3a9212dd0,2026-08-02 21:31:04.797204+00:00,BUSINESS_INSTITUTIONAL_SCREEN;UNIVERSAL_SEMANTIC_SCREEN,n136,n137
eleventh_share,eleventh_share:E0026,rtc_e1adb8a3d2514349814e3b3311f066f9,8c24a98d-84df-4e32-8eac-cbb3a9212dd0,2026-08-02 21:31:36.461127+00:00,UNIVERSAL_SEMANTIC_SCREEN,n138,n139
eleventh_share,eleventh_share:E0027,rtc_e1adb8a3d2514349814e3b3311f066f9,8c24a98d-84df-4e32-8eac-cbb3a9212dd0,2026-08-02 21:31:55.679980+00:00,BUSINESS_INSTITUTIONAL_SCREEN,n140,n141
eleventh_share,eleventh_share:E0028,rtc_e1adb8a3d2514349814e3b3311f066f9,8c24a98d-84df-4e32-8eac-cbb3a9212dd0,2026-08-02 21:32:59.628783+00:00,BUSINESS_INSTITUTIONAL_SCREEN,n150,n151
eleventh_share,eleventh_share:E0029,rtc_e1adb8a3d2514349814e3b3311f066f9,8c24a98d-84df-4e32-8eac-cbb3a9212dd0,2026-08-02 21:33:29.494050+00:00,BUSINESS_INSTITUTIONAL_SCREEN,n154,n155
eleventh_share,eleventh_share:E0031,rtc_e1adb8a3d2514349814e3b3311f066f9,8c24a98d-84df-4e32-8eac-cbb3a9212dd0,2026-08-02 21:35:19.211779+00:00,BUSINESS_INSTITUTIONAL_SCREEN,n164,n165
eleventh_share,eleventh_share:E0030,rtc_e1adb8a3d2514349814e3b3311f066f9,8c24a98d-84df-4e32-8eac-cbb3a9212dd0,2026-08-02 21:35:20.683932+00:00,BUSINESS_INSTITUTIONAL_SCREEN,n162,n163
eleventh_share,eleventh_share:E0032,rtc_e1adb8a3d2514349814e3b3311f066f9,8c24a98d-84df-4e32-8eac-cbb3a9212dd0,2026-08-02 21:48:11.163482+00:00,BUSINESS_INSTITUTIONAL_SCREEN,n178,n179
eleventh_share,eleventh_share:E0033,rtc_e1adb8a3d2514349814e3b3311f066f9,8c24a98d-84df-4e32-8eac-cbb3a9212dd0,2026-08-02 21:54:41.817748+00:00,AO30_EVENT,n198;n216,n199;n200;n201;n202;n203;n204;n205;n217;n218;n220;n221;n222
eleventh_share,eleventh_share:E0034,rtc_e1adb8a3d2514349814e3b3311f066f9,8c24a98d-84df-4e32-8eac-cbb3a9212dd0,2026-08-02 22:49:15.712779+00:00,AO30_EVENT;BUSINESS_INSTITUTIONAL_SCREEN;RTC_RULE_EPISODE;UNIVERSAL_SEMANTIC_SCREEN,n246;n270;n298;n303;n341;n345,n247;n248;n249;n250;n265;n266;n271;n272;n273;n276;n282;n289;n299;n300;n301;n304;n305;n306;n307;n308;n309;n310;n311;n312;n313;n314;n315;n316;n317;n318;n319;n320;n321;n322;n323;n324;n325;n326;n327;n328;n329;n330;n331;n332;n338;n342;n346;n347
eleventh_share,eleventh_share:E0035,rtc_5d36849729bc41beb973ff099c6378c2,71ba39d8-5e6e-490e-b236-3ec531b00127,2026-08-03 11:03:11.379411+00:00,BUSINESS_INSTITUTIONAL_SCREEN,n348,n349;n350
eleventh_share,eleventh_share:E0036,rtc_5d36849729bc41beb973ff099c6378c2,71ba39d8-5e6e-490e-b236-3ec531b00127,2026-08-03 11:03:31.597419+00:00,BUSINESS_INSTITUTIONAL_SCREEN,n351,n352;n353
eleventh_share,eleventh_share:E0037,rtc_5d36849729bc41beb973ff099c6378c2,71ba39d8-5e6e-490e-b236-3ec531b00127,2026-08-03 11:04:29.976999+00:00,AGENCY_NEUTRAL_OPPORTUNITY;AO30_EVENT;BUSINESS_INSTITUTIONAL_SCREEN;FROZEN_INFERENCE_OPPORTUNITY;UNIVERSAL_SEMANTIC_SCREEN,n358;n362;n365;n370;n373;n377;n379,n359;n363;n364;n366;n367;n371;n372;n374;n378;n380;n381
eleventh_share,eleventh_share:E0038,rtc_5d36849729bc41beb973ff099c6378c2,71ba39d8-5e6e-490e-b236-3ec531b00127,2026-08-03 11:10:19.955887+00:00,BUSINESS_INSTITUTIONAL_SCREEN;UNIVERSAL_SEMANTIC_SCREEN,n382,n383
eleventh_share,eleventh_share:E0039,rtc_5d36849729bc41beb973ff099c6378c2,71ba39d8-5e6e-490e-b236-3ec531b00127,2026-08-03 11:10:41.113584+00:00,BUSINESS_INSTITUTIONAL_SCREEN,n384,n385
eleventh_share,eleventh_share:E0040,rtc_5d36849729bc41beb973ff099c6378c2,71ba39d8-5e6e-490e-b236-3ec531b00127,2026-08-03 11:10:57.522981+00:00,BUSINESS_INSTITUTIONAL_SCREEN,n386,n387
eleventh_share,eleventh_share:E0041,rtc_5d36849729bc41beb973ff099c6378c2,71ba39d8-5e6e-490e-b236-3ec531b00127,2026-08-03 11:11:12.697906+00:00,BUSINESS_INSTITUTIONAL_SCREEN,n390,n391;n392
eleventh_share,eleventh_share:E0042,rtc_5d36849729bc41beb973ff099c6378c2,71ba39d8-5e6e-490e-b236-3ec531b00127,2026-08-03 11:11:31.780138+00:00,AO30_EVENT;BUSINESS_INSTITUTIONAL_SCREEN;UNIVERSAL_SEMANTIC_SCREEN,n395;n397;n399;n403;n406;n409;n412,n396;n398;n400;n404;n405;n407;n408;n410;n411;n413;n414
eleventh_share,eleventh_share:E0043,rtc_5d36849729bc41beb973ff099c6378c2,71ba39d8-5e6e-490e-b236-3ec531b00127,2026-08-03 11:16:09.838936+00:00,AGENCY_NEUTRAL_OPPORTUNITY;AO30_EVENT;BUSINESS_INSTITUTIONAL_SCREEN;FROZEN_INFERENCE_OPPORTUNITY;UNIVERSAL_SEMANTIC_SCREEN,n417;n424;n427;n437,n418;n419;n421;n425;n426;n428;n438;n439
eleventh_share,eleventh_share:E0044,rtc_5d36849729bc41beb973ff099c6378c2,71ba39d8-5e6e-490e-b236-3ec531b00127,2026-08-03 11:19:36.728678+00:00,BUSINESS_INSTITUTIONAL_SCREEN;UNIVERSAL_SEMANTIC_SCREEN,n440,n441;n442
eleventh_share,eleventh_share:E0045,rtc_5d36849729bc41beb973ff099c6378c2,71ba39d8-5e6e-490e-b236-3ec531b00127,2026-08-03 11:20:36.430502+00:00,UNIVERSAL_SEMANTIC_SCREEN,n445,n446;n447
eleventh_share,eleventh_share:E0046,rtc_5d36849729bc41beb973ff099c6378c2,71ba39d8-5e6e-490e-b236-3ec531b00127,2026-08-03 11:21:56.303008+00:00,BUSINESS_INSTITUTIONAL_SCREEN;UNIVERSAL_SEMANTIC_SCREEN,n454,n455;n456
eleventh_share,eleventh_share:E0048,rtc_5d36849729bc41beb973ff099c6378c2,71ba39d8-5e6e-490e-b236-3ec531b00127,2026-08-03 11:22:48.052185+00:00,BUSINESS_INSTITUTIONAL_SCREEN,n459,n460
eleventh_share,eleventh_share:E0047,rtc_5d36849729bc41beb973ff099c6378c2,71ba39d8-5e6e-490e-b236-3ec531b00127,2026-08-03 11:22:49.400832+00:00,BUSINESS_INSTITUTIONAL_SCREEN,n457,n458
eleventh_share,eleventh_share:E0049,rtc_5d36849729bc41beb973ff099c6378c2,71ba39d8-5e6e-490e-b236-3ec531b00127,2026-08-03 11:23:18.620070+00:00,AO30_EVENT;BUSINESS_INSTITUTIONAL_SCREEN;UNIVERSAL_SEMANTIC_SCREEN,n461;n472;n474;n478;n480;n484,n462;n473;n475;n479;n481;n482;n485;n486
eleventh_share,eleventh_share:E0050,rtc_5d36849729bc41beb973ff099c6378c2,71ba39d8-5e6e-490e-b236-3ec531b00127,2026-08-03 11:27:08.006581+00:00,BUSINESS_INSTITUTIONAL_SCREEN,n487,n488
eleventh_share,eleventh_share:E0053,rtc_5d36849729bc41beb973ff099c6378c2,71ba39d8-5e6e-490e-b236-3ec531b00127,2026-08-03 11:27:19.644030+00:00,BUSINESS_INSTITUTIONAL_SCREEN,n493,n494;n495
eleventh_share,eleventh_share:E0051,rtc_5d36849729bc41beb973ff099c6378c2,71ba39d8-5e6e-490e-b236-3ec531b00127,2026-08-03 11:27:20.296530+00:00,UNIVERSAL_SEMANTIC_SCREEN,n489,ABSENT
eleventh_share,eleventh_share:E0052,rtc_5d36849729bc41beb973ff099c6378c2,71ba39d8-5e6e-490e-b236-3ec531b00127,2026-08-03 11:27:38.719448+00:00,UNIVERSAL_SEMANTIC_SCREEN,n491,ABSENT
eleventh_share,eleventh_share:E0054,rtc_5d36849729bc41beb973ff099c6378c2,71ba39d8-5e6e-490e-b236-3ec531b00127,2026-08-03 11:28:13.903242+00:00,BUSINESS_INSTITUTIONAL_SCREEN;FROZEN_INFERENCE_OPPORTUNITY,n496,n497
eleventh_share,eleventh_share:E0055,rtc_5d36849729bc41beb973ff099c6378c2,71ba39d8-5e6e-490e-b236-3ec531b00127,2026-08-03 11:28:42.556852+00:00,UNIVERSAL_SEMANTIC_SCREEN,n500,n501
eleventh_share,eleventh_share:E0056,rtc_5d36849729bc41beb973ff099c6378c2,71ba39d8-5e6e-490e-b236-3ec531b00127,2026-08-03 11:28:57.071371+00:00,UNIVERSAL_SEMANTIC_SCREEN,n502,n503
eleventh_share,eleventh_share:E0057,rtc_5d36849729bc41beb973ff099c6378c2,71ba39d8-5e6e-490e-b236-3ec531b00127,2026-08-03 11:29:08.289824+00:00,BUSINESS_INSTITUTIONAL_SCREEN,n504,n505
eleventh_share,eleventh_share:E0058,rtc_5d36849729bc41beb973ff099c6378c2,71ba39d8-5e6e-490e-b236-3ec531b00127,2026-08-03 11:30:25.777118+00:00,BUSINESS_INSTITUTIONAL_SCREEN,n516,n517;n518
eleventh_share,eleventh_share:E0059,rtc_5d36849729bc41beb973ff099c6378c2,71ba39d8-5e6e-490e-b236-3ec531b00127,2026-08-03 11:31:17.045758+00:00,BUSINESS_INSTITUTIONAL_SCREEN,n523,n524
eleventh_share,eleventh_share:E0060,rtc_5d36849729bc41beb973ff099c6378c2,71ba39d8-5e6e-490e-b236-3ec531b00127,2026-08-03 11:31:48.964260+00:00,UNIVERSAL_SEMANTIC_SCREEN,n529,n530
eleventh_share,eleventh_share:E0061,rtc_5d36849729bc41beb973ff099c6378c2,71ba39d8-5e6e-490e-b236-3ec531b00127,2026-08-03 11:32:22.854482+00:00,BUSINESS_INSTITUTIONAL_SCREEN,n533,n534
eleventh_share,eleventh_share:E0062,rtc_5d36849729bc41beb973ff099c6378c2,71ba39d8-5e6e-490e-b236-3ec531b00127,2026-08-03 11:32:51.668413+00:00,UNIVERSAL_SEMANTIC_SCREEN,n535,n536
eleventh_share,eleventh_share:E0064,rtc_5d36849729bc41beb973ff099c6378c2,71ba39d8-5e6e-490e-b236-3ec531b00127,2026-08-03 11:33:27.749432+00:00,UNIVERSAL_SEMANTIC_SCREEN,n545,n546
eleventh_share,eleventh_share:E0063,rtc_5d36849729bc41beb973ff099c6378c2,71ba39d8-5e6e-490e-b236-3ec531b00127,2026-08-03 11:33:51.867116+00:00,UNIVERSAL_SEMANTIC_SCREEN,n543,n544
eleventh_share,eleventh_share:E0065,rtc_5d36849729bc41beb973ff099c6378c2,71ba39d8-5e6e-490e-b236-3ec531b00127,2026-08-03 11:33:55.722955+00:00,BUSINESS_INSTITUTIONAL_SCREEN,n549,n550
eleventh_share,eleventh_share:E0066,rtc_5d36849729bc41beb973ff099c6378c2,71ba39d8-5e6e-490e-b236-3ec531b00127,2026-08-03 11:35:13.952747+00:00,BUSINESS_INSTITUTIONAL_SCREEN,n555,n556;n557
eleventh_share,eleventh_share:E0067,rtc_5d36849729bc41beb973ff099c6378c2,71ba39d8-5e6e-490e-b236-3ec531b00127,2026-08-03 11:37:09.924531+00:00,AO30_EVENT;BUSINESS_INSTITUTIONAL_SCREEN;UNIVERSAL_SEMANTIC_SCREEN,n575;n580;n591;n593;n595;n598,n576;n577;n581;n582;n592;n594;n596;n597;n599;n600
eleventh_share,eleventh_share:E0068,rtc_5d36849729bc41beb973ff099c6378c2,71ba39d8-5e6e-490e-b236-3ec531b00127,2026-08-03 11:41:29.706210+00:00,BUSINESS_INSTITUTIONAL_SCREEN,n603,n604;n605
eleventh_share,eleventh_share:E0069,rtc_5d36849729bc41beb973ff099c6378c2,71ba39d8-5e6e-490e-b236-3ec531b00127,2026-08-03 11:42:28.769252+00:00,BUSINESS_INSTITUTIONAL_SCREEN,n609,n610;n611
eleventh_share,eleventh_share:E0070,rtc_5d36849729bc41beb973ff099c6378c2,71ba39d8-5e6e-490e-b236-3ec531b00127,2026-08-03 11:43:25.349768+00:00,UNIVERSAL_SEMANTIC_SCREEN,n616,ABSENT
eleventh_share,eleventh_share:E0071,rtc_5d36849729bc41beb973ff099c6378c2,71ba39d8-5e6e-490e-b236-3ec531b00127,2026-08-03 11:44:31.701034+00:00,BUSINESS_INSTITUTIONAL_SCREEN,n625,n626
eleventh_share,eleventh_share:E0072,rtc_5d36849729bc41beb973ff099c6378c2,71ba39d8-5e6e-490e-b236-3ec531b00127,2026-08-03 11:44:42.966613+00:00,BUSINESS_INSTITUTIONAL_SCREEN,n627,n628;n629
eleventh_share,eleventh_share:E0073,rtc_5d36849729bc41beb973ff099c6378c2,71ba39d8-5e6e-490e-b236-3ec531b00127,2026-08-03 11:45:19.167519+00:00,BUSINESS_INSTITUTIONAL_SCREEN,n632,n633;n634
eleventh_share,eleventh_share:E0074,rtc_5d36849729bc41beb973ff099c6378c2,71ba39d8-5e6e-490e-b236-3ec531b00127,2026-08-03 11:46:01.096249+00:00,AO30_EVENT;BUSINESS_INSTITUTIONAL_SCREEN;UNIVERSAL_SEMANTIC_SCREEN,n637;n650;n656,n638;n639;n651;n652;n657;n658;n659
eleventh_share,eleventh_share:E0075,rtc_5d36849729bc41beb973ff099c6378c2,71ba39d8-5e6e-490e-b236-3ec531b00127,2026-08-03 11:51:29.787326+00:00,BUSINESS_INSTITUTIONAL_SCREEN,n660,n661;n662
eleventh_share,eleventh_share:E0076,rtc_5d36849729bc41beb973ff099c6378c2,71ba39d8-5e6e-490e-b236-3ec531b00127,2026-08-03 11:52:54.518905+00:00,BUSINESS_INSTITUTIONAL_SCREEN;UNIVERSAL_SEMANTIC_SCREEN,n665,n666
eleventh_share,eleventh_share:E0077,rtc_5d36849729bc41beb973ff099c6378c2,71ba39d8-5e6e-490e-b236-3ec531b00127,2026-08-03 11:53:40.415247+00:00,BUSINESS_INSTITUTIONAL_SCREEN,n671,n672
eleventh_share,eleventh_share:E0078,rtc_5d36849729bc41beb973ff099c6378c2,71ba39d8-5e6e-490e-b236-3ec531b00127,2026-08-03 11:55:00.138781+00:00,BUSINESS_INSTITUTIONAL_SCREEN,n681,n682
eleventh_share,eleventh_share:E0079,rtc_5d36849729bc41beb973ff099c6378c2,71ba39d8-5e6e-490e-b236-3ec531b00127,2026-08-03 11:55:23.012522+00:00,BUSINESS_INSTITUTIONAL_SCREEN,n683,n684
eleventh_share,eleventh_share:E0080,rtc_5d36849729bc41beb973ff099c6378c2,71ba39d8-5e6e-490e-b236-3ec531b00127,2026-08-03 11:55:53.586283+00:00,BUSINESS_INSTITUTIONAL_SCREEN,n685,n686
eleventh_share,eleventh_share:E0081,rtc_5d36849729bc41beb973ff099c6378c2,71ba39d8-5e6e-490e-b236-3ec531b00127,2026-08-03 11:57:35.964675+00:00,BUSINESS_INSTITUTIONAL_SCREEN,n695,n696;n697
eleventh_share,eleventh_share:E0082,rtc_5d36849729bc41beb973ff099c6378c2,71ba39d8-5e6e-490e-b236-3ec531b00127,2026-08-03 11:58:01.283251+00:00,BUSINESS_INSTITUTIONAL_SCREEN,n698,n699;n700
eleventh_share,eleventh_share:E0083,rtc_5d36849729bc41beb973ff099c6378c2,71ba39d8-5e6e-490e-b236-3ec531b00127,2026-08-03 11:58:23.620055+00:00,BUSINESS_INSTITUTIONAL_SCREEN;UNIVERSAL_SEMANTIC_SCREEN,n701,n702
eleventh_share,eleventh_share:E0084,rtc_5d36849729bc41beb973ff099c6378c2,71ba39d8-5e6e-490e-b236-3ec531b00127,2026-08-03 11:58:38.212651+00:00,BUSINESS_INSTITUTIONAL_SCREEN,n703,n704
eleventh_share,eleventh_share:E0085,rtc_5d36849729bc41beb973ff099c6378c2,71ba39d8-5e6e-490e-b236-3ec531b00127,2026-08-03 11:59:56.838663+00:00,BUSINESS_INSTITUTIONAL_SCREEN,n711,n712
eleventh_share,eleventh_share:E0086,rtc_5d36849729bc41beb973ff099c6378c2,71ba39d8-5e6e-490e-b236-3ec531b00127,2026-08-03 12:00:33.679960+00:00,BUSINESS_INSTITUTIONAL_SCREEN,n713,n714
eleventh_share,eleventh_share:E0087,rtc_5d36849729bc41beb973ff099c6378c2,71ba39d8-5e6e-490e-b236-3ec531b00127,2026-08-03 12:00:48.117630+00:00,BUSINESS_INSTITUTIONAL_SCREEN;UNIVERSAL_SEMANTIC_SCREEN,n715,n716
eleventh_share,eleventh_share:E0088,rtc_5d36849729bc41beb973ff099c6378c2,71ba39d8-5e6e-490e-b236-3ec531b00127,2026-08-03 12:01:08.608885+00:00,BUSINESS_INSTITUTIONAL_SCREEN;UNIVERSAL_SEMANTIC_SCREEN,n717;n720,n718;n719;n721;n722
eleventh_share,eleventh_share:E0089,rtc_5d36849729bc41beb973ff099c6378c2,71ba39d8-5e6e-490e-b236-3ec531b00127,2026-08-03 12:02:35.137119+00:00,BUSINESS_INSTITUTIONAL_SCREEN;UNIVERSAL_SEMANTIC_SCREEN,n723;n726;n730,n724;n725;n727;n728;n729;n731;n732
eleventh_share,eleventh_share:E0090,rtc_5d36849729bc41beb973ff099c6378c2,71ba39d8-5e6e-490e-b236-3ec531b00127,2026-08-03 12:04:54.044581+00:00,BUSINESS_INSTITUTIONAL_SCREEN,n733,n734;n735
eleventh_share,eleventh_share:E0091,rtc_5d36849729bc41beb973ff099c6378c2,71ba39d8-5e6e-490e-b236-3ec531b00127,2026-08-03 12:06:19.176522+00:00,BUSINESS_INSTITUTIONAL_SCREEN;UNIVERSAL_SEMANTIC_SCREEN,n739;n745;n748,n740;n741;n746;n747;n749
eleventh_share,eleventh_share:E0092,rtc_5d36849729bc41beb973ff099c6378c2,71ba39d8-5e6e-490e-b236-3ec531b00127,2026-08-03 12:08:56.832728+00:00,AO30_EVENT;BUSINESS_INSTITUTIONAL_SCREEN;CAPABILITY_TOOL_EVIDENCE_CLAIM;UNIVERSAL_SEMANTIC_SCREEN,n750;n752;n754;n757;n760;n763;n768;n771,n751;n753;n755;n756;n758;n759;n761;n762;n764;n765;n769;n770;n772;n773
eleventh_share,eleventh_share:E0093,rtc_5d36849729bc41beb973ff099c6378c2,71ba39d8-5e6e-490e-b236-3ec531b00127,2026-08-03 12:14:43.596189+00:00,BUSINESS_INSTITUTIONAL_SCREEN;UNIVERSAL_SEMANTIC_SCREEN,n774,n775;n776
eleventh_share,eleventh_share:E0094,rtc_5d36849729bc41beb973ff099c6378c2,71ba39d8-5e6e-490e-b236-3ec531b00127,2026-08-03 12:15:26.094993+00:00,BUSINESS_INSTITUTIONAL_SCREEN;UNIVERSAL_SEMANTIC_SCREEN,n779,n780;n781
eleventh_share,eleventh_share:E0095,rtc_5d36849729bc41beb973ff099c6378c2,71ba39d8-5e6e-490e-b236-3ec531b00127,2026-08-03 12:16:25.150396+00:00,BUSINESS_INSTITUTIONAL_SCREEN,n782,n783;n784
eleventh_share,eleventh_share:E0096,rtc_5d36849729bc41beb973ff099c6378c2,71ba39d8-5e6e-490e-b236-3ec531b00127,2026-08-03 12:16:42.185819+00:00,BUSINESS_INSTITUTIONAL_SCREEN;UNIVERSAL_SEMANTIC_SCREEN,n785,n786;n787
eleventh_share,eleventh_share:E0097,rtc_5d36849729bc41beb973ff099c6378c2,71ba39d8-5e6e-490e-b236-3ec531b00127,2026-08-03 12:17:29.925514+00:00,BUSINESS_INSTITUTIONAL_SCREEN;FROZEN_INFERENCE_OPPORTUNITY,n788,n789;n790
fifteenth_share,fifteenth_share:E0001,rtc_f4d5c9a52e78412e996aa1a573f95c0d,f253e757-2227-4796-8685-ba428a854693,2026-08-10 09:42:34.213013+00:00,FROZEN_INFERENCE_OPPORTUNITY,n11,n12;n14
fifteenth_share,fifteenth_share:E0002,rtc_f4d5c9a52e78412e996aa1a573f95c0d,f253e757-2227-4796-8685-ba428a854693,2026-08-10 09:43:26.347021+00:00,UNIVERSAL_SEMANTIC_SCREEN,n17,n18
fifteenth_share,fifteenth_share:E0003,rtc_f4d5c9a52e78412e996aa1a573f95c0d,f253e757-2227-4796-8685-ba428a854693,2026-08-10 09:44:11.733441+00:00,UNIVERSAL_SEMANTIC_SCREEN,n23,n24
fifteenth_share,fifteenth_share:E0004,rtc_f4d5c9a52e78412e996aa1a573f95c0d,f253e757-2227-4796-8685-ba428a854693,2026-08-10 09:44:28.018129+00:00,BUSINESS_INSTITUTIONAL_SCREEN,n25,n26;n28
fifteenth_share,fifteenth_share:E0005,rtc_f4d5c9a52e78412e996aa1a573f95c0d,f253e757-2227-4796-8685-ba428a854693,2026-08-10 09:45:00.550406+00:00,BUSINESS_INSTITUTIONAL_SCREEN,n37,n38
fifteenth_share,fifteenth_share:E0006,rtc_f4d5c9a52e78412e996aa1a573f95c0d,f253e757-2227-4796-8685-ba428a854693,2026-08-10 09:45:09.239137+00:00,BUSINESS_INSTITUTIONAL_SCREEN,n39,n40
fifteenth_share,fifteenth_share:E0007,rtc_f4d5c9a52e78412e996aa1a573f95c0d,f253e757-2227-4796-8685-ba428a854693,2026-08-10 09:45:33.597050+00:00,AGENCY_NEUTRAL_OPPORTUNITY;BUSINESS_INSTITUTIONAL_SCREEN;FROZEN_INFERENCE_OPPORTUNITY;RTC_RULE_EPISODE;UNIVERSAL_SEMANTIC_SCREEN,n41;n45;n57,n42;n46;n50;n56;n58;n60;n66
fifteenth_share,fifteenth_share:E0008,rtc_aaf2f13996ae457f948d93fbfe9b2b90,f3d117db-50c2-4633-a59e-75d888e8fc99,2026-08-10 09:47:48.900814+00:00,BUSINESS_INSTITUTIONAL_SCREEN;UNIVERSAL_SEMANTIC_SCREEN,n67,n68;n69
fifteenth_share,fifteenth_share:E0009,rtc_aaf2f13996ae457f948d93fbfe9b2b90,f3d117db-50c2-4633-a59e-75d888e8fc99,2026-08-10 09:48:10.897516+00:00,BUSINESS_INSTITUTIONAL_SCREEN;UNIVERSAL_SEMANTIC_SCREEN,n70,n71
fifteenth_share,fifteenth_share:E0010,rtc_aaf2f13996ae457f948d93fbfe9b2b90,f3d117db-50c2-4633-a59e-75d888e8fc99,2026-08-10 09:48:34.026150+00:00,BUSINESS_INSTITUTIONAL_SCREEN,n72,n73
fifteenth_share,fifteenth_share:E0011,rtc_aaf2f13996ae457f948d93fbfe9b2b90,f3d117db-50c2-4633-a59e-75d888e8fc99,2026-08-10 09:49:55.202887+00:00,BUSINESS_INSTITUTIONAL_SCREEN;FROZEN_INFERENCE_OPPORTUNITY,n84,n85
fifteenth_share,fifteenth_share:E0012,rtc_aaf2f13996ae457f948d93fbfe9b2b90,f3d117db-50c2-4633-a59e-75d888e8fc99,2026-08-10 09:50:29.056412+00:00,UNIVERSAL_SEMANTIC_SCREEN,n90,n91
fifteenth_share,fifteenth_share:E0013,rtc_aaf2f13996ae457f948d93fbfe9b2b90,f3d117db-50c2-4633-a59e-75d888e8fc99,2026-08-10 09:51:22.712588+00:00,BUSINESS_INSTITUTIONAL_SCREEN;UNIVERSAL_SEMANTIC_SCREEN,n94,n95
fifteenth_share,fifteenth_share:E0014,rtc_aaf2f13996ae457f948d93fbfe9b2b90,f3d117db-50c2-4633-a59e-75d888e8fc99,2026-08-10 09:51:38.476407+00:00,UNIVERSAL_SEMANTIC_SCREEN,n98,ABSENT
fifteenth_share,fifteenth_share:E0015,rtc_aaf2f13996ae457f948d93fbfe9b2b90,f3d117db-50c2-4633-a59e-75d888e8fc99,2026-08-10 09:51:46.358649+00:00,UNIVERSAL_SEMANTIC_SCREEN,n100,ABSENT
fifteenth_share,fifteenth_share:E0016,rtc_aaf2f13996ae457f948d93fbfe9b2b90,f3d117db-50c2-4633-a59e-75d888e8fc99,2026-08-10 09:51:48.082734+00:00,BUSINESS_INSTITUTIONAL_SCREEN,n102,n103;n105
fifteenth_share,fifteenth_share:E0017,rtc_aaf2f13996ae457f948d93fbfe9b2b90,f3d117db-50c2-4633-a59e-75d888e8fc99,2026-08-10 09:52:11.213982+00:00,BUSINESS_INSTITUTIONAL_SCREEN,n106,n107
fifteenth_share,fifteenth_share:E0018,rtc_aaf2f13996ae457f948d93fbfe9b2b90,f3d117db-50c2-4633-a59e-75d888e8fc99,2026-08-10 09:52:41.191850+00:00,BUSINESS_INSTITUTIONAL_SCREEN;FROZEN_INFERENCE_OPPORTUNITY;UNIVERSAL_SEMANTIC_SCREEN,n108;n112;n118,n109;n113;n114;n116;n117;n119;n121
fifteenth_share,fifteenth_share:E0019,rtc_aaf2f13996ae457f948d93fbfe9b2b90,f3d117db-50c2-4633-a59e-75d888e8fc99,2026-08-10 09:54:39.228700+00:00,BUSINESS_INSTITUTIONAL_SCREEN;UNIVERSAL_SEMANTIC_SCREEN,n122,n123;n124;n126
fifteenth_share,fifteenth_share:E0020,rtc_aaf2f13996ae457f948d93fbfe9b2b90,f3d117db-50c2-4633-a59e-75d888e8fc99,2026-08-10 09:55:57.530802+00:00,BUSINESS_INSTITUTIONAL_SCREEN;UNIVERSAL_SEMANTIC_SCREEN,n134,n135;n136;n138
fifteenth_share,fifteenth_share:E0021,rtc_aaf2f13996ae457f948d93fbfe9b2b90,f3d117db-50c2-4633-a59e-75d888e8fc99,2026-08-10 09:56:01.336434+00:00,BUSINESS_INSTITUTIONAL_SCREEN,n143,n144
fifteenth_share,fifteenth_share:E0022,rtc_aaf2f13996ae457f948d93fbfe9b2b90,f3d117db-50c2-4633-a59e-75d888e8fc99,2026-08-10 09:57:03.023754+00:00,BUSINESS_INSTITUTIONAL_SCREEN;UNIVERSAL_SEMANTIC_SCREEN,n145;n147,n146;n148
fifteenth_share,fifteenth_share:E0023,rtc_aaf2f13996ae457f948d93fbfe9b2b90,f3d117db-50c2-4633-a59e-75d888e8fc99,2026-08-10 09:57:53.705525+00:00,UNIVERSAL_SEMANTIC_SCREEN,n153,n154
fifteenth_share,fifteenth_share:E0024,rtc_aaf2f13996ae457f948d93fbfe9b2b90,f3d117db-50c2-4633-a59e-75d888e8fc99,2026-08-10 09:58:03.699639+00:00,UNIVERSAL_SEMANTIC_SCREEN,n155,n156
fifteenth_share,fifteenth_share:E0025,rtc_aaf2f13996ae457f948d93fbfe9b2b90,f3d117db-50c2-4633-a59e-75d888e8fc99,2026-08-10 09:59:03.452971+00:00,BUSINESS_INSTITUTIONAL_SCREEN;FROZEN_INFERENCE_OPPORTUNITY;UNIVERSAL_SEMANTIC_SCREEN,n157,n158
fifteenth_share,fifteenth_share:E0026,rtc_aaf2f13996ae457f948d93fbfe9b2b90,f3d117db-50c2-4633-a59e-75d888e8fc99,2026-08-10 10:00:26.646293+00:00,BUSINESS_INSTITUTIONAL_SCREEN;FROZEN_INFERENCE_OPPORTUNITY;UNIVERSAL_SEMANTIC_SCREEN,n165;n170,n166;n167;n169;n171;n172;n176
fifteenth_share,fifteenth_share:E0027,rtc_aaf2f13996ae457f948d93fbfe9b2b90,f3d117db-50c2-4633-a59e-75d888e8fc99,2026-08-10 10:01:31.822158+00:00,BUSINESS_INSTITUTIONAL_SCREEN;UNIVERSAL_SEMANTIC_SCREEN,n177,n178;n179
fifteenth_share,fifteenth_share:E0028,rtc_aaf2f13996ae457f948d93fbfe9b2b90,f3d117db-50c2-4633-a59e-75d888e8fc99,2026-08-10 10:02:26.218677+00:00,BUSINESS_INSTITUTIONAL_SCREEN;UNIVERSAL_SEMANTIC_SCREEN,n184,n185;n187;n189
fifteenth_share,fifteenth_share:E0029,rtc_aaf2f13996ae457f948d93fbfe9b2b90,f3d117db-50c2-4633-a59e-75d888e8fc99,2026-08-10 10:03:22.700331+00:00,BUSINESS_INSTITUTIONAL_SCREEN;UNIVERSAL_SEMANTIC_SCREEN,n190,n191;n192;n194
fifteenth_share,fifteenth_share:E0030,rtc_aaf2f13996ae457f948d93fbfe9b2b90,f3d117db-50c2-4633-a59e-75d888e8fc99,2026-08-10 10:05:54.345370+00:00,BUSINESS_INSTITUTIONAL_SCREEN;UNIVERSAL_SEMANTIC_SCREEN,n195,n196;n197
fifteenth_share,fifteenth_share:E0031,rtc_aaf2f13996ae457f948d93fbfe9b2b90,f3d117db-50c2-4633-a59e-75d888e8fc99,2026-08-10 10:06:59.987599+00:00,BUSINESS_INSTITUTIONAL_SCREEN;UNIVERSAL_SEMANTIC_SCREEN,n203;n207,n204;n206;n209
fifteenth_share,fifteenth_share:E0032,rtc_aaf2f13996ae457f948d93fbfe9b2b90,f3d117db-50c2-4633-a59e-75d888e8fc99,2026-08-10 10:08:22.357936+00:00,BUSINESS_INSTITUTIONAL_SCREEN,n210,n211;n212;n214
fifteenth_share,fifteenth_share:E0033,rtc_aaf2f13996ae457f948d93fbfe9b2b90,f3d117db-50c2-4633-a59e-75d888e8fc99,2026-08-10 10:09:15.642122+00:00,BUSINESS_INSTITUTIONAL_SCREEN;UNIVERSAL_SEMANTIC_SCREEN,n215;n221;n223,n216;n217;n219;n220;n222;n226
fifteenth_share,fifteenth_share:E0034,rtc_aaf2f13996ae457f948d93fbfe9b2b90,f3d117db-50c2-4633-a59e-75d888e8fc99,2026-08-10 10:10:34.719994+00:00,BUSINESS_INSTITUTIONAL_SCREEN;PRIMARY_REFUSAL_TO_INFER_EVENT;UNIVERSAL_SEMANTIC_SCREEN,n227,n228;n229;n231
fifteenth_share,fifteenth_share:E0035,rtc_aaf2f13996ae457f948d93fbfe9b2b90,f3d117db-50c2-4633-a59e-75d888e8fc99,2026-08-10 10:15:49.588222+00:00,UNIVERSAL_SEMANTIC_SCREEN,n242,n246
fifteenth_share,fifteenth_share:E0036,rtc_aaf2f13996ae457f948d93fbfe9b2b90,f3d117db-50c2-4633-a59e-75d888e8fc99,2026-08-10 10:16:29.279689+00:00,UNIVERSAL_SEMANTIC_SCREEN,n247,n251
fifteenth_share,fifteenth_share:E0037,rtc_aaf2f13996ae457f948d93fbfe9b2b90,f3d117db-50c2-4633-a59e-75d888e8fc99,2026-08-10 10:17:15.257977+00:00,BUSINESS_INSTITUTIONAL_SCREEN,n252,n253;n254;n256
fifteenth_share,fifteenth_share:E0038,rtc_aaf2f13996ae457f948d93fbfe9b2b90,f3d117db-50c2-4633-a59e-75d888e8fc99,2026-08-10 10:18:00.447492+00:00,UNIVERSAL_SEMANTIC_SCREEN,n259,n263
fifth_share,fifth_share:E0001,rtc_98d23dbdc5e9448a84bb1a1e0a96a85e,3befe716-0953-4bc5-aacc-693941df9942,2026-08-16 13:02:53.800309+00:00,BUSINESS_INSTITUTIONAL_SCREEN,n11,n12
fifth_share,fifth_share:E0002,rtc_98d23dbdc5e9448a84bb1a1e0a96a85e,3befe716-0953-4bc5-aacc-693941df9942,2026-08-16 13:03:59.823358+00:00,BUSINESS_INSTITUTIONAL_SCREEN,n25,n26;n30
fifth_share,fifth_share:E0003,rtc_98d23dbdc5e9448a84bb1a1e0a96a85e,3befe716-0953-4bc5-aacc-693941df9942,2026-08-16 13:05:01.474776+00:00,UNIVERSAL_SEMANTIC_SCREEN,n41,n42
fifth_share,fifth_share:E0004,rtc_98d23dbdc5e9448a84bb1a1e0a96a85e,3befe716-0953-4bc5-aacc-693941df9942,2026-08-16 13:06:40.525708+00:00,BUSINESS_INSTITUTIONAL_SCREEN,n53,n54
fifth_share,fifth_share:E0005,rtc_98d23dbdc5e9448a84bb1a1e0a96a85e,3befe716-0953-4bc5-aacc-693941df9942,2026-08-16 13:06:57.967048+00:00,BUSINESS_INSTITUTIONAL_SCREEN;FROZEN_INFERENCE_OPPORTUNITY,n55,n56
fifth_share,fifth_share:E0006,rtc_98d23dbdc5e9448a84bb1a1e0a96a85e,3befe716-0953-4bc5-aacc-693941df9942,2026-08-16 13:07:19.919386+00:00,UNIVERSAL_SEMANTIC_SCREEN,n61,n62
fifth_share,fifth_share:E0007,rtc_98d23dbdc5e9448a84bb1a1e0a96a85e,3befe716-0953-4bc5-aacc-693941df9942,2026-08-16 13:08:17.791277+00:00,BUSINESS_INSTITUTIONAL_SCREEN;UNIVERSAL_SEMANTIC_SCREEN,n70,n71
fifth_share,fifth_share:E0008,rtc_98d23dbdc5e9448a84bb1a1e0a96a85e,3befe716-0953-4bc5-aacc-693941df9942,2026-08-16 13:09:00.212619+00:00,UNIVERSAL_SEMANTIC_SCREEN,n80,n81;n82
fifth_share,fifth_share:E0009,rtc_98d23dbdc5e9448a84bb1a1e0a96a85e,3befe716-0953-4bc5-aacc-693941df9942,2026-08-16 13:09:31.870988+00:00,BUSINESS_INSTITUTIONAL_SCREEN,n83,n84;n89
fifth_share,fifth_share:E0010,rtc_98d23dbdc5e9448a84bb1a1e0a96a85e,3befe716-0953-4bc5-aacc-693941df9942,2026-08-16 13:10:36.556467+00:00,UNIVERSAL_SEMANTIC_SCREEN,n96,n97
fifth_share,fifth_share:E0011,rtc_98d23dbdc5e9448a84bb1a1e0a96a85e,3befe716-0953-4bc5-aacc-693941df9942,2026-08-16 13:12:53.147354+00:00,UNIVERSAL_SEMANTIC_SCREEN,n113,n114
fifth_share,fifth_share:E0012,rtc_98d23dbdc5e9448a84bb1a1e0a96a85e,3befe716-0953-4bc5-aacc-693941df9942,2026-08-16 13:15:56.353832+00:00,UNIVERSAL_SEMANTIC_SCREEN,n147,n148
fifth_share,fifth_share:E0013,rtc_98d23dbdc5e9448a84bb1a1e0a96a85e,3befe716-0953-4bc5-aacc-693941df9942,2026-08-16 13:16:11.436372+00:00,BUSINESS_INSTITUTIONAL_SCREEN;FROZEN_INFERENCE_OPPORTUNITY,n151;n153,n152;n154
fifth_share,fifth_share:E0014,rtc_98d23dbdc5e9448a84bb1a1e0a96a85e,3befe716-0953-4bc5-aacc-693941df9942,2026-08-16 13:21:25.606019+00:00,BUSINESS_INSTITUTIONAL_SCREEN,n164,n165
fifth_share,fifth_share:E0015,rtc_98d23dbdc5e9448a84bb1a1e0a96a85e,3befe716-0953-4bc5-aacc-693941df9942,2026-08-16 13:22:28.848881+00:00,UNIVERSAL_SEMANTIC_SCREEN,n175,n176
fifth_share,fifth_share:E0016,rtc_98d23dbdc5e9448a84bb1a1e0a96a85e,3befe716-0953-4bc5-aacc-693941df9942,2026-08-16 13:22:42.021167+00:00,UNIVERSAL_SEMANTIC_SCREEN,n179,n180
fifth_share,fifth_share:E0017,rtc_98d23dbdc5e9448a84bb1a1e0a96a85e,3befe716-0953-4bc5-aacc-693941df9942,2026-08-16 13:24:03.864452+00:00,UNIVERSAL_SEMANTIC_SCREEN,n186,n187
fifth_share,fifth_share:E0018,rtc_98d23dbdc5e9448a84bb1a1e0a96a85e,3befe716-0953-4bc5-aacc-693941df9942,2026-08-16 13:24:16.219023+00:00,UNIVERSAL_SEMANTIC_SCREEN,n188,n189
fifth_share,fifth_share:E0019,rtc_98d23dbdc5e9448a84bb1a1e0a96a85e,3befe716-0953-4bc5-aacc-693941df9942,2026-08-16 13:24:37.838698+00:00,RTC_RULE_EPISODE,ABSENT,n193;n207;n218;n226
fifth_share,fifth_share:E0020,rtc_c69b631e49cc49e78fc3df096a861b2e,eb4c9569-f071-43ab-96c1-79d8d846bafa,2026-08-16 13:28:24.672916+00:00,UNIVERSAL_SEMANTIC_SCREEN,n227,n228
fifth_share,fifth_share:E0021,rtc_c69b631e49cc49e78fc3df096a861b2e,eb4c9569-f071-43ab-96c1-79d8d846bafa,2026-08-16 13:30:43.651244+00:00,BUSINESS_INSTITUTIONAL_SCREEN;UNIVERSAL_SEMANTIC_SCREEN,n235,n236
fifth_share,fifth_share:E0022,rtc_c69b631e49cc49e78fc3df096a861b2e,eb4c9569-f071-43ab-96c1-79d8d846bafa,2026-08-16 13:31:04.121824+00:00,BUSINESS_INSTITUTIONAL_SCREEN;UNIVERSAL_SEMANTIC_SCREEN,n237;n239,n238;n240
fifth_share,fifth_share:E0024,rtc_c69b631e49cc49e78fc3df096a861b2e,eb4c9569-f071-43ab-96c1-79d8d846bafa,2026-08-16 13:38:32.970007+00:00,BUSINESS_INSTITUTIONAL_SCREEN,n245,n246
fifth_share,fifth_share:E0023,rtc_c69b631e49cc49e78fc3df096a861b2e,eb4c9569-f071-43ab-96c1-79d8d846bafa,2026-08-16 13:38:33.821293+00:00,UNIVERSAL_SEMANTIC_SCREEN,n243,n244
fifth_share,fifth_share:E0025,rtc_c69b631e49cc49e78fc3df096a861b2e,eb4c9569-f071-43ab-96c1-79d8d846bafa,2026-08-16 13:38:49.255127+00:00,BUSINESS_INSTITUTIONAL_SCREEN;UNIVERSAL_SEMANTIC_SCREEN,n249,n250
fifth_share,fifth_share:E0026,rtc_c69b631e49cc49e78fc3df096a861b2e,eb4c9569-f071-43ab-96c1-79d8d846bafa,2026-08-16 13:38:56.641212+00:00,UNIVERSAL_SEMANTIC_SCREEN,n251,n252
fifth_share,fifth_share:E0027,rtc_c69b631e49cc49e78fc3df096a861b2e,eb4c9569-f071-43ab-96c1-79d8d846bafa,2026-08-16 13:39:40.811774+00:00,BUSINESS_INSTITUTIONAL_SCREEN;FROZEN_INFERENCE_OPPORTUNITY;UNIVERSAL_SEMANTIC_SCREEN,n253;n256,n254;n257
fifth_share,fifth_share:E0028,rtc_c69b631e49cc49e78fc3df096a861b2e,eb4c9569-f071-43ab-96c1-79d8d846bafa,2026-08-16 13:40:09.383627+00:00,BUSINESS_INSTITUTIONAL_SCREEN;UNIVERSAL_SEMANTIC_SCREEN,n258,n259
fifth_share,fifth_share:E0029,rtc_c69b631e49cc49e78fc3df096a861b2e,eb4c9569-f071-43ab-96c1-79d8d846bafa,2026-08-16 13:40:20.079425+00:00,BUSINESS_INSTITUTIONAL_SCREEN,n260,n261
fifth_share,fifth_share:E0030,rtc_c69b631e49cc49e78fc3df096a861b2e,eb4c9569-f071-43ab-96c1-79d8d846bafa,2026-08-16 13:40:36.888314+00:00,BUSINESS_INSTITUTIONAL_SCREEN,n264,n265
fifth_share,fifth_share:E0031,rtc_c69b631e49cc49e78fc3df096a861b2e,eb4c9569-f071-43ab-96c1-79d8d846bafa,2026-08-16 13:42:06.924065+00:00,UNIVERSAL_SEMANTIC_SCREEN,n274,ABSENT
fifth_share,fifth_share:E0032,rtc_c69b631e49cc49e78fc3df096a861b2e,eb4c9569-f071-43ab-96c1-79d8d846bafa,2026-08-16 13:42:13.064792+00:00,BUSINESS_INSTITUTIONAL_SCREEN;UNIVERSAL_SEMANTIC_SCREEN,n279,n280
fifth_share,fifth_share:E0033,rtc_c69b631e49cc49e78fc3df096a861b2e,eb4c9569-f071-43ab-96c1-79d8d846bafa,2026-08-16 13:42:50.177222+00:00,AGENCY_NEUTRAL_OPPORTUNITY;FROZEN_INFERENCE_OPPORTUNITY,n281,n282
fifth_share,fifth_share:E0034,rtc_c69b631e49cc49e78fc3df096a861b2e,eb4c9569-f071-43ab-96c1-79d8d846bafa,2026-08-16 13:44:22.097787+00:00,BUSINESS_INSTITUTIONAL_SCREEN,n287,n288
fifth_share,fifth_share:E0035,rtc_c69b631e49cc49e78fc3df096a861b2e,eb4c9569-f071-43ab-96c1-79d8d846bafa,2026-08-16 13:44:25.426957+00:00,BUSINESS_INSTITUTIONAL_SCREEN,n290,n291;n292
fifth_share,fifth_share:E0036,rtc_c69b631e49cc49e78fc3df096a861b2e,eb4c9569-f071-43ab-96c1-79d8d846bafa,2026-08-16 13:46:02.918094+00:00,BUSINESS_INSTITUTIONAL_SCREEN,n298,n299
fifth_share,fifth_share:E0037,rtc_c69b631e49cc49e78fc3df096a861b2e,eb4c9569-f071-43ab-96c1-79d8d846bafa,2026-08-16 13:46:37.386384+00:00,BUSINESS_INSTITUTIONAL_SCREEN,n301,n302
fifth_share,fifth_share:E0038,rtc_c69b631e49cc49e78fc3df096a861b2e,eb4c9569-f071-43ab-96c1-79d8d846bafa,2026-08-16 13:46:57.657421+00:00,BUSINESS_INSTITUTIONAL_SCREEN;FROZEN_INFERENCE_OPPORTUNITY,n304,n305
fifth_share,fifth_share:E0039,rtc_c69b631e49cc49e78fc3df096a861b2e,eb4c9569-f071-43ab-96c1-79d8d846bafa,2026-08-16 13:49:03.817018+00:00,BUSINESS_INSTITUTIONAL_SCREEN,n315,n316
fifth_share,fifth_share:E0040,rtc_c69b631e49cc49e78fc3df096a861b2e,eb4c9569-f071-43ab-96c1-79d8d846bafa,2026-08-16 13:49:36.517974+00:00,BUSINESS_INSTITUTIONAL_SCREEN,n318,n319
fifth_share,fifth_share:E0041,rtc_c69b631e49cc49e78fc3df096a861b2e,eb4c9569-f071-43ab-96c1-79d8d846bafa,2026-08-16 13:50:12.352989+00:00,BUSINESS_INSTITUTIONAL_SCREEN,n321,n322
fifth_share,fifth_share:E0042,rtc_c69b631e49cc49e78fc3df096a861b2e,eb4c9569-f071-43ab-96c1-79d8d846bafa,2026-08-16 13:50:43.766859+00:00,BUSINESS_INSTITUTIONAL_SCREEN,n324,n325
fifth_share,fifth_share:E0043,rtc_c69b631e49cc49e78fc3df096a861b2e,eb4c9569-f071-43ab-96c1-79d8d846bafa,2026-08-16 13:51:45.963732+00:00,BUSINESS_INSTITUTIONAL_SCREEN,n327,n328
fifth_share,fifth_share:E0044,rtc_c69b631e49cc49e78fc3df096a861b2e,eb4c9569-f071-43ab-96c1-79d8d846bafa,2026-08-16 13:52:11.486597+00:00,BUSINESS_INSTITUTIONAL_SCREEN,n330,n331
fifth_share,fifth_share:E0045,rtc_c69b631e49cc49e78fc3df096a861b2e,eb4c9569-f071-43ab-96c1-79d8d846bafa,2026-08-16 13:54:48.425353+00:00,BUSINESS_INSTITUTIONAL_SCREEN,n339,n340
fifth_share,fifth_share:E0046,rtc_c69b631e49cc49e78fc3df096a861b2e,eb4c9569-f071-43ab-96c1-79d8d846bafa,2026-08-16 13:54:52.466767+00:00,UNIVERSAL_SEMANTIC_SCREEN,n342,ABSENT
fifth_share,fifth_share:E0047,rtc_c69b631e49cc49e78fc3df096a861b2e,eb4c9569-f071-43ab-96c1-79d8d846bafa,2026-08-16 13:54:54.476705+00:00,BUSINESS_INSTITUTIONAL_SCREEN,n347,n348
fifth_share,fifth_share:E0048,rtc_c69b631e49cc49e78fc3df096a861b2e,eb4c9569-f071-43ab-96c1-79d8d846bafa,2026-08-16 13:56:00.479296+00:00,BUSINESS_INSTITUTIONAL_SCREEN,n349,n350
fifth_share,fifth_share:E0049,rtc_c69b631e49cc49e78fc3df096a861b2e,eb4c9569-f071-43ab-96c1-79d8d846bafa,2026-08-16 13:58:16.848679+00:00,BUSINESS_INSTITUTIONAL_SCREEN;UNIVERSAL_SEMANTIC_SCREEN,n354,n355;n356
fifth_share,fifth_share:E0050,rtc_c69b631e49cc49e78fc3df096a861b2e,eb4c9569-f071-43ab-96c1-79d8d846bafa,2026-08-16 13:59:51.003370+00:00,BUSINESS_INSTITUTIONAL_SCREEN,n357,n358
fifth_share,fifth_share:E0051,rtc_c69b631e49cc49e78fc3df096a861b2e,eb4c9569-f071-43ab-96c1-79d8d846bafa,2026-08-16 14:00:59.996080+00:00,BUSINESS_INSTITUTIONAL_SCREEN,n360,n361
fifth_share,fifth_share:E0052,rtc_c69b631e49cc49e78fc3df096a861b2e,eb4c9569-f071-43ab-96c1-79d8d846bafa,2026-08-16 14:01:55.124365+00:00,BUSINESS_INSTITUTIONAL_SCREEN,n363,n364
fifth_share,fifth_share:E0053,rtc_c69b631e49cc49e78fc3df096a861b2e,eb4c9569-f071-43ab-96c1-79d8d846bafa,2026-08-16 14:04:02.379174+00:00,BUSINESS_INSTITUTIONAL_SCREEN,n369,n370
fifth_share,fifth_share:E0054,rtc_c69b631e49cc49e78fc3df096a861b2e,eb4c9569-f071-43ab-96c1-79d8d846bafa,2026-08-16 14:04:55.075828+00:00,BUSINESS_INSTITUTIONAL_SCREEN,n372,n373
fifth_share,fifth_share:E0055,rtc_c69b631e49cc49e78fc3df096a861b2e,eb4c9569-f071-43ab-96c1-79d8d846bafa,2026-08-16 14:09:35.942151+00:00,BUSINESS_INSTITUTIONAL_SCREEN,n379,n380
fifth_share,fifth_share:E0056,rtc_c69b631e49cc49e78fc3df096a861b2e,eb4c9569-f071-43ab-96c1-79d8d846bafa,2026-08-16 14:10:11.090785+00:00,BUSINESS_INSTITUTIONAL_SCREEN,n382,n383;n384
fifth_share,fifth_share:E0057,rtc_c69b631e49cc49e78fc3df096a861b2e,eb4c9569-f071-43ab-96c1-79d8d846bafa,2026-08-16 14:11:14.090665+00:00,BUSINESS_INSTITUTIONAL_SCREEN;FROZEN_INFERENCE_OPPORTUNITY,n385,n386
fifth_share,fifth_share:E0058,rtc_c69b631e49cc49e78fc3df096a861b2e,eb4c9569-f071-43ab-96c1-79d8d846bafa,2026-08-16 14:13:36.440696+00:00,BUSINESS_INSTITUTIONAL_SCREEN;UNIVERSAL_SEMANTIC_SCREEN,n394;n397,n395;n396;n398
fifth_share,fifth_share:E0059,rtc_c69b631e49cc49e78fc3df096a861b2e,eb4c9569-f071-43ab-96c1-79d8d846bafa,2026-08-16 14:14:49.947835+00:00,BUSINESS_INSTITUTIONAL_SCREEN;UNIVERSAL_SEMANTIC_SCREEN,n399,n400
fifth_share,fifth_share:E0060,rtc_c69b631e49cc49e78fc3df096a861b2e,eb4c9569-f071-43ab-96c1-79d8d846bafa,2026-08-16 14:15:04.018874+00:00,BUSINESS_INSTITUTIONAL_SCREEN,n402,n403
fifth_share,fifth_share:E0061,rtc_c69b631e49cc49e78fc3df096a861b2e,eb4c9569-f071-43ab-96c1-79d8d846bafa,2026-08-16 14:15:56.491921+00:00,BUSINESS_INSTITUTIONAL_SCREEN;UNIVERSAL_SEMANTIC_SCREEN,n404,n405
fifth_share,fifth_share:E0062,rtc_c69b631e49cc49e78fc3df096a861b2e,eb4c9569-f071-43ab-96c1-79d8d846bafa,2026-08-16 14:16:49.618055+00:00,BUSINESS_INSTITUTIONAL_SCREEN,n411,n412
fifth_share,fifth_share:E0063,rtc_c69b631e49cc49e78fc3df096a861b2e,eb4c9569-f071-43ab-96c1-79d8d846bafa,2026-08-16 14:17:48.067415+00:00,BUSINESS_INSTITUTIONAL_SCREEN,n413,n414
fifth_share,fifth_share:E0064,rtc_c69b631e49cc49e78fc3df096a861b2e,eb4c9569-f071-43ab-96c1-79d8d846bafa,2026-08-16 14:19:15.553693+00:00,BUSINESS_INSTITUTIONAL_SCREEN,n418,n419
fifth_share,fifth_share:E0065,rtc_c69b631e49cc49e78fc3df096a861b2e,eb4c9569-f071-43ab-96c1-79d8d846bafa,2026-08-16 14:21:06.261234+00:00,BUSINESS_INSTITUTIONAL_SCREEN,n421,n422
fifth_share,fifth_share:E0066,rtc_c69b631e49cc49e78fc3df096a861b2e,eb4c9569-f071-43ab-96c1-79d8d846bafa,2026-08-16 14:21:49.746839+00:00,BUSINESS_INSTITUTIONAL_SCREEN;UNIVERSAL_SEMANTIC_SCREEN,n424,n425
fifth_share,fifth_share:E0067,rtc_c69b631e49cc49e78fc3df096a861b2e,eb4c9569-f071-43ab-96c1-79d8d846bafa,2026-08-16 14:22:56.788366+00:00,AGENCY_NEUTRAL_OPPORTUNITY;BUSINESS_INSTITUTIONAL_SCREEN;FROZEN_INFERENCE_OPPORTUNITY;UNIVERSAL_SEMANTIC_SCREEN,n427;n430,n428;n431;n432
fifth_share,fifth_share:E0068,rtc_c69b631e49cc49e78fc3df096a861b2e,eb4c9569-f071-43ab-96c1-79d8d846bafa,2026-08-16 14:25:17.838228+00:00,BUSINESS_INSTITUTIONAL_SCREEN;UNIVERSAL_SEMANTIC_SCREEN,n433;n436;n439,n434
fifth_share,fifth_share:E0069,rtc_c69b631e49cc49e78fc3df096a861b2e,eb4c9569-f071-43ab-96c1-79d8d846bafa,2026-08-16 14:28:00.962086+00:00,BUSINESS_INSTITUTIONAL_SCREEN,n442,n443
fifth_share,fifth_share:E0070,rtc_c69b631e49cc49e78fc3df096a861b2e,eb4c9569-f071-43ab-96c1-79d8d846bafa,2026-08-16 14:30:09.510810+00:00,BUSINESS_INSTITUTIONAL_SCREEN;UNIVERSAL_SEMANTIC_SCREEN,n445,n446
fifth_share,fifth_share:E0071,rtc_c69b631e49cc49e78fc3df096a861b2e,eb4c9569-f071-43ab-96c1-79d8d846bafa,2026-08-16 14:32:19.058705+00:00,UNIVERSAL_SEMANTIC_SCREEN,n457,n458
fifth_share,fifth_share:E0072,rtc_c69b631e49cc49e78fc3df096a861b2e,eb4c9569-f071-43ab-96c1-79d8d846bafa,2026-08-16 14:36:25.839703+00:00,BUSINESS_INSTITUTIONAL_SCREEN,n472,n473
fifth_share,fifth_share:E0073,rtc_c69b631e49cc49e78fc3df096a861b2e,eb4c9569-f071-43ab-96c1-79d8d846bafa,2026-08-16 14:36:59.414567+00:00,BUSINESS_INSTITUTIONAL_SCREEN,n475,n476
fifth_share,fifth_share:E0074,rtc_c69b631e49cc49e78fc3df096a861b2e,eb4c9569-f071-43ab-96c1-79d8d846bafa,2026-08-16 14:38:50.788723+00:00,BUSINESS_INSTITUTIONAL_SCREEN,n482,n483
fifth_share,fifth_share:E0075,rtc_c69b631e49cc49e78fc3df096a861b2e,eb4c9569-f071-43ab-96c1-79d8d846bafa,2026-08-16 14:39:40.317645+00:00,BUSINESS_INSTITUTIONAL_SCREEN,n485,n486
fifth_share,fifth_share:E0076,rtc_c69b631e49cc49e78fc3df096a861b2e,eb4c9569-f071-43ab-96c1-79d8d846bafa,2026-08-16 14:40:19.758616+00:00,BUSINESS_INSTITUTIONAL_SCREEN;UNIVERSAL_SEMANTIC_SCREEN,n488,n489
fifth_share,fifth_share:E0077,rtc_c69b631e49cc49e78fc3df096a861b2e,eb4c9569-f071-43ab-96c1-79d8d846bafa,2026-08-16 14:40:48.345778+00:00,BUSINESS_INSTITUTIONAL_SCREEN,n491,n492
fifth_share,fifth_share:E0078,rtc_c69b631e49cc49e78fc3df096a861b2e,eb4c9569-f071-43ab-96c1-79d8d846bafa,2026-08-16 14:41:13.952206+00:00,BUSINESS_INSTITUTIONAL_SCREEN,n494,n495
fifth_share,fifth_share:E0079,rtc_c69b631e49cc49e78fc3df096a861b2e,eb4c9569-f071-43ab-96c1-79d8d846bafa,2026-08-16 14:42:05.939595+00:00,BUSINESS_INSTITUTIONAL_SCREEN,n497,n498
fifth_share,fifth_share:E0080,rtc_c69b631e49cc49e78fc3df096a861b2e,eb4c9569-f071-43ab-96c1-79d8d846bafa,2026-08-16 14:44:02.560834+00:00,BUSINESS_INSTITUTIONAL_SCREEN,n500,n501
fifth_share,fifth_share:E0081,rtc_c69b631e49cc49e78fc3df096a861b2e,eb4c9569-f071-43ab-96c1-79d8d846bafa,2026-08-16 14:44:33.395810+00:00,BUSINESS_INSTITUTIONAL_SCREEN,n503,n504;n508
fifth_share,fifth_share:E0082,rtc_c69b631e49cc49e78fc3df096a861b2e,eb4c9569-f071-43ab-96c1-79d8d846bafa,2026-08-16 14:44:45.364206+00:00,AO30_EVENT;BUSINESS_INSTITUTIONAL_SCREEN;UNIVERSAL_SEMANTIC_SCREEN,n509;n519;n528,n510;n522;n529;n530
fifth_share,fifth_share:E0083,rtc_c69b631e49cc49e78fc3df096a861b2e,eb4c9569-f071-43ab-96c1-79d8d846bafa,2026-08-16 14:49:22.816369+00:00,BUSINESS_INSTITUTIONAL_SCREEN,n531,n532;n533
fifth_share,fifth_share:E0084,rtc_c69b631e49cc49e78fc3df096a861b2e,eb4c9569-f071-43ab-96c1-79d8d846bafa,2026-08-16 14:50:57.971339+00:00,BUSINESS_INSTITUTIONAL_SCREEN;FROZEN_INFERENCE_OPPORTUNITY,n534;n537,n535;n538
fifth_share,fifth_share:E0085,rtc_c69b631e49cc49e78fc3df096a861b2e,eb4c9569-f071-43ab-96c1-79d8d846bafa,2026-08-16 14:51:37.612398+00:00,BUSINESS_INSTITUTIONAL_SCREEN;UNIVERSAL_SEMANTIC_SCREEN,n540,n541
fifth_share,fifth_share:E0086,rtc_c69b631e49cc49e78fc3df096a861b2e,eb4c9569-f071-43ab-96c1-79d8d846bafa,2026-08-16 14:51:59.153502+00:00,BUSINESS_INSTITUTIONAL_SCREEN;FROZEN_INFERENCE_OPPORTUNITY;UNIVERSAL_SEMANTIC_SCREEN,n545;n548;n550;n554;n556;n559,n546;n549;n551;n555;n560;n561
fifth_share,fifth_share:E0087,rtc_c69b631e49cc49e78fc3df096a861b2e,eb4c9569-f071-43ab-96c1-79d8d846bafa,2026-08-16 14:55:53.522824+00:00,BUSINESS_INSTITUTIONAL_SCREEN,n565,n566;n567
fifth_share,fifth_share:E0088,rtc_c69b631e49cc49e78fc3df096a861b2e,eb4c9569-f071-43ab-96c1-79d8d846bafa,2026-08-16 14:57:50.943767+00:00,BUSINESS_INSTITUTIONAL_SCREEN;UNIVERSAL_SEMANTIC_SCREEN,n568,n569;n571
fifth_share,fifth_share:E0089,rtc_c69b631e49cc49e78fc3df096a861b2e,eb4c9569-f071-43ab-96c1-79d8d846bafa,2026-08-16 14:58:27.756595+00:00,BUSINESS_INSTITUTIONAL_SCREEN,n572,n573
fifth_share,fifth_share:E0090,rtc_c69b631e49cc49e78fc3df096a861b2e,eb4c9569-f071-43ab-96c1-79d8d846bafa,2026-08-16 15:02:04.486703+00:00,BUSINESS_INSTITUTIONAL_SCREEN;UNIVERSAL_SEMANTIC_SCREEN,n574,n575
fifth_share,fifth_share:E0091,rtc_c69b631e49cc49e78fc3df096a861b2e,eb4c9569-f071-43ab-96c1-79d8d846bafa,2026-08-16 15:02:49.961660+00:00,BUSINESS_INSTITUTIONAL_SCREEN,n577,n578
fifth_share,fifth_share:E0092,rtc_c69b631e49cc49e78fc3df096a861b2e,eb4c9569-f071-43ab-96c1-79d8d846bafa,2026-08-16 15:04:02.176879+00:00,BUSINESS_INSTITUTIONAL_SCREEN,n580,n581
fifth_share,fifth_share:E0093,rtc_c69b631e49cc49e78fc3df096a861b2e,eb4c9569-f071-43ab-96c1-79d8d846bafa,2026-08-16 15:05:10.844072+00:00,AGENCY_NEUTRAL_OPPORTUNITY;BUSINESS_INSTITUTIONAL_SCREEN;FROZEN_INFERENCE_OPPORTUNITY;UNIVERSAL_SEMANTIC_SCREEN,n583;n586,n584;n587
fifth_share,fifth_share:E0094,rtc_c69b631e49cc49e78fc3df096a861b2e,eb4c9569-f071-43ab-96c1-79d8d846bafa,2026-08-16 15:08:16.471981+00:00,BUSINESS_INSTITUTIONAL_SCREEN,n589,n590
fifth_share,fifth_share:E0095,rtc_c69b631e49cc49e78fc3df096a861b2e,eb4c9569-f071-43ab-96c1-79d8d846bafa,2026-08-16 15:08:22.744565+00:00,BUSINESS_INSTITUTIONAL_SCREEN,n592,n593
fifth_share,fifth_share:E0096,rtc_c69b631e49cc49e78fc3df096a861b2e,eb4c9569-f071-43ab-96c1-79d8d846bafa,2026-08-16 15:09:01.511685+00:00,BUSINESS_INSTITUTIONAL_SCREEN;UNIVERSAL_SEMANTIC_SCREEN,n595,n596
fifth_share,fifth_share:E0097,rtc_c69b631e49cc49e78fc3df096a861b2e,eb4c9569-f071-43ab-96c1-79d8d846bafa,2026-08-16 15:10:27.112256+00:00,BUSINESS_INSTITUTIONAL_SCREEN,n597,n598
fifth_share,fifth_share:E0098,rtc_c69b631e49cc49e78fc3df096a861b2e,eb4c9569-f071-43ab-96c1-79d8d846bafa,2026-08-16 15:11:15.215796+00:00,BUSINESS_INSTITUTIONAL_SCREEN;FROZEN_INFERENCE_OPPORTUNITY;UNIVERSAL_SEMANTIC_SCREEN,n600,n601
fifth_share,fifth_share:E0099,rtc_c69b631e49cc49e78fc3df096a861b2e,eb4c9569-f071-43ab-96c1-79d8d846bafa,2026-08-16 15:12:11.805931+00:00,BUSINESS_INSTITUTIONAL_SCREEN,n603,n604
fifth_share,fifth_share:E0100,rtc_c69b631e49cc49e78fc3df096a861b2e,eb4c9569-f071-43ab-96c1-79d8d846bafa,2026-08-16 15:13:23.853873+00:00,BUSINESS_INSTITUTIONAL_SCREEN,n606,n607
fifth_share,fifth_share:E0101,rtc_c69b631e49cc49e78fc3df096a861b2e,eb4c9569-f071-43ab-96c1-79d8d846bafa,2026-08-16 15:14:07.115619+00:00,BUSINESS_INSTITUTIONAL_SCREEN;UNIVERSAL_SEMANTIC_SCREEN,n609,n610
fifth_share,fifth_share:E0102,rtc_c69b631e49cc49e78fc3df096a861b2e,eb4c9569-f071-43ab-96c1-79d8d846bafa,2026-08-16 15:15:26.922276+00:00,BUSINESS_INSTITUTIONAL_SCREEN,n612,n613
fifth_share,fifth_share:E0103,rtc_c69b631e49cc49e78fc3df096a861b2e,eb4c9569-f071-43ab-96c1-79d8d846bafa,2026-08-16 15:15:32.835482+00:00,AGENCY_NEUTRAL_OPPORTUNITY;BUSINESS_INSTITUTIONAL_SCREEN;FROZEN_INFERENCE_OPPORTUNITY;UNIVERSAL_SEMANTIC_SCREEN,n615;n618,n616;n619
fifth_share,fifth_share:E0104,rtc_c69b631e49cc49e78fc3df096a861b2e,eb4c9569-f071-43ab-96c1-79d8d846bafa,2026-08-16 15:17:35.531865+00:00,BUSINESS_INSTITUTIONAL_SCREEN;UNIVERSAL_SEMANTIC_SCREEN,n622,n623
fifth_share,fifth_share:E0105,rtc_c69b631e49cc49e78fc3df096a861b2e,eb4c9569-f071-43ab-96c1-79d8d846bafa,2026-08-16 15:18:11.015653+00:00,BUSINESS_INSTITUTIONAL_SCREEN,n625,n626
fifth_share,fifth_share:E0106,rtc_c69b631e49cc49e78fc3df096a861b2e,eb4c9569-f071-43ab-96c1-79d8d846bafa,2026-08-16 15:18:46.206431+00:00,BUSINESS_INSTITUTIONAL_SCREEN,n628,n629;n630
fifth_share,fifth_share:E0107,rtc_c69b631e49cc49e78fc3df096a861b2e,eb4c9569-f071-43ab-96c1-79d8d846bafa,2026-08-16 15:21:29.458004+00:00,BUSINESS_INSTITUTIONAL_SCREEN;FROZEN_INFERENCE_OPPORTUNITY;RTC_RULE_EPISODE;UNIVERSAL_SEMANTIC_SCREEN,n638;n641;n643;n645;n648;n651;n653;n657;n665;n667;n669;n671;n673,n635;n639;n642;n644;n646;n649;n652;n661;n664;n666;n668;n670;n672;n674
fifth_share,fifth_share:E0108,rtc_9fdd9b27759d4046820f6077cdee2ef9,7a855b6b-274c-4bcf-838a-7a47ee4fd108,2026-08-16 15:32:40.911833+00:00,BUSINESS_INSTITUTIONAL_SCREEN;UNIVERSAL_SEMANTIC_SCREEN,n675,n676
fifth_share,fifth_share:E0109,rtc_9fdd9b27759d4046820f6077cdee2ef9,7a855b6b-274c-4bcf-838a-7a47ee4fd108,2026-08-16 15:33:35.447184+00:00,BUSINESS_INSTITUTIONAL_SCREEN;FROZEN_INFERENCE_OPPORTUNITY;UNIVERSAL_SEMANTIC_SCREEN,n677;n679,n678;n680
fifth_share,fifth_share:E0110,rtc_9fdd9b27759d4046820f6077cdee2ef9,7a855b6b-274c-4bcf-838a-7a47ee4fd108,2026-08-16 15:49:04.904629+00:00,BUSINESS_INSTITUTIONAL_SCREEN;UNIVERSAL_SEMANTIC_SCREEN,n681,n682
fifth_share,fifth_share:E0111,rtc_9fdd9b27759d4046820f6077cdee2ef9,7a855b6b-274c-4bcf-838a-7a47ee4fd108,2026-08-16 15:49:06.847234+00:00,AGENCY_NEUTRAL_OPPORTUNITY;BUSINESS_INSTITUTIONAL_SCREEN;FROZEN_INFERENCE_OPPORTUNITY;UNIVERSAL_SEMANTIC_SCREEN,n684;n686;n688;n690;n693,n685;n687;n689;n691;n694
fifth_share,fifth_share:E0112,rtc_9fdd9b27759d4046820f6077cdee2ef9,7a855b6b-274c-4bcf-838a-7a47ee4fd108,2026-08-16 15:52:33.531102+00:00,AGENCY_NEUTRAL_OPPORTUNITY;BUSINESS_INSTITUTIONAL_SCREEN;FROZEN_INFERENCE_OPPORTUNITY,n696,n697
fifth_share,fifth_share:E0113,rtc_9fdd9b27759d4046820f6077cdee2ef9,7a855b6b-274c-4bcf-838a-7a47ee4fd108,2026-08-16 15:52:50.636715+00:00,BUSINESS_INSTITUTIONAL_SCREEN;FROZEN_INFERENCE_OPPORTUNITY;UNIVERSAL_SEMANTIC_SCREEN,n699,n700;n701
fifth_share,fifth_share:E0114,rtc_9fdd9b27759d4046820f6077cdee2ef9,7a855b6b-274c-4bcf-838a-7a47ee4fd108,2026-08-16 15:53:44.840170+00:00,BUSINESS_INSTITUTIONAL_SCREEN;UNIVERSAL_SEMANTIC_SCREEN,n702,n703
fifth_share,fifth_share:E0115,rtc_9fdd9b27759d4046820f6077cdee2ef9,7a855b6b-274c-4bcf-838a-7a47ee4fd108,2026-08-16 15:53:55.458898+00:00,AGENCY_NEUTRAL_OPPORTUNITY;BUSINESS_INSTITUTIONAL_SCREEN;FROZEN_INFERENCE_OPPORTUNITY;UNIVERSAL_SEMANTIC_SCREEN,n705,n706
fifth_share,fifth_share:E0116,rtc_9fdd9b27759d4046820f6077cdee2ef9,7a855b6b-274c-4bcf-838a-7a47ee4fd108,2026-08-16 15:54:27.882568+00:00,BUSINESS_INSTITUTIONAL_SCREEN,n707,n708
fifth_share,fifth_share:E0117,rtc_9fdd9b27759d4046820f6077cdee2ef9,7a855b6b-274c-4bcf-838a-7a47ee4fd108,2026-08-16 15:55:38.565704+00:00,BUSINESS_INSTITUTIONAL_SCREEN;FROZEN_INFERENCE_OPPORTUNITY;UNIVERSAL_SEMANTIC_SCREEN,n709;n712,n710;n713
fifth_share,fifth_share:E0118,rtc_9fdd9b27759d4046820f6077cdee2ef9,7a855b6b-274c-4bcf-838a-7a47ee4fd108,2026-08-16 15:57:30.671432+00:00,AGENCY_NEUTRAL_OPPORTUNITY;BUSINESS_INSTITUTIONAL_SCREEN;FROZEN_INFERENCE_OPPORTUNITY;UNIVERSAL_SEMANTIC_SCREEN,n715,n716
fifth_share,fifth_share:E0119,rtc_9fdd9b27759d4046820f6077cdee2ef9,7a855b6b-274c-4bcf-838a-7a47ee4fd108,2026-08-16 16:01:00.866414+00:00,BUSINESS_INSTITUTIONAL_SCREEN;FROZEN_INFERENCE_OPPORTUNITY;UNIVERSAL_SEMANTIC_SCREEN,n718,n719
fifth_share,fifth_share:E0120,rtc_9fdd9b27759d4046820f6077cdee2ef9,7a855b6b-274c-4bcf-838a-7a47ee4fd108,2026-08-16 16:01:32.820415+00:00,AGENCY_NEUTRAL_OPPORTUNITY;BUSINESS_INSTITUTIONAL_SCREEN;FROZEN_INFERENCE_OPPORTUNITY;UNIVERSAL_SEMANTIC_SCREEN,n721;n724,n722
fifth_share,fifth_share:E0121,rtc_9fdd9b27759d4046820f6077cdee2ef9,7a855b6b-274c-4bcf-838a-7a47ee4fd108,2026-08-16 16:03:16.206277+00:00,BUSINESS_INSTITUTIONAL_SCREEN,n727,n728;n729;n730
fifth_share,fifth_share:E0122,rtc_9fdd9b27759d4046820f6077cdee2ef9,7a855b6b-274c-4bcf-838a-7a47ee4fd108,2026-08-16 16:05:37.233886+00:00,BUSINESS_INSTITUTIONAL_SCREEN,n731,n732
fifth_share,fifth_share:E0123,rtc_9fdd9b27759d4046820f6077cdee2ef9,7a855b6b-274c-4bcf-838a-7a47ee4fd108,2026-08-16 16:06:00.889877+00:00,BUSINESS_INSTITUTIONAL_SCREEN;UNIVERSAL_SEMANTIC_SCREEN,n734,n735
fifth_share,fifth_share:E0124,rtc_9fdd9b27759d4046820f6077cdee2ef9,7a855b6b-274c-4bcf-838a-7a47ee4fd108,2026-08-16 16:06:54.508286+00:00,AGENCY_NEUTRAL_OPPORTUNITY;BUSINESS_INSTITUTIONAL_SCREEN;FROZEN_INFERENCE_OPPORTUNITY;UNIVERSAL_SEMANTIC_SCREEN,n737,n738
fifth_share,fifth_share:E0125,rtc_9fdd9b27759d4046820f6077cdee2ef9,7a855b6b-274c-4bcf-838a-7a47ee4fd108,2026-08-16 16:07:35.481092+00:00,BUSINESS_INSTITUTIONAL_SCREEN;UNIVERSAL_SEMANTIC_SCREEN,n740,n741
fifth_share,fifth_share:E0126,rtc_9fdd9b27759d4046820f6077cdee2ef9,7a855b6b-274c-4bcf-838a-7a47ee4fd108,2026-08-16 16:08:23.983294+00:00,BUSINESS_INSTITUTIONAL_SCREEN;UNIVERSAL_SEMANTIC_SCREEN,n743;n746,n744
fifth_share,fifth_share:E0127,rtc_9fdd9b27759d4046820f6077cdee2ef9,7a855b6b-274c-4bcf-838a-7a47ee4fd108,2026-08-16 16:13:24.562492+00:00,BUSINESS_INSTITUTIONAL_SCREEN;UNIVERSAL_SEMANTIC_SCREEN,n749,n750;n751
fifth_share,fifth_share:E0128,rtc_9fdd9b27759d4046820f6077cdee2ef9,7a855b6b-274c-4bcf-838a-7a47ee4fd108,2026-08-16 16:14:03.248634+00:00,AGENCY_NEUTRAL_OPPORTUNITY;BUSINESS_INSTITUTIONAL_SCREEN;FROZEN_INFERENCE_OPPORTUNITY;UNIVERSAL_SEMANTIC_SCREEN,n752,n753
fifth_share,fifth_share:E0129,rtc_9fdd9b27759d4046820f6077cdee2ef9,7a855b6b-274c-4bcf-838a-7a47ee4fd108,2026-08-16 16:14:43.271192+00:00,AGENCY_NEUTRAL_OPPORTUNITY;BUSINESS_INSTITUTIONAL_SCREEN;UNIVERSAL_SEMANTIC_SCREEN,n755,n756
fifth_share,fifth_share:E0130,rtc_9fdd9b27759d4046820f6077cdee2ef9,7a855b6b-274c-4bcf-838a-7a47ee4fd108,2026-08-16 16:16:30.420490+00:00,UNIVERSAL_SEMANTIC_SCREEN,n757,ABSENT
fifth_share,fifth_share:E0131,rtc_9fdd9b27759d4046820f6077cdee2ef9,7a855b6b-274c-4bcf-838a-7a47ee4fd108,2026-08-16 16:17:09.532350+00:00,BUSINESS_INSTITUTIONAL_SCREEN,n760,n761;n762
fifth_share,fifth_share:E0132,rtc_9fdd9b27759d4046820f6077cdee2ef9,7a855b6b-274c-4bcf-838a-7a47ee4fd108,2026-08-16 16:17:10.151042+00:00,BUSINESS_INSTITUTIONAL_SCREEN;UNIVERSAL_SEMANTIC_SCREEN,n763,n764
fifth_share,fifth_share:E0133,rtc_9fdd9b27759d4046820f6077cdee2ef9,7a855b6b-274c-4bcf-838a-7a47ee4fd108,2026-08-16 16:18:55.774336+00:00,BUSINESS_INSTITUTIONAL_SCREEN;UNIVERSAL_SEMANTIC_SCREEN,n766,n767
fifth_share,fifth_share:E0134,rtc_9fdd9b27759d4046820f6077cdee2ef9,7a855b6b-274c-4bcf-838a-7a47ee4fd108,2026-08-16 16:19:27.900831+00:00,AGENCY_NEUTRAL_OPPORTUNITY;BUSINESS_INSTITUTIONAL_SCREEN;UNIVERSAL_SEMANTIC_SCREEN,n769,n770
fifth_share,fifth_share:E0135,rtc_9fdd9b27759d4046820f6077cdee2ef9,7a855b6b-274c-4bcf-838a-7a47ee4fd108,2026-08-16 16:20:06.256169+00:00,AGENCY_NEUTRAL_OPPORTUNITY;BUSINESS_INSTITUTIONAL_SCREEN;FROZEN_INFERENCE_OPPORTUNITY,n772,n773;n774
fifth_share,fifth_share:E0136,rtc_9fdd9b27759d4046820f6077cdee2ef9,7a855b6b-274c-4bcf-838a-7a47ee4fd108,2026-08-16 16:21:40.644261+00:00,AGENCY_NEUTRAL_OPPORTUNITY;AO30_EVENT;BUSINESS_INSTITUTIONAL_SCREEN;FROZEN_INFERENCE_OPPORTUNITY;UNIVERSAL_SEMANTIC_SCREEN,n775;n778;n781;n784;n787;n790;n793;n796;n799;n802;n805;n808;n811;n814;n817;n820;n823;n826;n829,n776;n779;n782;n786;n788;n789;n794;n795;n797;n800;n803;n804;n806;n809;n815;n818;n821;n824;n827
fifth_share,fifth_share:E0137,rtc_9fdd9b27759d4046820f6077cdee2ef9,7a855b6b-274c-4bcf-838a-7a47ee4fd108,2026-08-16 16:42:20.854442+00:00,AGENCY_NEUTRAL_OPPORTUNITY;BUSINESS_INSTITUTIONAL_SCREEN,n832,n833
fifth_share,fifth_share:E0138,rtc_9fdd9b27759d4046820f6077cdee2ef9,7a855b6b-274c-4bcf-838a-7a47ee4fd108,2026-08-16 16:43:26.822568+00:00,AGENCY_NEUTRAL_OPPORTUNITY;BUSINESS_INSTITUTIONAL_SCREEN;FROZEN_INFERENCE_OPPORTUNITY;UNIVERSAL_SEMANTIC_SCREEN,n835,n836
fifth_share,fifth_share:E0139,rtc_9fdd9b27759d4046820f6077cdee2ef9,7a855b6b-274c-4bcf-838a-7a47ee4fd108,2026-08-16 16:44:11.895334+00:00,AGENCY_NEUTRAL_OPPORTUNITY;BUSINESS_INSTITUTIONAL_SCREEN;FROZEN_INFERENCE_OPPORTUNITY;UNIVERSAL_SEMANTIC_SCREEN,n838;n841,n839;n842
fifth_share,fifth_share:E0140,rtc_9fdd9b27759d4046820f6077cdee2ef9,7a855b6b-274c-4bcf-838a-7a47ee4fd108,2026-08-16 16:45:34.647905+00:00,BUSINESS_INSTITUTIONAL_SCREEN;UNIVERSAL_SEMANTIC_SCREEN,n844,n845;n846
fifth_share,fifth_share:E0141,rtc_9fdd9b27759d4046820f6077cdee2ef9,7a855b6b-274c-4bcf-838a-7a47ee4fd108,2026-08-16 16:47:09.094162+00:00,AGENCY_NEUTRAL_OPPORTUNITY;BUSINESS_INSTITUTIONAL_SCREEN;FROZEN_INFERENCE_OPPORTUNITY;UNIVERSAL_SEMANTIC_SCREEN,n849,n850;n851
fifth_share,fifth_share:E0142,rtc_9fdd9b27759d4046820f6077cdee2ef9,7a855b6b-274c-4bcf-838a-7a47ee4fd108,2026-08-16 16:48:17.096039+00:00,BUSINESS_INSTITUTIONAL_SCREEN;UNIVERSAL_SEMANTIC_SCREEN,n852,n853
fifth_share,fifth_share:E0143,rtc_9fdd9b27759d4046820f6077cdee2ef9,7a855b6b-274c-4bcf-838a-7a47ee4fd108,2026-08-16 16:48:58.721929+00:00,AGENCY_NEUTRAL_OPPORTUNITY;BUSINESS_INSTITUTIONAL_SCREEN;FROZEN_INFERENCE_OPPORTUNITY;UNIVERSAL_SEMANTIC_SCREEN,n855,n856
fifth_share,fifth_share:E0144,rtc_9fdd9b27759d4046820f6077cdee2ef9,7a855b6b-274c-4bcf-838a-7a47ee4fd108,2026-08-16 16:50:25.668803+00:00,AGENCY_NEUTRAL_OPPORTUNITY;AO30_EVENT;BUSINESS_INSTITUTIONAL_SCREEN;FROZEN_INFERENCE_OPPORTUNITY;UNIVERSAL_SEMANTIC_SCREEN,n858;n861;n864;n867;n870;n873;n876;n879;n881,n859;n863;n865;n866;n868;n869;n871;n872;n877;n880;n883;n884
fifth_share,fifth_share:E0145,rtc_9fdd9b27759d4046820f6077cdee2ef9,7a855b6b-274c-4bcf-838a-7a47ee4fd108,2026-08-16 17:08:28.185706+00:00,BUSINESS_INSTITUTIONAL_SCREEN;UNIVERSAL_SEMANTIC_SCREEN,n885,n886;n887
first_share,first_share:E0001,rtc_31d6da310ab8459c9ce8d45fed849099,2759271f-2a51-4fcd-bd33-ef860d7a0a5f,2026-08-17 22:10:19.233101+00:00,UNIVERSAL_SEMANTIC_SCREEN,n19,n20
first_share,first_share:E0002,rtc_31d6da310ab8459c9ce8d45fed849099,2759271f-2a51-4fcd-bd33-ef860d7a0a5f,2026-08-17 22:11:39.248992+00:00,UNIVERSAL_SEMANTIC_SCREEN,n30,n31
first_share,first_share:E0003,rtc_31d6da310ab8459c9ce8d45fed849099,2759271f-2a51-4fcd-bd33-ef860d7a0a5f,2026-08-17 22:12:24.952121+00:00,UNIVERSAL_SEMANTIC_SCREEN,n34,n35
first_share,first_share:E0004,rtc_31d6da310ab8459c9ce8d45fed849099,2759271f-2a51-4fcd-bd33-ef860d7a0a5f,2026-08-17 22:15:45.113767+00:00,BUSINESS_INSTITUTIONAL_SCREEN,n56,n57
first_share,first_share:E0005,rtc_31d6da310ab8459c9ce8d45fed849099,2759271f-2a51-4fcd-bd33-ef860d7a0a5f,2026-08-17 22:16:45.139128+00:00,UNIVERSAL_SEMANTIC_SCREEN,n64,n65
first_share,first_share:E0006,rtc_31d6da310ab8459c9ce8d45fed849099,2759271f-2a51-4fcd-bd33-ef860d7a0a5f,2026-08-17 22:16:59.112037+00:00,BUSINESS_INSTITUTIONAL_SCREEN,n66,n67
first_share,first_share:E0007,rtc_31d6da310ab8459c9ce8d45fed849099,2759271f-2a51-4fcd-bd33-ef860d7a0a5f,2026-08-17 22:19:02.825408+00:00,BUSINESS_INSTITUTIONAL_SCREEN;UNIVERSAL_SEMANTIC_SCREEN,n88,n89
first_share,first_share:E0008,rtc_31d6da310ab8459c9ce8d45fed849099,2759271f-2a51-4fcd-bd33-ef860d7a0a5f,2026-08-17 22:21:30.138408+00:00,BUSINESS_INSTITUTIONAL_SCREEN;UNIVERSAL_SEMANTIC_SCREEN,n109,n110;n111
first_share,first_share:E0009,rtc_31d6da310ab8459c9ce8d45fed849099,2759271f-2a51-4fcd-bd33-ef860d7a0a5f,2026-08-17 22:22:04.027800+00:00,UNIVERSAL_SEMANTIC_SCREEN,n114,n115;n116
first_share,first_share:E0010,rtc_31d6da310ab8459c9ce8d45fed849099,2759271f-2a51-4fcd-bd33-ef860d7a0a5f,2026-08-17 22:25:49.996379+00:00,AO30_EVENT;UNIVERSAL_SEMANTIC_SCREEN,n133;n152,n134;n135;n136;n153;n154
first_share,first_share:E0011,rtc_31d6da310ab8459c9ce8d45fed849099,2759271f-2a51-4fcd-bd33-ef860d7a0a5f,2026-08-17 22:29:30.435182+00:00,UNIVERSAL_SEMANTIC_SCREEN,n155,n156
first_share,first_share:E0012,rtc_31d6da310ab8459c9ce8d45fed849099,2759271f-2a51-4fcd-bd33-ef860d7a0a5f,2026-08-17 22:31:54.386184+00:00,UNIVERSAL_SEMANTIC_SCREEN,n167,n168
first_share,first_share:E0013,rtc_31d6da310ab8459c9ce8d45fed849099,2759271f-2a51-4fcd-bd33-ef860d7a0a5f,2026-08-17 22:32:21.069180+00:00,UNIVERSAL_SEMANTIC_SCREEN,n169,n170
first_share,first_share:E0014,rtc_31d6da310ab8459c9ce8d45fed849099,2759271f-2a51-4fcd-bd33-ef860d7a0a5f,2026-08-17 22:33:47.570053+00:00,BUSINESS_INSTITUTIONAL_SCREEN;UNIVERSAL_SEMANTIC_SCREEN,n175,n176
first_share,first_share:E0015,rtc_31d6da310ab8459c9ce8d45fed849099,2759271f-2a51-4fcd-bd33-ef860d7a0a5f,2026-08-17 22:34:07.251001+00:00,BUSINESS_INSTITUTIONAL_SCREEN;UNIVERSAL_SEMANTIC_SCREEN,n177,n178
first_share,first_share:E0016,rtc_31d6da310ab8459c9ce8d45fed849099,2759271f-2a51-4fcd-bd33-ef860d7a0a5f,2026-08-17 22:35:05.278145+00:00,BUSINESS_INSTITUTIONAL_SCREEN;UNIVERSAL_SEMANTIC_SCREEN,n181;n183,n182;n184
first_share,first_share:E0017,rtc_31d6da310ab8459c9ce8d45fed849099,2759271f-2a51-4fcd-bd33-ef860d7a0a5f,2026-08-17 22:35:55.872926+00:00,BUSINESS_INSTITUTIONAL_SCREEN;UNIVERSAL_SEMANTIC_SCREEN,n187;n190,n188;n189;n191
first_share,first_share:E0018,rtc_31d6da310ab8459c9ce8d45fed849099,2759271f-2a51-4fcd-bd33-ef860d7a0a5f,2026-08-17 22:37:54.738806+00:00,BUSINESS_INSTITUTIONAL_SCREEN;UNIVERSAL_SEMANTIC_SCREEN,n192,n193;n194
first_share,first_share:E0019,rtc_31d6da310ab8459c9ce8d45fed849099,2759271f-2a51-4fcd-bd33-ef860d7a0a5f,2026-08-17 22:38:34.981593+00:00,BUSINESS_INSTITUTIONAL_SCREEN;UNIVERSAL_SEMANTIC_SCREEN,n197,n198;n199
first_share,first_share:E0020,rtc_31d6da310ab8459c9ce8d45fed849099,2759271f-2a51-4fcd-bd33-ef860d7a0a5f,2026-08-17 22:38:56.812040+00:00,BUSINESS_INSTITUTIONAL_SCREEN;UNIVERSAL_SEMANTIC_SCREEN,n200;n202,n201;n203
first_share,first_share:E0021,rtc_31d6da310ab8459c9ce8d45fed849099,2759271f-2a51-4fcd-bd33-ef860d7a0a5f,2026-08-17 22:40:47.576577+00:00,BUSINESS_INSTITUTIONAL_SCREEN;UNIVERSAL_SEMANTIC_SCREEN,n206,n207
first_share,first_share:E0022,rtc_31d6da310ab8459c9ce8d45fed849099,2759271f-2a51-4fcd-bd33-ef860d7a0a5f,2026-08-17 22:42:24.304991+00:00,UNIVERSAL_SEMANTIC_SCREEN,n212,n213
first_share,first_share:E0023,rtc_31d6da310ab8459c9ce8d45fed849099,2759271f-2a51-4fcd-bd33-ef860d7a0a5f,2026-08-17 22:42:49.713444+00:00,UNIVERSAL_SEMANTIC_SCREEN,n214,n215
first_share,first_share:E0024,rtc_31d6da310ab8459c9ce8d45fed849099,2759271f-2a51-4fcd-bd33-ef860d7a0a5f,2026-08-17 22:43:37.991693+00:00,BUSINESS_INSTITUTIONAL_SCREEN,n216,n217
first_share,first_share:E0025,rtc_31d6da310ab8459c9ce8d45fed849099,2759271f-2a51-4fcd-bd33-ef860d7a0a5f,2026-08-17 22:46:37.395776+00:00,BUSINESS_INSTITUTIONAL_SCREEN;FROZEN_INFERENCE_OPPORTUNITY,n229,n230
first_share,first_share:E0026,rtc_31d6da310ab8459c9ce8d45fed849099,2759271f-2a51-4fcd-bd33-ef860d7a0a5f,2026-08-17 22:48:48.725997+00:00,UNIVERSAL_SEMANTIC_SCREEN,n235,ABSENT
first_share,first_share:E0027,rtc_31d6da310ab8459c9ce8d45fed849099,2759271f-2a51-4fcd-bd33-ef860d7a0a5f,2026-08-17 22:49:18.531546+00:00,BUSINESS_INSTITUTIONAL_SCREEN;UNIVERSAL_SEMANTIC_SCREEN,n237,n238
first_share,first_share:E0028,rtc_31d6da310ab8459c9ce8d45fed849099,2759271f-2a51-4fcd-bd33-ef860d7a0a5f,2026-08-17 22:49:35.413897+00:00,BUSINESS_INSTITUTIONAL_SCREEN,n240,n241
first_share,first_share:E0029,rtc_31d6da310ab8459c9ce8d45fed849099,2759271f-2a51-4fcd-bd33-ef860d7a0a5f,2026-08-17 22:49:47.962743+00:00,BUSINESS_INSTITUTIONAL_SCREEN;UNIVERSAL_SEMANTIC_SCREEN,n242,n243
first_share,first_share:E0030,rtc_31d6da310ab8459c9ce8d45fed849099,2759271f-2a51-4fcd-bd33-ef860d7a0a5f,2026-08-17 22:50:26.765182+00:00,BUSINESS_INSTITUTIONAL_SCREEN;UNIVERSAL_SEMANTIC_SCREEN,n244;n246;n248,n245;n247;n249
first_share,first_share:E0031,rtc_31d6da310ab8459c9ce8d45fed849099,2759271f-2a51-4fcd-bd33-ef860d7a0a5f,2026-08-17 22:52:15.797299+00:00,BUSINESS_INSTITUTIONAL_SCREEN;UNIVERSAL_SEMANTIC_SCREEN,n250,n251;n252;n253
first_share,first_share:E0032,rtc_31d6da310ab8459c9ce8d45fed849099,2759271f-2a51-4fcd-bd33-ef860d7a0a5f,2026-08-17 22:52:45.367439+00:00,BUSINESS_INSTITUTIONAL_SCREEN,n254,n255
first_share,first_share:E0033,rtc_31d6da310ab8459c9ce8d45fed849099,2759271f-2a51-4fcd-bd33-ef860d7a0a5f,2026-08-17 22:52:59.817910+00:00,BUSINESS_INSTITUTIONAL_SCREEN,n256,n257
first_share,first_share:E0034,rtc_31d6da310ab8459c9ce8d45fed849099,2759271f-2a51-4fcd-bd33-ef860d7a0a5f,2026-08-17 22:53:42.895583+00:00,BUSINESS_INSTITUTIONAL_SCREEN,n262,n263
first_share,first_share:E0035,rtc_31d6da310ab8459c9ce8d45fed849099,2759271f-2a51-4fcd-bd33-ef860d7a0a5f,2026-08-17 22:54:25.451934+00:00,BUSINESS_INSTITUTIONAL_SCREEN;FROZEN_INFERENCE_OPPORTUNITY;UNIVERSAL_SEMANTIC_SCREEN,n264,n265
first_share,first_share:E0036,rtc_31d6da310ab8459c9ce8d45fed849099,2759271f-2a51-4fcd-bd33-ef860d7a0a5f,2026-08-17 22:55:35.734918+00:00,UNIVERSAL_SEMANTIC_SCREEN,n268,n269
first_share,first_share:E0037,rtc_31d6da310ab8459c9ce8d45fed849099,2759271f-2a51-4fcd-bd33-ef860d7a0a5f,2026-08-17 22:56:21.823639+00:00,UNIVERSAL_SEMANTIC_SCREEN,n270,n271
first_share,first_share:E0038,rtc_31d6da310ab8459c9ce8d45fed849099,2759271f-2a51-4fcd-bd33-ef860d7a0a5f,2026-08-17 22:57:06.456194+00:00,UNIVERSAL_SEMANTIC_SCREEN,n272,n273;n274
first_share,first_share:E0039,rtc_31d6da310ab8459c9ce8d45fed849099,2759271f-2a51-4fcd-bd33-ef860d7a0a5f,2026-08-17 22:57:55.816628+00:00,BUSINESS_INSTITUTIONAL_SCREEN,n277,n278
first_share,first_share:E0040,rtc_31d6da310ab8459c9ce8d45fed849099,2759271f-2a51-4fcd-bd33-ef860d7a0a5f,2026-08-17 22:59:22.554870+00:00,BUSINESS_INSTITUTIONAL_SCREEN;UNIVERSAL_SEMANTIC_SCREEN,n283,n284
first_share,first_share:E0041,rtc_31d6da310ab8459c9ce8d45fed849099,2759271f-2a51-4fcd-bd33-ef860d7a0a5f,2026-08-17 23:00:46.521396+00:00,BUSINESS_INSTITUTIONAL_SCREEN;UNIVERSAL_SEMANTIC_SCREEN,n291,n292
first_share,first_share:E0042,rtc_31d6da310ab8459c9ce8d45fed849099,2759271f-2a51-4fcd-bd33-ef860d7a0a5f,2026-08-17 23:01:58.307933+00:00,BUSINESS_INSTITUTIONAL_SCREEN;UNIVERSAL_SEMANTIC_SCREEN,n295;n297,n296;n298
first_share,first_share:E0043,rtc_31d6da310ab8459c9ce8d45fed849099,2759271f-2a51-4fcd-bd33-ef860d7a0a5f,2026-08-17 23:03:36.829231+00:00,BUSINESS_INSTITUTIONAL_SCREEN;UNIVERSAL_SEMANTIC_SCREEN,n299,n300
first_share,first_share:E0044,rtc_31d6da310ab8459c9ce8d45fed849099,2759271f-2a51-4fcd-bd33-ef860d7a0a5f,2026-08-17 23:04:31.608288+00:00,BUSINESS_INSTITUTIONAL_SCREEN;UNIVERSAL_SEMANTIC_SCREEN,n301;n303,n302
first_share,first_share:E0045,rtc_31d6da310ab8459c9ce8d45fed849099,2759271f-2a51-4fcd-bd33-ef860d7a0a5f,2026-08-17 23:06:49.046640+00:00,BUSINESS_INSTITUTIONAL_SCREEN;UNIVERSAL_SEMANTIC_SCREEN,n308,n309
first_share,first_share:E0046,rtc_31d6da310ab8459c9ce8d45fed849099,2759271f-2a51-4fcd-bd33-ef860d7a0a5f,2026-08-17 23:07:05.806990+00:00,UNIVERSAL_SEMANTIC_SCREEN,n310,n311;n312
first_share,first_share:E0047,rtc_31d6da310ab8459c9ce8d45fed849099,2759271f-2a51-4fcd-bd33-ef860d7a0a5f,2026-08-17 23:07:59.423688+00:00,UNIVERSAL_SEMANTIC_SCREEN,n313,n314
first_share,first_share:E0048,rtc_31d6da310ab8459c9ce8d45fed849099,2759271f-2a51-4fcd-bd33-ef860d7a0a5f,2026-08-17 23:09:45.393070+00:00,UNIVERSAL_SEMANTIC_SCREEN,n315,n316
first_share,first_share:E0049,rtc_31d6da310ab8459c9ce8d45fed849099,2759271f-2a51-4fcd-bd33-ef860d7a0a5f,2026-08-17 23:11:22.549209+00:00,UNIVERSAL_SEMANTIC_SCREEN,n319,ABSENT
first_share,first_share:E0050,rtc_31d6da310ab8459c9ce8d45fed849099,2759271f-2a51-4fcd-bd33-ef860d7a0a5f,2026-08-17 23:11:54.023340+00:00,BUSINESS_INSTITUTIONAL_SCREEN;UNIVERSAL_SEMANTIC_SCREEN,n324,n325
first_share,first_share:E0051,rtc_31d6da310ab8459c9ce8d45fed849099,2759271f-2a51-4fcd-bd33-ef860d7a0a5f,2026-08-17 23:12:47.538326+00:00,BUSINESS_INSTITUTIONAL_SCREEN,n326,n327
first_share,first_share:E0052,rtc_31d6da310ab8459c9ce8d45fed849099,2759271f-2a51-4fcd-bd33-ef860d7a0a5f,2026-08-17 23:13:54.519591+00:00,BUSINESS_INSTITUTIONAL_SCREEN;UNIVERSAL_SEMANTIC_SCREEN,n328,n329
first_share,first_share:E0053,rtc_31d6da310ab8459c9ce8d45fed849099,2759271f-2a51-4fcd-bd33-ef860d7a0a5f,2026-08-17 23:14:53.699857+00:00,BUSINESS_INSTITUTIONAL_SCREEN;UNIVERSAL_SEMANTIC_SCREEN,n330,n331
first_share,first_share:E0054,rtc_31d6da310ab8459c9ce8d45fed849099,2759271f-2a51-4fcd-bd33-ef860d7a0a5f,2026-08-17 23:15:32.740968+00:00,UNIVERSAL_SEMANTIC_SCREEN,n334,n335
first_share,first_share:E0055,rtc_31d6da310ab8459c9ce8d45fed849099,2759271f-2a51-4fcd-bd33-ef860d7a0a5f,2026-08-17 23:15:55.015089+00:00,BUSINESS_INSTITUTIONAL_SCREEN;FROZEN_INFERENCE_OPPORTUNITY,n336,n337;n338
first_share,first_share:E0056,rtc_31d6da310ab8459c9ce8d45fed849099,2759271f-2a51-4fcd-bd33-ef860d7a0a5f,2026-08-17 23:16:47.423238+00:00,BUSINESS_INSTITUTIONAL_SCREEN;FROZEN_INFERENCE_OPPORTUNITY,n341,n342
first_share,first_share:E0057,rtc_31d6da310ab8459c9ce8d45fed849099,2759271f-2a51-4fcd-bd33-ef860d7a0a5f,2026-08-17 23:17:43.247210+00:00,BUSINESS_INSTITUTIONAL_SCREEN;UNIVERSAL_SEMANTIC_SCREEN,n345,n346
first_share,first_share:E0058,rtc_31d6da310ab8459c9ce8d45fed849099,2759271f-2a51-4fcd-bd33-ef860d7a0a5f,2026-08-17 23:20:08.552439+00:00,UNIVERSAL_SEMANTIC_SCREEN,n371,n372
first_share,first_share:E0059,rtc_31d6da310ab8459c9ce8d45fed849099,2759271f-2a51-4fcd-bd33-ef860d7a0a5f,2026-08-17 23:22:20.332288+00:00,UNIVERSAL_SEMANTIC_SCREEN,n391,n392
first_share,first_share:E0060,rtc_31d6da310ab8459c9ce8d45fed849099,2759271f-2a51-4fcd-bd33-ef860d7a0a5f,2026-08-17 23:22:44.549124+00:00,BUSINESS_INSTITUTIONAL_SCREEN;UNIVERSAL_SEMANTIC_SCREEN,n393;n395,n394;n396
first_share,first_share:E0061,rtc_31d6da310ab8459c9ce8d45fed849099,2759271f-2a51-4fcd-bd33-ef860d7a0a5f,2026-08-17 23:23:02.843041+00:00,BUSINESS_INSTITUTIONAL_SCREEN;UNIVERSAL_SEMANTIC_SCREEN,n397;n399,n398;n400
first_share,first_share:E0062,rtc_31d6da310ab8459c9ce8d45fed849099,2759271f-2a51-4fcd-bd33-ef860d7a0a5f,2026-08-17 23:23:28.695756+00:00,BUSINESS_INSTITUTIONAL_SCREEN,n401,n402
first_share,first_share:E0063,rtc_31d6da310ab8459c9ce8d45fed849099,2759271f-2a51-4fcd-bd33-ef860d7a0a5f,2026-08-17 23:23:41.892657+00:00,BUSINESS_INSTITUTIONAL_SCREEN;UNIVERSAL_SEMANTIC_SCREEN,n403,n404
first_share,first_share:E0064,rtc_31d6da310ab8459c9ce8d45fed849099,2759271f-2a51-4fcd-bd33-ef860d7a0a5f,2026-08-17 23:23:56.579636+00:00,BUSINESS_INSTITUTIONAL_SCREEN;UNIVERSAL_SEMANTIC_SCREEN,n405,n406
first_share,first_share:E0065,rtc_31d6da310ab8459c9ce8d45fed849099,2759271f-2a51-4fcd-bd33-ef860d7a0a5f,2026-08-17 23:24:04.859777+00:00,BUSINESS_INSTITUTIONAL_SCREEN,n407,n408
first_share,first_share:E0066,rtc_31d6da310ab8459c9ce8d45fed849099,2759271f-2a51-4fcd-bd33-ef860d7a0a5f,2026-08-17 23:24:21.003671+00:00,BUSINESS_INSTITUTIONAL_SCREEN;UNIVERSAL_SEMANTIC_SCREEN,n409,n410
first_share,first_share:E0067,rtc_31d6da310ab8459c9ce8d45fed849099,2759271f-2a51-4fcd-bd33-ef860d7a0a5f,2026-08-17 23:24:43.173566+00:00,BUSINESS_INSTITUTIONAL_SCREEN;UNIVERSAL_SEMANTIC_SCREEN,n413;n416,n414;n415;n417
first_share,first_share:E0068,rtc_31d6da310ab8459c9ce8d45fed849099,2759271f-2a51-4fcd-bd33-ef860d7a0a5f,2026-08-17 23:25:25.892277+00:00,UNIVERSAL_SEMANTIC_SCREEN,n418,n419
first_share,first_share:E0069,rtc_31d6da310ab8459c9ce8d45fed849099,2759271f-2a51-4fcd-bd33-ef860d7a0a5f,2026-08-17 23:27:39.018998+00:00,BUSINESS_INSTITUTIONAL_SCREEN;UNIVERSAL_SEMANTIC_SCREEN,n432,n433
first_share,first_share:E0070,rtc_31d6da310ab8459c9ce8d45fed849099,2759271f-2a51-4fcd-bd33-ef860d7a0a5f,2026-08-17 23:28:06.870133+00:00,UNIVERSAL_SEMANTIC_SCREEN,n436,n437
first_share,first_share:E0071,rtc_31d6da310ab8459c9ce8d45fed849099,2759271f-2a51-4fcd-bd33-ef860d7a0a5f,2026-08-17 23:28:39.523140+00:00,BUSINESS_INSTITUTIONAL_SCREEN;UNIVERSAL_SEMANTIC_SCREEN,n438,n439
first_share,first_share:E0072,rtc_31d6da310ab8459c9ce8d45fed849099,2759271f-2a51-4fcd-bd33-ef860d7a0a5f,2026-08-17 23:28:51.565175+00:00,BUSINESS_INSTITUTIONAL_SCREEN;UNIVERSAL_SEMANTIC_SCREEN,n440,n441
first_share,first_share:E0073,rtc_31d6da310ab8459c9ce8d45fed849099,2759271f-2a51-4fcd-bd33-ef860d7a0a5f,2026-08-17 23:29:27.763938+00:00,BUSINESS_INSTITUTIONAL_SCREEN;FROZEN_INFERENCE_OPPORTUNITY;RTC_RULE_EPISODE;UNIVERSAL_SEMANTIC_SCREEN,n446;n450;n452;n454;n457;n467;n469;n474,n447;n451;n453;n455;n456;n466;n470;n475;n477;n483;n485
first_share,first_share:E0074,rtc_1660c7154ebf49d7bc24283692d4a5df,8fe3cb48-ee57-454c-ae8e-01b3735d1834,2026-08-17 23:36:10.868994+00:00,BUSINESS_INSTITUTIONAL_SCREEN;FROZEN_INFERENCE_OPPORTUNITY;UNIVERSAL_SEMANTIC_SCREEN,n486;n488,n487;n489
first_share,first_share:E0075,rtc_1660c7154ebf49d7bc24283692d4a5df,8fe3cb48-ee57-454c-ae8e-01b3735d1834,2026-08-17 23:39:07.581899+00:00,BUSINESS_INSTITUTIONAL_SCREEN;UNIVERSAL_SEMANTIC_SCREEN,n493,n494;n497
first_share,first_share:E0076,rtc_1660c7154ebf49d7bc24283692d4a5df,8fe3cb48-ee57-454c-ae8e-01b3735d1834,2026-08-17 23:40:01.642112+00:00,BUSINESS_INSTITUTIONAL_SCREEN;UNIVERSAL_SEMANTIC_SCREEN,n499,n500
first_share,first_share:E0077,rtc_1660c7154ebf49d7bc24283692d4a5df,8fe3cb48-ee57-454c-ae8e-01b3735d1834,2026-08-17 23:40:36.376703+00:00,UNIVERSAL_SEMANTIC_SCREEN,n504,n505
first_share,first_share:E0078,rtc_1660c7154ebf49d7bc24283692d4a5df,8fe3cb48-ee57-454c-ae8e-01b3735d1834,2026-08-17 23:42:02.396156+00:00,BUSINESS_INSTITUTIONAL_SCREEN;FROZEN_INFERENCE_OPPORTUNITY;UNIVERSAL_SEMANTIC_SCREEN,n512,n513;n516
first_share,first_share:E0079,rtc_1660c7154ebf49d7bc24283692d4a5df,8fe3cb48-ee57-454c-ae8e-01b3735d1834,2026-08-17 23:43:28.678421+00:00,BUSINESS_INSTITUTIONAL_SCREEN,n517,n518
first_share,first_share:E0080,rtc_1660c7154ebf49d7bc24283692d4a5df,8fe3cb48-ee57-454c-ae8e-01b3735d1834,2026-08-17 23:43:33.037038+00:00,AGENCY_NEUTRAL_OPPORTUNITY;BUSINESS_INSTITUTIONAL_SCREEN;FROZEN_INFERENCE_OPPORTUNITY;UNIVERSAL_SEMANTIC_SCREEN,n520;n523;n525;n527,n521;n524;n526;n528
first_share,first_share:E0081,rtc_1660c7154ebf49d7bc24283692d4a5df,8fe3cb48-ee57-454c-ae8e-01b3735d1834,2026-08-17 23:45:53.303840+00:00,BUSINESS_INSTITUTIONAL_SCREEN;UNIVERSAL_SEMANTIC_SCREEN,n529;n531,n530;n532
first_share,first_share:E0082,rtc_1660c7154ebf49d7bc24283692d4a5df,8fe3cb48-ee57-454c-ae8e-01b3735d1834,2026-08-17 23:48:53.968041+00:00,BUSINESS_INSTITUTIONAL_SCREEN,n535,n536
first_share,first_share:E0083,rtc_1660c7154ebf49d7bc24283692d4a5df,8fe3cb48-ee57-454c-ae8e-01b3735d1834,2026-08-17 23:52:58.002571+00:00,UNIVERSAL_SEMANTIC_SCREEN,n543,ABSENT
first_share,first_share:E0084,rtc_1660c7154ebf49d7bc24283692d4a5df,8fe3cb48-ee57-454c-ae8e-01b3735d1834,2026-08-17 23:54:21.677871+00:00,BUSINESS_INSTITUTIONAL_SCREEN,n555,n556
first_share,first_share:E0085,rtc_1660c7154ebf49d7bc24283692d4a5df,8fe3cb48-ee57-454c-ae8e-01b3735d1834,2026-08-17 23:54:34.106080+00:00,UNIVERSAL_SEMANTIC_SCREEN,n557,n558
first_share,first_share:E0086,rtc_1660c7154ebf49d7bc24283692d4a5df,8fe3cb48-ee57-454c-ae8e-01b3735d1834,2026-08-17 23:55:15.440421+00:00,BUSINESS_INSTITUTIONAL_SCREEN;UNIVERSAL_SEMANTIC_SCREEN,n559,n560
first_share,first_share:E0087,rtc_1660c7154ebf49d7bc24283692d4a5df,8fe3cb48-ee57-454c-ae8e-01b3735d1834,2026-08-17 23:55:47.221286+00:00,BUSINESS_INSTITUTIONAL_SCREEN,n564,n565
first_share,first_share:E0088,rtc_1660c7154ebf49d7bc24283692d4a5df,8fe3cb48-ee57-454c-ae8e-01b3735d1834,2026-08-17 23:56:18.286318+00:00,BUSINESS_INSTITUTIONAL_SCREEN;FROZEN_INFERENCE_OPPORTUNITY;UNIVERSAL_SEMANTIC_SCREEN,n566;n568,n567;n569
first_share,first_share:E0090,rtc_1660c7154ebf49d7bc24283692d4a5df,8fe3cb48-ee57-454c-ae8e-01b3735d1834,2026-08-17 23:56:59.515178+00:00,BUSINESS_INSTITUTIONAL_SCREEN,n572,n573
first_share,first_share:E0089,rtc_1660c7154ebf49d7bc24283692d4a5df,8fe3cb48-ee57-454c-ae8e-01b3735d1834,2026-08-17 23:57:00.437806+00:00,BUSINESS_INSTITUTIONAL_SCREEN,n570,n571
first_share,first_share:E0091,rtc_1660c7154ebf49d7bc24283692d4a5df,8fe3cb48-ee57-454c-ae8e-01b3735d1834,2026-08-17 23:58:55.846996+00:00,BUSINESS_INSTITUTIONAL_SCREEN;FROZEN_INFERENCE_OPPORTUNITY;UNIVERSAL_SEMANTIC_SCREEN,n574;n577,n575
first_share,first_share:E0092,rtc_1660c7154ebf49d7bc24283692d4a5df,8fe3cb48-ee57-454c-ae8e-01b3735d1834,2026-08-18 00:00:42.799731+00:00,BUSINESS_INSTITUTIONAL_SCREEN;FROZEN_INFERENCE_OPPORTUNITY;UNIVERSAL_SEMANTIC_SCREEN,n582;n585,n583;n586
first_share,first_share:E0093,rtc_1660c7154ebf49d7bc24283692d4a5df,8fe3cb48-ee57-454c-ae8e-01b3735d1834,2026-08-18 00:01:46.169015+00:00,BUSINESS_INSTITUTIONAL_SCREEN;UNIVERSAL_SEMANTIC_SCREEN,n587,n588
first_share,first_share:E0094,rtc_1660c7154ebf49d7bc24283692d4a5df,8fe3cb48-ee57-454c-ae8e-01b3735d1834,2026-08-18 00:01:54.242272+00:00,BUSINESS_INSTITUTIONAL_SCREEN,n590,n591
first_share,first_share:E0095,rtc_1660c7154ebf49d7bc24283692d4a5df,8fe3cb48-ee57-454c-ae8e-01b3735d1834,2026-08-18 00:02:00.370831+00:00,UNIVERSAL_SEMANTIC_SCREEN,n595,n596
first_share,first_share:E0096,rtc_1660c7154ebf49d7bc24283692d4a5df,8fe3cb48-ee57-454c-ae8e-01b3735d1834,2026-08-18 00:03:33.522490+00:00,BUSINESS_INSTITUTIONAL_SCREEN;FROZEN_INFERENCE_OPPORTUNITY;UNIVERSAL_SEMANTIC_SCREEN,n602,n603;n605
first_share,first_share:E0097,rtc_1660c7154ebf49d7bc24283692d4a5df,8fe3cb48-ee57-454c-ae8e-01b3735d1834,2026-08-18 00:04:00.829985+00:00,BUSINESS_INSTITUTIONAL_SCREEN;UNIVERSAL_SEMANTIC_SCREEN,n606,n607
first_share,first_share:E0098,rtc_1660c7154ebf49d7bc24283692d4a5df,8fe3cb48-ee57-454c-ae8e-01b3735d1834,2026-08-18 00:04:02.634084+00:00,UNIVERSAL_SEMANTIC_SCREEN,n609,n610
first_share,first_share:E0099,rtc_1660c7154ebf49d7bc24283692d4a5df,8fe3cb48-ee57-454c-ae8e-01b3735d1834,2026-08-18 00:06:06.209381+00:00,AGENCY_NEUTRAL_OPPORTUNITY;BUSINESS_INSTITUTIONAL_SCREEN;FROZEN_INFERENCE_OPPORTUNITY;UNIVERSAL_SEMANTIC_SCREEN,n613;n616;n619,n614;n617;n620
first_share,first_share:E0100,rtc_1660c7154ebf49d7bc24283692d4a5df,8fe3cb48-ee57-454c-ae8e-01b3735d1834,2026-08-18 00:08:42.694176+00:00,BUSINESS_INSTITUTIONAL_SCREEN;FROZEN_INFERENCE_OPPORTUNITY;UNIVERSAL_SEMANTIC_SCREEN,n621;n623,n622;n624
first_share,first_share:E0101,rtc_1660c7154ebf49d7bc24283692d4a5df,8fe3cb48-ee57-454c-ae8e-01b3735d1834,2026-08-18 00:11:05.840507+00:00,BUSINESS_INSTITUTIONAL_SCREEN;UNIVERSAL_SEMANTIC_SCREEN,n626,n627
first_share,first_share:E0102,rtc_1660c7154ebf49d7bc24283692d4a5df,8fe3cb48-ee57-454c-ae8e-01b3735d1834,2026-08-18 00:11:23.129759+00:00,BUSINESS_INSTITUTIONAL_SCREEN,n629,n630
first_share,first_share:E0103,rtc_1660c7154ebf49d7bc24283692d4a5df,8fe3cb48-ee57-454c-ae8e-01b3735d1834,2026-08-18 00:11:52.139434+00:00,BUSINESS_INSTITUTIONAL_SCREEN;FROZEN_INFERENCE_OPPORTUNITY,n633,n634;n636
first_share,first_share:E0104,rtc_1660c7154ebf49d7bc24283692d4a5df,8fe3cb48-ee57-454c-ae8e-01b3735d1834,2026-08-18 00:12:59.989673+00:00,BUSINESS_INSTITUTIONAL_SCREEN,n639,n640
first_share,first_share:E0105,rtc_1660c7154ebf49d7bc24283692d4a5df,8fe3cb48-ee57-454c-ae8e-01b3735d1834,2026-08-18 00:13:32.300513+00:00,BUSINESS_INSTITUTIONAL_SCREEN;UNIVERSAL_SEMANTIC_SCREEN,n641;n643,n642
first_share,first_share:E0107,rtc_1660c7154ebf49d7bc24283692d4a5df,8fe3cb48-ee57-454c-ae8e-01b3735d1834,2026-08-18 00:14:46.637886+00:00,BUSINESS_INSTITUTIONAL_SCREEN,n648,n649
first_share,first_share:E0106,rtc_1660c7154ebf49d7bc24283692d4a5df,8fe3cb48-ee57-454c-ae8e-01b3735d1834,2026-08-18 00:14:47.701176+00:00,BUSINESS_INSTITUTIONAL_SCREEN;UNIVERSAL_SEMANTIC_SCREEN,n646,n647
first_share,first_share:E0108,rtc_1660c7154ebf49d7bc24283692d4a5df,8fe3cb48-ee57-454c-ae8e-01b3735d1834,2026-08-18 00:15:05.230611+00:00,BUSINESS_INSTITUTIONAL_SCREEN,n650,n651
first_share,first_share:E0109,rtc_1660c7154ebf49d7bc24283692d4a5df,8fe3cb48-ee57-454c-ae8e-01b3735d1834,2026-08-18 00:15:25.531013+00:00,BUSINESS_INSTITUTIONAL_SCREEN;UNIVERSAL_SEMANTIC_SCREEN,n652,n653
first_share,first_share:E0110,rtc_1660c7154ebf49d7bc24283692d4a5df,8fe3cb48-ee57-454c-ae8e-01b3735d1834,2026-08-18 00:15:54.946092+00:00,BUSINESS_INSTITUTIONAL_SCREEN,n654,n655
first_share,first_share:E0111,rtc_1660c7154ebf49d7bc24283692d4a5df,8fe3cb48-ee57-454c-ae8e-01b3735d1834,2026-08-18 00:16:23.095837+00:00,BUSINESS_INSTITUTIONAL_SCREEN,n658,n659;n661
first_share,first_share:E0112,rtc_1660c7154ebf49d7bc24283692d4a5df,8fe3cb48-ee57-454c-ae8e-01b3735d1834,2026-08-18 00:17:50.023614+00:00,BUSINESS_INSTITUTIONAL_SCREEN;UNIVERSAL_SEMANTIC_SCREEN,n663,n664
first_share,first_share:E0113,rtc_1660c7154ebf49d7bc24283692d4a5df,8fe3cb48-ee57-454c-ae8e-01b3735d1834,2026-08-18 00:18:38.516508+00:00,BUSINESS_INSTITUTIONAL_SCREEN;UNIVERSAL_SEMANTIC_SCREEN,n665,n666
first_share,first_share:E0114,rtc_1660c7154ebf49d7bc24283692d4a5df,8fe3cb48-ee57-454c-ae8e-01b3735d1834,2026-08-18 00:25:11.537972+00:00,BUSINESS_INSTITUTIONAL_SCREEN;UNIVERSAL_SEMANTIC_SCREEN,n667,n668
first_share,first_share:E0115,rtc_1660c7154ebf49d7bc24283692d4a5df,8fe3cb48-ee57-454c-ae8e-01b3735d1834,2026-08-18 00:25:23.761269+00:00,BUSINESS_INSTITUTIONAL_SCREEN;FROZEN_INFERENCE_OPPORTUNITY,n670,n671
first_share,first_share:E0116,rtc_1660c7154ebf49d7bc24283692d4a5df,8fe3cb48-ee57-454c-ae8e-01b3735d1834,2026-08-18 00:25:31.206549+00:00,UNIVERSAL_SEMANTIC_SCREEN,n672,ABSENT
first_share,first_share:E0117,rtc_1660c7154ebf49d7bc24283692d4a5df,8fe3cb48-ee57-454c-ae8e-01b3735d1834,2026-08-18 00:25:47.716386+00:00,BUSINESS_INSTITUTIONAL_SCREEN;UNIVERSAL_SEMANTIC_SCREEN,n679;n681,n680;n682
first_share,first_share:E0119,rtc_1660c7154ebf49d7bc24283692d4a5df,8fe3cb48-ee57-454c-ae8e-01b3735d1834,2026-08-18 00:26:32.998494+00:00,BUSINESS_INSTITUTIONAL_SCREEN;FROZEN_INFERENCE_OPPORTUNITY,n685,n686
first_share,first_share:E0118,rtc_1660c7154ebf49d7bc24283692d4a5df,8fe3cb48-ee57-454c-ae8e-01b3735d1834,2026-08-18 00:26:34.049554+00:00,BUSINESS_INSTITUTIONAL_SCREEN;FROZEN_INFERENCE_OPPORTUNITY;UNIVERSAL_SEMANTIC_SCREEN,n683,n684
first_share,first_share:E0120,rtc_1660c7154ebf49d7bc24283692d4a5df,8fe3cb48-ee57-454c-ae8e-01b3735d1834,2026-08-18 00:27:16.697699+00:00,BUSINESS_INSTITUTIONAL_SCREEN;FROZEN_INFERENCE_OPPORTUNITY;UNIVERSAL_SEMANTIC_SCREEN,n687;n689,n688;n690
first_share,first_share:E0121,rtc_1660c7154ebf49d7bc24283692d4a5df,8fe3cb48-ee57-454c-ae8e-01b3735d1834,2026-08-18 00:29:02.492287+00:00,UNIVERSAL_SEMANTIC_SCREEN,n693,ABSENT
first_share,first_share:E0122,rtc_1660c7154ebf49d7bc24283692d4a5df,8fe3cb48-ee57-454c-ae8e-01b3735d1834,2026-08-18 00:30:00.634461+00:00,BUSINESS_INSTITUTIONAL_SCREEN;UNIVERSAL_SEMANTIC_SCREEN,n695;n698,n696;n699
first_share,first_share:E0123,rtc_1660c7154ebf49d7bc24283692d4a5df,8fe3cb48-ee57-454c-ae8e-01b3735d1834,2026-08-18 00:30:12.918454+00:00,BUSINESS_INSTITUTIONAL_SCREEN,n700,n701
first_share,first_share:E0124,rtc_1660c7154ebf49d7bc24283692d4a5df,8fe3cb48-ee57-454c-ae8e-01b3735d1834,2026-08-18 00:30:23.602359+00:00,BUSINESS_INSTITUTIONAL_SCREEN;UNIVERSAL_SEMANTIC_SCREEN,n702;n704,n703;n705
first_share,first_share:E0125,rtc_1660c7154ebf49d7bc24283692d4a5df,8fe3cb48-ee57-454c-ae8e-01b3735d1834,2026-08-18 00:31:00.864416+00:00,UNIVERSAL_SEMANTIC_SCREEN,n706,n707
first_share,first_share:E0126,rtc_1660c7154ebf49d7bc24283692d4a5df,8fe3cb48-ee57-454c-ae8e-01b3735d1834,2026-08-18 00:31:21.635361+00:00,BUSINESS_INSTITUTIONAL_SCREEN;UNIVERSAL_SEMANTIC_SCREEN,n708,n709
first_share,first_share:E0127,rtc_1660c7154ebf49d7bc24283692d4a5df,8fe3cb48-ee57-454c-ae8e-01b3735d1834,2026-08-18 00:33:28.029123+00:00,BUSINESS_INSTITUTIONAL_SCREEN;UNIVERSAL_SEMANTIC_SCREEN,n710,n711
first_share,first_share:E0128,rtc_1660c7154ebf49d7bc24283692d4a5df,8fe3cb48-ee57-454c-ae8e-01b3735d1834,2026-08-18 00:33:46.094136+00:00,UNIVERSAL_SEMANTIC_SCREEN,n714,n715
first_share,first_share:E0129,rtc_1660c7154ebf49d7bc24283692d4a5df,8fe3cb48-ee57-454c-ae8e-01b3735d1834,2026-08-18 00:34:21.324417+00:00,BUSINESS_INSTITUTIONAL_SCREEN;UNIVERSAL_SEMANTIC_SCREEN,n720;n722,n721;n723
first_share,first_share:E0130,rtc_1660c7154ebf49d7bc24283692d4a5df,8fe3cb48-ee57-454c-ae8e-01b3735d1834,2026-08-18 00:36:23.747286+00:00,BUSINESS_INSTITUTIONAL_SCREEN;UNIVERSAL_SEMANTIC_SCREEN,n726,n727
first_share,first_share:E0131,rtc_1660c7154ebf49d7bc24283692d4a5df,8fe3cb48-ee57-454c-ae8e-01b3735d1834,2026-08-18 00:36:33.187710+00:00,BUSINESS_INSTITUTIONAL_SCREEN,n728,n729
first_share,first_share:E0132,rtc_1660c7154ebf49d7bc24283692d4a5df,8fe3cb48-ee57-454c-ae8e-01b3735d1834,2026-08-18 00:36:52.538259+00:00,BUSINESS_INSTITUTIONAL_SCREEN,n730,n731
first_share,first_share:E0133,rtc_1660c7154ebf49d7bc24283692d4a5df,8fe3cb48-ee57-454c-ae8e-01b3735d1834,2026-08-18 00:37:37.580355+00:00,BUSINESS_INSTITUTIONAL_SCREEN,n732,n733
first_share,first_share:E0134,rtc_1660c7154ebf49d7bc24283692d4a5df,8fe3cb48-ee57-454c-ae8e-01b3735d1834,2026-08-18 00:37:46.083493+00:00,UNIVERSAL_SEMANTIC_SCREEN,n734,ABSENT
first_share,first_share:E0135,rtc_1660c7154ebf49d7bc24283692d4a5df,8fe3cb48-ee57-454c-ae8e-01b3735d1834,2026-08-18 00:37:47.417093+00:00,BUSINESS_INSTITUTIONAL_SCREEN;UNIVERSAL_SEMANTIC_SCREEN,n736;n738,n737;n739
first_share,first_share:E0136,rtc_1660c7154ebf49d7bc24283692d4a5df,8fe3cb48-ee57-454c-ae8e-01b3735d1834,2026-08-18 00:40:15.189469+00:00,BUSINESS_INSTITUTIONAL_SCREEN;UNIVERSAL_SEMANTIC_SCREEN,n740;n742,n741;n743
first_share,first_share:E0137,rtc_1660c7154ebf49d7bc24283692d4a5df,8fe3cb48-ee57-454c-ae8e-01b3735d1834,2026-08-18 00:42:32.422629+00:00,UNIVERSAL_SEMANTIC_SCREEN,n744,n745
first_share,first_share:E0138,rtc_1660c7154ebf49d7bc24283692d4a5df,8fe3cb48-ee57-454c-ae8e-01b3735d1834,2026-08-18 00:43:07.050520+00:00,BUSINESS_INSTITUTIONAL_SCREEN,n750,n751
first_share,first_share:E0139,rtc_1660c7154ebf49d7bc24283692d4a5df,8fe3cb48-ee57-454c-ae8e-01b3735d1834,2026-08-18 00:45:06.286708+00:00,UNIVERSAL_SEMANTIC_SCREEN,n752,ABSENT
first_share,first_share:E0140,rtc_1660c7154ebf49d7bc24283692d4a5df,8fe3cb48-ee57-454c-ae8e-01b3735d1834,2026-08-18 00:46:14.382086+00:00,UNIVERSAL_SEMANTIC_SCREEN,n754,ABSENT
first_share,first_share:E0141,rtc_1660c7154ebf49d7bc24283692d4a5df,8fe3cb48-ee57-454c-ae8e-01b3735d1834,2026-08-18 00:46:18.512574+00:00,BUSINESS_INSTITUTIONAL_SCREEN;UNIVERSAL_SEMANTIC_SCREEN,n757,n758
first_share,first_share:E0142,rtc_1660c7154ebf49d7bc24283692d4a5df,8fe3cb48-ee57-454c-ae8e-01b3735d1834,2026-08-18 00:46:58.515610+00:00,BUSINESS_INSTITUTIONAL_SCREEN;UNIVERSAL_SEMANTIC_SCREEN,n763,n764
first_share,first_share:E0143,rtc_1660c7154ebf49d7bc24283692d4a5df,8fe3cb48-ee57-454c-ae8e-01b3735d1834,2026-08-18 00:48:55.215016+00:00,BUSINESS_INSTITUTIONAL_SCREEN;FROZEN_INFERENCE_OPPORTUNITY;UNIVERSAL_SEMANTIC_SCREEN,n767,n768
first_share,first_share:E0144,rtc_1660c7154ebf49d7bc24283692d4a5df,8fe3cb48-ee57-454c-ae8e-01b3735d1834,2026-08-18 00:49:35.269661+00:00,BUSINESS_INSTITUTIONAL_SCREEN;FROZEN_INFERENCE_OPPORTUNITY;UNIVERSAL_SEMANTIC_SCREEN,n770,n771
first_share,first_share:E0145,rtc_1660c7154ebf49d7bc24283692d4a5df,8fe3cb48-ee57-454c-ae8e-01b3735d1834,2026-08-18 00:50:12.776897+00:00,BUSINESS_INSTITUTIONAL_SCREEN,n772,n776
first_share,first_share:E0146,rtc_1660c7154ebf49d7bc24283692d4a5df,8fe3cb48-ee57-454c-ae8e-01b3735d1834,2026-08-18 01:15:08.123843+00:00,AO30_EVENT,n803,n804;n805
first_share,first_share:E0147,rtc_1660c7154ebf49d7bc24283692d4a5df,8fe3cb48-ee57-454c-ae8e-01b3735d1834,2026-08-18 01:22:14.617690+00:00,BUSINESS_INSTITUTIONAL_SCREEN;UNIVERSAL_SEMANTIC_SCREEN,n806,n807
fourteenth_share,fourteenth_share:E0001,rtc_c5cd4a101002403b9bb6b886873c1480,e3b68c3e-dd8a-446c-aca0-0854a5110204,2026-08-08 12:06:14.466051+00:00,UNIVERSAL_SEMANTIC_SCREEN,n9,n10
fourteenth_share,fourteenth_share:E0002,rtc_c5cd4a101002403b9bb6b886873c1480,e3b68c3e-dd8a-446c-aca0-0854a5110204,2026-08-08 12:06:45.258111+00:00,BUSINESS_INSTITUTIONAL_SCREEN,n13,n14
fourteenth_share,fourteenth_share:E0003,rtc_c5cd4a101002403b9bb6b886873c1480,e3b68c3e-dd8a-446c-aca0-0854a5110204,2026-08-08 12:07:19.041568+00:00,UNIVERSAL_SEMANTIC_SCREEN,n17,n18
fourteenth_share,fourteenth_share:E0004,rtc_c5cd4a101002403b9bb6b886873c1480,e3b68c3e-dd8a-446c-aca0-0854a5110204,2026-08-08 12:08:30.763031+00:00,BUSINESS_INSTITUTIONAL_SCREEN;UNIVERSAL_SEMANTIC_SCREEN,n25,n26;n27;n29;n30
fourteenth_share,fourteenth_share:E0005,rtc_c5cd4a101002403b9bb6b886873c1480,e3b68c3e-dd8a-446c-aca0-0854a5110204,2026-08-08 12:10:12.108487+00:00,UNIVERSAL_SEMANTIC_SCREEN,n33,n36
fourteenth_share,fourteenth_share:E0006,rtc_c5cd4a101002403b9bb6b886873c1480,e3b68c3e-dd8a-446c-aca0-0854a5110204,2026-08-08 12:12:06.407317+00:00,BUSINESS_INSTITUTIONAL_SCREEN,n43,n44;n46
fourteenth_share,fourteenth_share:E0007,rtc_c5cd4a101002403b9bb6b886873c1480,e3b68c3e-dd8a-446c-aca0-0854a5110204,2026-08-08 12:13:41.446859+00:00,BUSINESS_INSTITUTIONAL_SCREEN;UNIVERSAL_SEMANTIC_SCREEN,n54,n55;n56;n58
fourteenth_share,fourteenth_share:E0008,rtc_c5cd4a101002403b9bb6b886873c1480,e3b68c3e-dd8a-446c-aca0-0854a5110204,2026-08-08 12:14:21.860423+00:00,BUSINESS_INSTITUTIONAL_SCREEN,n59,n60
fourteenth_share,fourteenth_share:E0009,rtc_c5cd4a101002403b9bb6b886873c1480,e3b68c3e-dd8a-446c-aca0-0854a5110204,2026-08-08 12:15:04.651233+00:00,BUSINESS_INSTITUTIONAL_SCREEN;UNIVERSAL_SEMANTIC_SCREEN,n63,n64
fourteenth_share,fourteenth_share:E0010,rtc_c5cd4a101002403b9bb6b886873c1480,e3b68c3e-dd8a-446c-aca0-0854a5110204,2026-08-08 12:15:16.173406+00:00,BUSINESS_INSTITUTIONAL_SCREEN,n67,n68
fourteenth_share,fourteenth_share:E0011,rtc_c5cd4a101002403b9bb6b886873c1480,e3b68c3e-dd8a-446c-aca0-0854a5110204,2026-08-08 12:15:42.091991+00:00,BUSINESS_INSTITUTIONAL_SCREEN,n69,n71
fourteenth_share,fourteenth_share:E0012,rtc_c5cd4a101002403b9bb6b886873c1480,e3b68c3e-dd8a-446c-aca0-0854a5110204,2026-08-08 12:16:23.519614+00:00,BUSINESS_INSTITUTIONAL_SCREEN;UNIVERSAL_SEMANTIC_SCREEN,n72,n73;n74;n76
fourteenth_share,fourteenth_share:E0013,rtc_c5cd4a101002403b9bb6b886873c1480,e3b68c3e-dd8a-446c-aca0-0854a5110204,2026-08-08 12:16:54.832573+00:00,BUSINESS_INSTITUTIONAL_SCREEN,n79,n80
fourteenth_share,fourteenth_share:E0014,rtc_c5cd4a101002403b9bb6b886873c1480,e3b68c3e-dd8a-446c-aca0-0854a5110204,2026-08-08 12:17:04.646294+00:00,BUSINESS_INSTITUTIONAL_SCREEN;UNIVERSAL_SEMANTIC_SCREEN,n81;n83,n82;n84
fourteenth_share,fourteenth_share:E0015,rtc_c5cd4a101002403b9bb6b886873c1480,e3b68c3e-dd8a-446c-aca0-0854a5110204,2026-08-08 12:17:27.827603+00:00,BUSINESS_INSTITUTIONAL_SCREEN,n85,n86;n88
fourteenth_share,fourteenth_share:E0016,rtc_c5cd4a101002403b9bb6b886873c1480,e3b68c3e-dd8a-446c-aca0-0854a5110204,2026-08-08 12:18:11.587864+00:00,BUSINESS_INSTITUTIONAL_SCREEN,n93,n94;n95;n97
fourteenth_share,fourteenth_share:E0017,rtc_c5cd4a101002403b9bb6b886873c1480,e3b68c3e-dd8a-446c-aca0-0854a5110204,2026-08-08 12:18:22.817027+00:00,BUSINESS_INSTITUTIONAL_SCREEN;UNIVERSAL_SEMANTIC_SCREEN,n98,n99
fourteenth_share,fourteenth_share:E0018,rtc_c5cd4a101002403b9bb6b886873c1480,e3b68c3e-dd8a-446c-aca0-0854a5110204,2026-08-08 12:18:43.233251+00:00,BUSINESS_INSTITUTIONAL_SCREEN;FROZEN_INFERENCE_OPPORTUNITY,n100,n101;n103
fourteenth_share,fourteenth_share:E0019,rtc_c5cd4a101002403b9bb6b886873c1480,e3b68c3e-dd8a-446c-aca0-0854a5110204,2026-08-08 12:19:01.501399+00:00,BUSINESS_INSTITUTIONAL_SCREEN;FROZEN_INFERENCE_OPPORTUNITY;UNIVERSAL_SEMANTIC_SCREEN,n104;n109,n105;n106;n108;n113
fourteenth_share,fourteenth_share:E0020,rtc_c5cd4a101002403b9bb6b886873c1480,e3b68c3e-dd8a-446c-aca0-0854a5110204,2026-08-08 12:19:40.805343+00:00,BUSINESS_INSTITUTIONAL_SCREEN;UNIVERSAL_SEMANTIC_SCREEN,n114,n115
fourteenth_share,fourteenth_share:E0021,rtc_c5cd4a101002403b9bb6b886873c1480,e3b68c3e-dd8a-446c-aca0-0854a5110204,2026-08-08 12:20:04.231284+00:00,BUSINESS_INSTITUTIONAL_SCREEN;FROZEN_INFERENCE_OPPORTUNITY;UNIVERSAL_SEMANTIC_SCREEN,n116;n120,n117;n119;n123
fourteenth_share,fourteenth_share:E0022,rtc_c5cd4a101002403b9bb6b886873c1480,e3b68c3e-dd8a-446c-aca0-0854a5110204,2026-08-08 12:21:21.960799+00:00,BUSINESS_INSTITUTIONAL_SCREEN,n126,n127;n129
fourteenth_share,fourteenth_share:E0023,rtc_c5cd4a101002403b9bb6b886873c1480,e3b68c3e-dd8a-446c-aca0-0854a5110204,2026-08-08 12:23:28.371435+00:00,BUSINESS_INSTITUTIONAL_SCREEN;UNIVERSAL_SEMANTIC_SCREEN,n142,n143;n144;n146
fourteenth_share,fourteenth_share:E0024,rtc_c5cd4a101002403b9bb6b886873c1480,e3b68c3e-dd8a-446c-aca0-0854a5110204,2026-08-08 12:24:26.158787+00:00,BUSINESS_INSTITUTIONAL_SCREEN;UNIVERSAL_SEMANTIC_SCREEN,n150,n151;n153
fourteenth_share,fourteenth_share:E0025,rtc_c5cd4a101002403b9bb6b886873c1480,e3b68c3e-dd8a-446c-aca0-0854a5110204,2026-08-08 12:24:59.983796+00:00,BUSINESS_INSTITUTIONAL_SCREEN;UNIVERSAL_SEMANTIC_SCREEN,n154,n155;n157
fourteenth_share,fourteenth_share:E0026,rtc_c5cd4a101002403b9bb6b886873c1480,e3b68c3e-dd8a-446c-aca0-0854a5110204,2026-08-08 12:25:41.059769+00:00,BUSINESS_INSTITUTIONAL_SCREEN,n158,n160
fourteenth_share,fourteenth_share:E0027,rtc_c5cd4a101002403b9bb6b886873c1480,e3b68c3e-dd8a-446c-aca0-0854a5110204,2026-08-08 12:26:21.540958+00:00,BUSINESS_INSTITUTIONAL_SCREEN;FROZEN_INFERENCE_OPPORTUNITY;UNIVERSAL_SEMANTIC_SCREEN,n161,n162;n163;n166
fourteenth_share,fourteenth_share:E0028,rtc_c5cd4a101002403b9bb6b886873c1480,e3b68c3e-dd8a-446c-aca0-0854a5110204,2026-08-08 12:27:12.076035+00:00,AGENCY_NEUTRAL_OPPORTUNITY;BUSINESS_INSTITUTIONAL_SCREEN,n167,n168;n169;n172
fourteenth_share,fourteenth_share:E0029,rtc_c5cd4a101002403b9bb6b886873c1480,e3b68c3e-dd8a-446c-aca0-0854a5110204,2026-08-08 12:28:03.961159+00:00,AGENCY_NEUTRAL_OPPORTUNITY;BUSINESS_INSTITUTIONAL_SCREEN;FROZEN_INFERENCE_OPPORTUNITY;UNIVERSAL_SEMANTIC_SCREEN,n173,n174;n176
fourteenth_share,fourteenth_share:E0030,rtc_c5cd4a101002403b9bb6b886873c1480,e3b68c3e-dd8a-446c-aca0-0854a5110204,2026-08-08 12:29:06.452356+00:00,FROZEN_INFERENCE_OPPORTUNITY;UNIVERSAL_SEMANTIC_SCREEN,n177,n178;n180
fourteenth_share,fourteenth_share:E0031,rtc_c5cd4a101002403b9bb6b886873c1480,e3b68c3e-dd8a-446c-aca0-0854a5110204,2026-08-08 12:29:07.087443+00:00,AGENCY_NEUTRAL_OPPORTUNITY,n181,n184
fourteenth_share,fourteenth_share:E0032,rtc_c5cd4a101002403b9bb6b886873c1480,e3b68c3e-dd8a-446c-aca0-0854a5110204,2026-08-08 12:30:20.881514+00:00,AGENCY_NEUTRAL_OPPORTUNITY;BUSINESS_INSTITUTIONAL_SCREEN;UNIVERSAL_SEMANTIC_SCREEN,n185,n186;n188;n189;n190
fourteenth_share,fourteenth_share:E0033,rtc_c5cd4a101002403b9bb6b886873c1480,e3b68c3e-dd8a-446c-aca0-0854a5110204,2026-08-08 12:32:44.012285+00:00,BUSINESS_INSTITUTIONAL_SCREEN,n201,n202;n203;n205
fourteenth_share,fourteenth_share:E0034,rtc_c5cd4a101002403b9bb6b886873c1480,e3b68c3e-dd8a-446c-aca0-0854a5110204,2026-08-08 12:33:49.949682+00:00,BUSINESS_INSTITUTIONAL_SCREEN,n213,n214
fourteenth_share,fourteenth_share:E0035,rtc_c5cd4a101002403b9bb6b886873c1480,e3b68c3e-dd8a-446c-aca0-0854a5110204,2026-08-08 12:34:59.743837+00:00,BUSINESS_INSTITUTIONAL_SCREEN,n217,n218;n219;n221
fourteenth_share,fourteenth_share:E0036,rtc_c5cd4a101002403b9bb6b886873c1480,e3b68c3e-dd8a-446c-aca0-0854a5110204,2026-08-08 12:35:18.397322+00:00,BUSINESS_INSTITUTIONAL_SCREEN,n222,n223
fourteenth_share,fourteenth_share:E0037,rtc_c5cd4a101002403b9bb6b886873c1480,e3b68c3e-dd8a-446c-aca0-0854a5110204,2026-08-08 12:36:55.792956+00:00,BUSINESS_INSTITUTIONAL_SCREEN;UNIVERSAL_SEMANTIC_SCREEN,n232,n233;n234;n236
fourteenth_share,fourteenth_share:E0038,rtc_c5cd4a101002403b9bb6b886873c1480,e3b68c3e-dd8a-446c-aca0-0854a5110204,2026-08-08 12:37:56.113290+00:00,BUSINESS_INSTITUTIONAL_SCREEN;FROZEN_INFERENCE_OPPORTUNITY,n244,n246
fourteenth_share,fourteenth_share:E0039,rtc_c5cd4a101002403b9bb6b886873c1480,e3b68c3e-dd8a-446c-aca0-0854a5110204,2026-08-08 12:38:20.402696+00:00,BUSINESS_INSTITUTIONAL_SCREEN;UNIVERSAL_SEMANTIC_SCREEN,n247,n248;n250
fourteenth_share,fourteenth_share:E0040,rtc_c5cd4a101002403b9bb6b886873c1480,e3b68c3e-dd8a-446c-aca0-0854a5110204,2026-08-08 12:39:29.306964+00:00,BUSINESS_INSTITUTIONAL_SCREEN,n256,n257;n259
fourteenth_share,fourteenth_share:E0041,rtc_c5cd4a101002403b9bb6b886873c1480,e3b68c3e-dd8a-446c-aca0-0854a5110204,2026-08-08 12:40:10.155035+00:00,BUSINESS_INSTITUTIONAL_SCREEN;UNIVERSAL_SEMANTIC_SCREEN,n265;n267,n266;n271
fourteenth_share,fourteenth_share:E0042,rtc_c5cd4a101002403b9bb6b886873c1480,e3b68c3e-dd8a-446c-aca0-0854a5110204,2026-08-08 12:40:54.474882+00:00,BUSINESS_INSTITUTIONAL_SCREEN,n272,n273;n274;n276;n277
fourteenth_share,fourteenth_share:E0043,rtc_c5cd4a101002403b9bb6b886873c1480,e3b68c3e-dd8a-446c-aca0-0854a5110204,2026-08-08 12:41:41.837144+00:00,BUSINESS_INSTITUTIONAL_SCREEN,n284,n285
fourteenth_share,fourteenth_share:E0044,rtc_c5cd4a101002403b9bb6b886873c1480,e3b68c3e-dd8a-446c-aca0-0854a5110204,2026-08-08 12:42:12.244689+00:00,BUSINESS_INSTITUTIONAL_SCREEN;UNIVERSAL_SEMANTIC_SCREEN,n286,n287;n289
fourteenth_share,fourteenth_share:E0045,rtc_c5cd4a101002403b9bb6b886873c1480,e3b68c3e-dd8a-446c-aca0-0854a5110204,2026-08-08 12:42:34.474689+00:00,UNIVERSAL_SEMANTIC_SCREEN,n290,n293
fourteenth_share,fourteenth_share:E0046,rtc_c5cd4a101002403b9bb6b886873c1480,e3b68c3e-dd8a-446c-aca0-0854a5110204,2026-08-08 12:44:34.501408+00:00,UNIVERSAL_SEMANTIC_SCREEN,n311,n312
fourteenth_share,fourteenth_share:E0047,rtc_c5cd4a101002403b9bb6b886873c1480,e3b68c3e-dd8a-446c-aca0-0854a5110204,2026-08-08 12:44:50.506669+00:00,UNIVERSAL_SEMANTIC_SCREEN,n313,n314
fourteenth_share,fourteenth_share:E0048,rtc_c5cd4a101002403b9bb6b886873c1480,e3b68c3e-dd8a-446c-aca0-0854a5110204,2026-08-08 12:45:00.031724+00:00,BUSINESS_INSTITUTIONAL_SCREEN,n315,n316
fourteenth_share,fourteenth_share:E0049,rtc_c5cd4a101002403b9bb6b886873c1480,e3b68c3e-dd8a-446c-aca0-0854a5110204,2026-08-08 12:46:19.055979+00:00,BUSINESS_INSTITUTIONAL_SCREEN,n335,n336
fourteenth_share,fourteenth_share:E0050,rtc_c5cd4a101002403b9bb6b886873c1480,e3b68c3e-dd8a-446c-aca0-0854a5110204,2026-08-08 12:46:26.454790+00:00,BUSINESS_INSTITUTIONAL_SCREEN;UNIVERSAL_SEMANTIC_SCREEN,n337,n338
fourteenth_share,fourteenth_share:E0051,rtc_c5cd4a101002403b9bb6b886873c1480,e3b68c3e-dd8a-446c-aca0-0854a5110204,2026-08-08 12:46:35.374667+00:00,UNIVERSAL_SEMANTIC_SCREEN,n339,n340;n341
fourteenth_share,fourteenth_share:E0052,rtc_c5cd4a101002403b9bb6b886873c1480,e3b68c3e-dd8a-446c-aca0-0854a5110204,2026-08-08 12:47:13.672738+00:00,BUSINESS_INSTITUTIONAL_SCREEN,n348,n349
fourteenth_share,fourteenth_share:E0053,rtc_c5cd4a101002403b9bb6b886873c1480,e3b68c3e-dd8a-446c-aca0-0854a5110204,2026-08-08 12:47:22.295703+00:00,BUSINESS_INSTITUTIONAL_SCREEN,n350,n351
fourteenth_share,fourteenth_share:E0054,rtc_c5cd4a101002403b9bb6b886873c1480,e3b68c3e-dd8a-446c-aca0-0854a5110204,2026-08-08 12:47:40.089704+00:00,BUSINESS_INSTITUTIONAL_SCREEN,n356,n357
fourteenth_share,fourteenth_share:E0055,rtc_c5cd4a101002403b9bb6b886873c1480,e3b68c3e-dd8a-446c-aca0-0854a5110204,2026-08-08 12:47:56.993006+00:00,BUSINESS_INSTITUTIONAL_SCREEN;UNIVERSAL_SEMANTIC_SCREEN,n358,n359
fourteenth_share,fourteenth_share:E0056,rtc_c5cd4a101002403b9bb6b886873c1480,e3b68c3e-dd8a-446c-aca0-0854a5110204,2026-08-08 12:49:08.891559+00:00,BUSINESS_INSTITUTIONAL_SCREEN,n370,n371;n372;n374
fourteenth_share,fourteenth_share:E0057,rtc_c5cd4a101002403b9bb6b886873c1480,e3b68c3e-dd8a-446c-aca0-0854a5110204,2026-08-08 12:49:35.372857+00:00,BUSINESS_INSTITUTIONAL_SCREEN,n375,n376;n377;n379
fourteenth_share,fourteenth_share:E0058,rtc_c5cd4a101002403b9bb6b886873c1480,e3b68c3e-dd8a-446c-aca0-0854a5110204,2026-08-08 12:50:12.948705+00:00,UNIVERSAL_SEMANTIC_SCREEN,n386,n387
fourteenth_share,fourteenth_share:E0059,rtc_c5cd4a101002403b9bb6b886873c1480,e3b68c3e-dd8a-446c-aca0-0854a5110204,2026-08-08 12:50:48.761983+00:00,BUSINESS_INSTITUTIONAL_SCREEN,n393,n394;n395;n397
fourteenth_share,fourteenth_share:E0060,rtc_c5cd4a101002403b9bb6b886873c1480,e3b68c3e-dd8a-446c-aca0-0854a5110204,2026-08-08 12:51:06.130492+00:00,BUSINESS_INSTITUTIONAL_SCREEN,n400,n401
fourteenth_share,fourteenth_share:E0061,rtc_c5cd4a101002403b9bb6b886873c1480,e3b68c3e-dd8a-446c-aca0-0854a5110204,2026-08-08 12:51:35.628817+00:00,BUSINESS_INSTITUTIONAL_SCREEN;UNIVERSAL_SEMANTIC_SCREEN,n402,n403;n404;n406
fourteenth_share,fourteenth_share:E0062,rtc_c5cd4a101002403b9bb6b886873c1480,e3b68c3e-dd8a-446c-aca0-0854a5110204,2026-08-08 12:51:46.221733+00:00,BUSINESS_INSTITUTIONAL_SCREEN,n407,n408
fourteenth_share,fourteenth_share:E0063,rtc_c5cd4a101002403b9bb6b886873c1480,e3b68c3e-dd8a-446c-aca0-0854a5110204,2026-08-08 12:52:15.430452+00:00,BUSINESS_INSTITUTIONAL_SCREEN,n411,n412;n414
fourteenth_share,fourteenth_share:E0064,rtc_c5cd4a101002403b9bb6b886873c1480,e3b68c3e-dd8a-446c-aca0-0854a5110204,2026-08-08 12:52:37.097629+00:00,BUSINESS_INSTITUTIONAL_SCREEN,n415,n416;n417;n419
fourteenth_share,fourteenth_share:E0065,rtc_c5cd4a101002403b9bb6b886873c1480,e3b68c3e-dd8a-446c-aca0-0854a5110204,2026-08-08 12:52:47.187188+00:00,BUSINESS_INSTITUTIONAL_SCREEN;UNIVERSAL_SEMANTIC_SCREEN,n420,n421
fourteenth_share,fourteenth_share:E0066,rtc_c5cd4a101002403b9bb6b886873c1480,e3b68c3e-dd8a-446c-aca0-0854a5110204,2026-08-08 12:53:27.346869+00:00,BUSINESS_INSTITUTIONAL_SCREEN;UNIVERSAL_SEMANTIC_SCREEN,n422,n423;n424;n426
fourteenth_share,fourteenth_share:E0067,rtc_c5cd4a101002403b9bb6b886873c1480,e3b68c3e-dd8a-446c-aca0-0854a5110204,2026-08-08 12:54:47.678307+00:00,BUSINESS_INSTITUTIONAL_SCREEN;FROZEN_INFERENCE_OPPORTUNITY,n436,n437;n438;n440
fourteenth_share,fourteenth_share:E0068,rtc_c5cd4a101002403b9bb6b886873c1480,e3b68c3e-dd8a-446c-aca0-0854a5110204,2026-08-08 12:55:30.974099+00:00,BUSINESS_INSTITUTIONAL_SCREEN;UNIVERSAL_SEMANTIC_SCREEN,n441,n442;n443;n445
fourteenth_share,fourteenth_share:E0069,rtc_c5cd4a101002403b9bb6b886873c1480,e3b68c3e-dd8a-446c-aca0-0854a5110204,2026-08-08 12:55:59.883024+00:00,BUSINESS_INSTITUTIONAL_SCREEN,n446,n447;n448;n450
fourteenth_share,fourteenth_share:E0070,rtc_c5cd4a101002403b9bb6b886873c1480,e3b68c3e-dd8a-446c-aca0-0854a5110204,2026-08-08 12:56:22.502768+00:00,BUSINESS_INSTITUTIONAL_SCREEN,n451,n452;n454
fourteenth_share,fourteenth_share:E0072,rtc_c5cd4a101002403b9bb6b886873c1480,e3b68c3e-dd8a-446c-aca0-0854a5110204,2026-08-08 12:56:45.313508+00:00,BUSINESS_INSTITUTIONAL_SCREEN,n460,n461;n462
fourteenth_share,fourteenth_share:E0071,rtc_c5cd4a101002403b9bb6b886873c1480,e3b68c3e-dd8a-446c-aca0-0854a5110204,2026-08-08 12:56:50.198920+00:00,BUSINESS_INSTITUTIONAL_SCREEN,n455,n456;n457;n459
fourteenth_share,fourteenth_share:E0073,rtc_c5cd4a101002403b9bb6b886873c1480,e3b68c3e-dd8a-446c-aca0-0854a5110204,2026-08-08 12:57:27.586485+00:00,BUSINESS_INSTITUTIONAL_SCREEN,n465,n466;n467;n469
fourteenth_share,fourteenth_share:E0074,rtc_c5cd4a101002403b9bb6b886873c1480,e3b68c3e-dd8a-446c-aca0-0854a5110204,2026-08-08 12:58:09.128142+00:00,BUSINESS_INSTITUTIONAL_SCREEN;UNIVERSAL_SEMANTIC_SCREEN,n470,n471;n473
fourteenth_share,fourteenth_share:E0075,rtc_c5cd4a101002403b9bb6b886873c1480,e3b68c3e-dd8a-446c-aca0-0854a5110204,2026-08-08 12:58:45.529508+00:00,BUSINESS_INSTITUTIONAL_SCREEN,n474,n475;n476;n478
fourteenth_share,fourteenth_share:E0076,rtc_c5cd4a101002403b9bb6b886873c1480,e3b68c3e-dd8a-446c-aca0-0854a5110204,2026-08-08 12:59:19.167722+00:00,BUSINESS_INSTITUTIONAL_SCREEN,n479,n480;n481;n483
fourteenth_share,fourteenth_share:E0077,rtc_c5cd4a101002403b9bb6b886873c1480,e3b68c3e-dd8a-446c-aca0-0854a5110204,2026-08-08 12:59:42.939997+00:00,BUSINESS_INSTITUTIONAL_SCREEN,n484,n485;n486;n488
fourteenth_share,fourteenth_share:E0078,rtc_c5cd4a101002403b9bb6b886873c1480,e3b68c3e-dd8a-446c-aca0-0854a5110204,2026-08-08 12:59:55.337978+00:00,BUSINESS_INSTITUTIONAL_SCREEN;UNIVERSAL_SEMANTIC_SCREEN,n489,n490
fourteenth_share,fourteenth_share:E0079,rtc_c5cd4a101002403b9bb6b886873c1480,e3b68c3e-dd8a-446c-aca0-0854a5110204,2026-08-08 13:00:55.728247+00:00,UNIVERSAL_SEMANTIC_SCREEN,n498,n499
fourteenth_share,fourteenth_share:E0080,rtc_c5cd4a101002403b9bb6b886873c1480,e3b68c3e-dd8a-446c-aca0-0854a5110204,2026-08-08 13:02:26.055382+00:00,BUSINESS_INSTITUTIONAL_SCREEN;FROZEN_INFERENCE_OPPORTUNITY;UNIVERSAL_SEMANTIC_SCREEN,n511;n516,n512;n513;n515;n519
fourteenth_share,fourteenth_share:E0081,rtc_c5cd4a101002403b9bb6b886873c1480,e3b68c3e-dd8a-446c-aca0-0854a5110204,2026-08-08 13:03:40.969214+00:00,BUSINESS_INSTITUTIONAL_SCREEN,n524,n525;n526;n528
fourteenth_share,fourteenth_share:E0082,rtc_c5cd4a101002403b9bb6b886873c1480,e3b68c3e-dd8a-446c-aca0-0854a5110204,2026-08-08 13:04:22.378224+00:00,BUSINESS_INSTITUTIONAL_SCREEN,n535,n536;n537;n539
fourteenth_share,fourteenth_share:E0083,rtc_c5cd4a101002403b9bb6b886873c1480,e3b68c3e-dd8a-446c-aca0-0854a5110204,2026-08-08 13:04:48.876733+00:00,BUSINESS_INSTITUTIONAL_SCREEN,n540,n541;n542;n544
fourteenth_share,fourteenth_share:E0084,rtc_c5cd4a101002403b9bb6b886873c1480,e3b68c3e-dd8a-446c-aca0-0854a5110204,2026-08-08 13:06:04.649472+00:00,BUSINESS_INSTITUTIONAL_SCREEN;UNIVERSAL_SEMANTIC_SCREEN,n561,n562
fourteenth_share,fourteenth_share:E0085,rtc_c5cd4a101002403b9bb6b886873c1480,e3b68c3e-dd8a-446c-aca0-0854a5110204,2026-08-08 13:06:30.575047+00:00,UNIVERSAL_SEMANTIC_SCREEN,n571,n572;n573
fourteenth_share,fourteenth_share:E0086,rtc_c5cd4a101002403b9bb6b886873c1480,e3b68c3e-dd8a-446c-aca0-0854a5110204,2026-08-08 13:08:44.179822+00:00,BUSINESS_INSTITUTIONAL_SCREEN,n588,n590;n592;n596
fourteenth_share,fourteenth_share:E0087,rtc_c5cd4a101002403b9bb6b886873c1480,e3b68c3e-dd8a-446c-aca0-0854a5110204,2026-08-08 13:09:26.607490+00:00,BUSINESS_INSTITUTIONAL_SCREEN,n599,n600
fourteenth_share,fourteenth_share:E0088,rtc_c5cd4a101002403b9bb6b886873c1480,e3b68c3e-dd8a-446c-aca0-0854a5110204,2026-08-08 13:10:47.004704+00:00,UNIVERSAL_SEMANTIC_SCREEN,n609,n610
fourteenth_share,fourteenth_share:E0089,rtc_c5cd4a101002403b9bb6b886873c1480,e3b68c3e-dd8a-446c-aca0-0854a5110204,2026-08-08 13:11:45.615822+00:00,BUSINESS_INSTITUTIONAL_SCREEN,n615,n616
fourteenth_share,fourteenth_share:E0091,rtc_c5cd4a101002403b9bb6b886873c1480,e3b68c3e-dd8a-446c-aca0-0854a5110204,2026-08-08 13:11:52.187346+00:00,BUSINESS_INSTITUTIONAL_SCREEN;FROZEN_INFERENCE_OPPORTUNITY,n620,n621;n622;n624
fourteenth_share,fourteenth_share:E0090,rtc_c5cd4a101002403b9bb6b886873c1480,e3b68c3e-dd8a-446c-aca0-0854a5110204,2026-08-08 13:11:52.427687+00:00,BUSINESS_INSTITUTIONAL_SCREEN;UNIVERSAL_SEMANTIC_SCREEN,n617,n618;n619
fourteenth_share,fourteenth_share:E0092,rtc_c5cd4a101002403b9bb6b886873c1480,e3b68c3e-dd8a-446c-aca0-0854a5110204,2026-08-08 13:12:32.165701+00:00,BUSINESS_INSTITUTIONAL_SCREEN,n625,n626
fourteenth_share,fourteenth_share:E0093,rtc_c5cd4a101002403b9bb6b886873c1480,e3b68c3e-dd8a-446c-aca0-0854a5110204,2026-08-08 13:13:39.986671+00:00,BUSINESS_INSTITUTIONAL_SCREEN;UNIVERSAL_SEMANTIC_SCREEN,n641;n643,n642;n644
fourteenth_share,fourteenth_share:E0094,rtc_c5cd4a101002403b9bb6b886873c1480,e3b68c3e-dd8a-446c-aca0-0854a5110204,2026-08-08 13:14:50.776744+00:00,BUSINESS_INSTITUTIONAL_SCREEN;UNIVERSAL_SEMANTIC_SCREEN,n651,n652
fourteenth_share,fourteenth_share:E0096,rtc_c5cd4a101002403b9bb6b886873c1480,e3b68c3e-dd8a-446c-aca0-0854a5110204,2026-08-08 13:15:52.924054+00:00,BUSINESS_INSTITUTIONAL_SCREEN,n659,n660
fourteenth_share,fourteenth_share:E0095,rtc_c5cd4a101002403b9bb6b886873c1480,e3b68c3e-dd8a-446c-aca0-0854a5110204,2026-08-08 13:15:53.327191+00:00,BUSINESS_INSTITUTIONAL_SCREEN;UNIVERSAL_SEMANTIC_SCREEN,n657,n658
fourteenth_share,fourteenth_share:E0097,rtc_c5cd4a101002403b9bb6b886873c1480,e3b68c3e-dd8a-446c-aca0-0854a5110204,2026-08-08 13:16:21.376812+00:00,BUSINESS_INSTITUTIONAL_SCREEN;FROZEN_INFERENCE_OPPORTUNITY,n661,n662
fourteenth_share,fourteenth_share:E0098,rtc_c5cd4a101002403b9bb6b886873c1480,e3b68c3e-dd8a-446c-aca0-0854a5110204,2026-08-08 13:16:41.376213+00:00,UNIVERSAL_SEMANTIC_SCREEN,n665,n666
fourteenth_share,fourteenth_share:E0099,rtc_c5cd4a101002403b9bb6b886873c1480,e3b68c3e-dd8a-446c-aca0-0854a5110204,2026-08-08 13:24:10.466452+00:00,BUSINESS_INSTITUTIONAL_SCREEN;UNIVERSAL_SEMANTIC_SCREEN,n701,n702;n703;n705
fourteenth_share,fourteenth_share:E0100,rtc_c5cd4a101002403b9bb6b886873c1480,e3b68c3e-dd8a-446c-aca0-0854a5110204,2026-08-08 13:25:46.285835+00:00,BUSINESS_INSTITUTIONAL_SCREEN;UNIVERSAL_SEMANTIC_SCREEN,n706,n707;n708;n710
fourteenth_share,fourteenth_share:E0101,rtc_c5cd4a101002403b9bb6b886873c1480,e3b68c3e-dd8a-446c-aca0-0854a5110204,2026-08-08 13:26:30.422610+00:00,UNIVERSAL_SEMANTIC_SCREEN,n711,n712
fourth_share,fourth_share:E0001,rtc_899ff77131ce4921a0aea407dcf550d9,627cd0b0-69fc-40be-81e0-8916e85b116c,2026-08-16 19:35:03.355719+00:00,UNIVERSAL_SEMANTIC_SCREEN,n4,n8
fourth_share,fourth_share:E0002,rtc_899ff77131ce4921a0aea407dcf550d9,627cd0b0-69fc-40be-81e0-8916e85b116c,2026-08-16 19:36:15.437891+00:00,BUSINESS_INSTITUTIONAL_SCREEN;UNIVERSAL_SEMANTIC_SCREEN,n17,n18
fourth_share,fourth_share:E0003,rtc_899ff77131ce4921a0aea407dcf550d9,627cd0b0-69fc-40be-81e0-8916e85b116c,2026-08-16 19:37:39.701118+00:00,UNIVERSAL_SEMANTIC_SCREEN,n29,n30
fourth_share,fourth_share:E0004,rtc_899ff77131ce4921a0aea407dcf550d9,627cd0b0-69fc-40be-81e0-8916e85b116c,2026-08-16 19:38:06.507001+00:00,UNIVERSAL_SEMANTIC_SCREEN,n39,n40
fourth_share,fourth_share:E0005,rtc_899ff77131ce4921a0aea407dcf550d9,627cd0b0-69fc-40be-81e0-8916e85b116c,2026-08-16 19:39:03.177886+00:00,BUSINESS_INSTITUTIONAL_SCREEN,n51,n52
fourth_share,fourth_share:E0006,rtc_899ff77131ce4921a0aea407dcf550d9,627cd0b0-69fc-40be-81e0-8916e85b116c,2026-08-16 19:40:20.066662+00:00,BUSINESS_INSTITUTIONAL_SCREEN,n65,n66
fourth_share,fourth_share:E0007,rtc_899ff77131ce4921a0aea407dcf550d9,627cd0b0-69fc-40be-81e0-8916e85b116c,2026-08-16 19:41:04.870085+00:00,BUSINESS_INSTITUTIONAL_SCREEN;FROZEN_INFERENCE_OPPORTUNITY,n69,n70
fourth_share,fourth_share:E0008,rtc_899ff77131ce4921a0aea407dcf550d9,627cd0b0-69fc-40be-81e0-8916e85b116c,2026-08-16 19:41:41.951004+00:00,BUSINESS_INSTITUTIONAL_SCREEN,n71,n72
fourth_share,fourth_share:E0009,rtc_899ff77131ce4921a0aea407dcf550d9,627cd0b0-69fc-40be-81e0-8916e85b116c,2026-08-16 19:41:52.228585+00:00,UNIVERSAL_SEMANTIC_SCREEN,n73,n74
fourth_share,fourth_share:E0010,rtc_899ff77131ce4921a0aea407dcf550d9,627cd0b0-69fc-40be-81e0-8916e85b116c,2026-08-16 19:42:05.371261+00:00,BUSINESS_INSTITUTIONAL_SCREEN,n75,n76
fourth_share,fourth_share:E0011,rtc_899ff77131ce4921a0aea407dcf550d9,627cd0b0-69fc-40be-81e0-8916e85b116c,2026-08-16 19:43:14.068094+00:00,BUSINESS_INSTITUTIONAL_SCREEN;UNIVERSAL_SEMANTIC_SCREEN,n81,n82;n85
fourth_share,fourth_share:E0012,rtc_899ff77131ce4921a0aea407dcf550d9,627cd0b0-69fc-40be-81e0-8916e85b116c,2026-08-16 19:44:13.615412+00:00,BUSINESS_INSTITUTIONAL_SCREEN,n86,n87
fourth_share,fourth_share:E0013,rtc_899ff77131ce4921a0aea407dcf550d9,627cd0b0-69fc-40be-81e0-8916e85b116c,2026-08-16 19:45:28.424770+00:00,BUSINESS_INSTITUTIONAL_SCREEN,n92,n93
fourth_share,fourth_share:E0015,rtc_899ff77131ce4921a0aea407dcf550d9,627cd0b0-69fc-40be-81e0-8916e85b116c,2026-08-16 19:46:05.327969+00:00,BUSINESS_INSTITUTIONAL_SCREEN,n98,n99
fourth_share,fourth_share:E0014,rtc_899ff77131ce4921a0aea407dcf550d9,627cd0b0-69fc-40be-81e0-8916e85b116c,2026-08-16 19:46:28.982637+00:00,BUSINESS_INSTITUTIONAL_SCREEN,n95,n96
fourth_share,fourth_share:E0016,rtc_899ff77131ce4921a0aea407dcf550d9,627cd0b0-69fc-40be-81e0-8916e85b116c,2026-08-16 19:48:19.172730+00:00,BUSINESS_INSTITUTIONAL_SCREEN,n100,n101
fourth_share,fourth_share:E0017,rtc_899ff77131ce4921a0aea407dcf550d9,627cd0b0-69fc-40be-81e0-8916e85b116c,2026-08-16 19:49:29.663841+00:00,BUSINESS_INSTITUTIONAL_SCREEN,n102,n103
fourth_share,fourth_share:E0018,rtc_899ff77131ce4921a0aea407dcf550d9,627cd0b0-69fc-40be-81e0-8916e85b116c,2026-08-16 19:50:18.180612+00:00,BUSINESS_INSTITUTIONAL_SCREEN,n104,n105
fourth_share,fourth_share:E0019,rtc_899ff77131ce4921a0aea407dcf550d9,627cd0b0-69fc-40be-81e0-8916e85b116c,2026-08-16 19:50:54.823358+00:00,BUSINESS_INSTITUTIONAL_SCREEN,n107,n108
fourth_share,fourth_share:E0020,rtc_899ff77131ce4921a0aea407dcf550d9,627cd0b0-69fc-40be-81e0-8916e85b116c,2026-08-16 19:51:47.140122+00:00,BUSINESS_INSTITUTIONAL_SCREEN,n110,n111
fourth_share,fourth_share:E0021,rtc_899ff77131ce4921a0aea407dcf550d9,627cd0b0-69fc-40be-81e0-8916e85b116c,2026-08-16 19:52:39.950647+00:00,BUSINESS_INSTITUTIONAL_SCREEN;FROZEN_INFERENCE_OPPORTUNITY,n113,n114
fourth_share,fourth_share:E0022,rtc_899ff77131ce4921a0aea407dcf550d9,627cd0b0-69fc-40be-81e0-8916e85b116c,2026-08-16 19:53:14.775771+00:00,BUSINESS_INSTITUTIONAL_SCREEN,n118,n119;n120
fourth_share,fourth_share:E0023,rtc_899ff77131ce4921a0aea407dcf550d9,627cd0b0-69fc-40be-81e0-8916e85b116c,2026-08-16 19:53:50.621547+00:00,BUSINESS_INSTITUTIONAL_SCREEN,n121,n122
fourth_share,fourth_share:E0024,rtc_899ff77131ce4921a0aea407dcf550d9,627cd0b0-69fc-40be-81e0-8916e85b116c,2026-08-16 19:54:13.861498+00:00,AGENCY_NEUTRAL_OPPORTUNITY;BUSINESS_INSTITUTIONAL_SCREEN;FROZEN_INFERENCE_OPPORTUNITY;UNIVERSAL_SEMANTIC_SCREEN,n123;n125,n124;n126
fourth_share,fourth_share:E0025,rtc_899ff77131ce4921a0aea407dcf550d9,627cd0b0-69fc-40be-81e0-8916e85b116c,2026-08-16 19:55:30.212757+00:00,BUSINESS_INSTITUTIONAL_SCREEN;FROZEN_INFERENCE_OPPORTUNITY;UNIVERSAL_SEMANTIC_SCREEN,n127,n128
fourth_share,fourth_share:E0026,rtc_899ff77131ce4921a0aea407dcf550d9,627cd0b0-69fc-40be-81e0-8916e85b116c,2026-08-16 19:55:37.868827+00:00,BUSINESS_INSTITUTIONAL_SCREEN,n130,n131
fourth_share,fourth_share:E0027,rtc_899ff77131ce4921a0aea407dcf550d9,627cd0b0-69fc-40be-81e0-8916e85b116c,2026-08-16 19:55:54.438329+00:00,BUSINESS_INSTITUTIONAL_SCREEN;UNIVERSAL_SEMANTIC_SCREEN,n132,n133
fourth_share,fourth_share:E0028,rtc_899ff77131ce4921a0aea407dcf550d9,627cd0b0-69fc-40be-81e0-8916e85b116c,2026-08-16 19:56:42.476355+00:00,BUSINESS_INSTITUTIONAL_SCREEN,n141,n142
fourth_share,fourth_share:E0029,rtc_899ff77131ce4921a0aea407dcf550d9,627cd0b0-69fc-40be-81e0-8916e85b116c,2026-08-16 19:57:57.884185+00:00,BUSINESS_INSTITUTIONAL_SCREEN;UNIVERSAL_SEMANTIC_SCREEN,n143;n146,n144;n148
fourth_share,fourth_share:E0030,rtc_899ff77131ce4921a0aea407dcf550d9,627cd0b0-69fc-40be-81e0-8916e85b116c,2026-08-16 19:58:57.407206+00:00,BUSINESS_INSTITUTIONAL_SCREEN,n149,n150
fourth_share,fourth_share:E0031,rtc_899ff77131ce4921a0aea407dcf550d9,627cd0b0-69fc-40be-81e0-8916e85b116c,2026-08-16 19:59:20.700725+00:00,BUSINESS_INSTITUTIONAL_SCREEN;UNIVERSAL_SEMANTIC_SCREEN,n152,n153
fourth_share,fourth_share:E0032,rtc_899ff77131ce4921a0aea407dcf550d9,627cd0b0-69fc-40be-81e0-8916e85b116c,2026-08-16 20:00:00.942684+00:00,BUSINESS_INSTITUTIONAL_SCREEN;UNIVERSAL_SEMANTIC_SCREEN,n154,n155
fourth_share,fourth_share:E0033,rtc_899ff77131ce4921a0aea407dcf550d9,627cd0b0-69fc-40be-81e0-8916e85b116c,2026-08-16 20:00:39.083242+00:00,BUSINESS_INSTITUTIONAL_SCREEN,n159,n160
fourth_share,fourth_share:E0034,rtc_899ff77131ce4921a0aea407dcf550d9,627cd0b0-69fc-40be-81e0-8916e85b116c,2026-08-16 20:00:56.349049+00:00,BUSINESS_INSTITUTIONAL_SCREEN,n162,n163
fourth_share,fourth_share:E0035,rtc_899ff77131ce4921a0aea407dcf550d9,627cd0b0-69fc-40be-81e0-8916e85b116c,2026-08-16 20:01:21.011648+00:00,BUSINESS_INSTITUTIONAL_SCREEN,n165,n166
fourth_share,fourth_share:E0036,rtc_899ff77131ce4921a0aea407dcf550d9,627cd0b0-69fc-40be-81e0-8916e85b116c,2026-08-16 20:01:48.293039+00:00,BUSINESS_INSTITUTIONAL_SCREEN,n168,n169
fourth_share,fourth_share:E0037,rtc_899ff77131ce4921a0aea407dcf550d9,627cd0b0-69fc-40be-81e0-8916e85b116c,2026-08-16 20:02:06.343781+00:00,AGENCY_NEUTRAL_OPPORTUNITY;BUSINESS_INSTITUTIONAL_SCREEN;FROZEN_INFERENCE_OPPORTUNITY;UNIVERSAL_SEMANTIC_SCREEN,n175;n178,n176;n177
fourth_share,fourth_share:E0038,rtc_899ff77131ce4921a0aea407dcf550d9,627cd0b0-69fc-40be-81e0-8916e85b116c,2026-08-16 20:03:15.348234+00:00,AO30_EVENT;BUSINESS_INSTITUTIONAL_SCREEN;FROZEN_INFERENCE_OPPORTUNITY;UNIVERSAL_SEMANTIC_SCREEN,n183;n186;n192;n195;n201;n203,n184;n187;n193;n196;n199;n200;n202
fourth_share,fourth_share:E0039,rtc_899ff77131ce4921a0aea407dcf550d9,627cd0b0-69fc-40be-81e0-8916e85b116c,2026-08-16 20:09:33.203439+00:00,BUSINESS_INSTITUTIONAL_SCREEN;UNIVERSAL_SEMANTIC_SCREEN,n206,n207
fourth_share,fourth_share:E0040,rtc_899ff77131ce4921a0aea407dcf550d9,627cd0b0-69fc-40be-81e0-8916e85b116c,2026-08-16 20:10:20.228019+00:00,BUSINESS_INSTITUTIONAL_SCREEN;UNIVERSAL_SEMANTIC_SCREEN,n208;n210,n209;n212
fourth_share,fourth_share:E0041,rtc_899ff77131ce4921a0aea407dcf550d9,627cd0b0-69fc-40be-81e0-8916e85b116c,2026-08-16 20:11:17.324883+00:00,BUSINESS_INSTITUTIONAL_SCREEN;UNIVERSAL_SEMANTIC_SCREEN,n213;n216,n214;n215
fourth_share,fourth_share:E0042,rtc_899ff77131ce4921a0aea407dcf550d9,627cd0b0-69fc-40be-81e0-8916e85b116c,2026-08-16 20:13:32.618622+00:00,BUSINESS_INSTITUTIONAL_SCREEN,n219,n220;n221
fourth_share,fourth_share:E0043,rtc_899ff77131ce4921a0aea407dcf550d9,627cd0b0-69fc-40be-81e0-8916e85b116c,2026-08-16 20:14:22.858658+00:00,BUSINESS_INSTITUTIONAL_SCREEN;UNIVERSAL_SEMANTIC_SCREEN,n222,n223
fourth_share,fourth_share:E0044,rtc_899ff77131ce4921a0aea407dcf550d9,627cd0b0-69fc-40be-81e0-8916e85b116c,2026-08-16 20:14:43.224307+00:00,BUSINESS_INSTITUTIONAL_SCREEN;UNIVERSAL_SEMANTIC_SCREEN,n225;n236,n226;n238
fourth_share,fourth_share:E0045,rtc_899ff77131ce4921a0aea407dcf550d9,627cd0b0-69fc-40be-81e0-8916e85b116c,2026-08-16 20:16:05.717719+00:00,BUSINESS_INSTITUTIONAL_SCREEN,n239,n240
fourth_share,fourth_share:E0046,rtc_899ff77131ce4921a0aea407dcf550d9,627cd0b0-69fc-40be-81e0-8916e85b116c,2026-08-16 20:16:57.807233+00:00,BUSINESS_INSTITUTIONAL_SCREEN;UNIVERSAL_SEMANTIC_SCREEN,n243,n244;n245
fourth_share,fourth_share:E0047,rtc_899ff77131ce4921a0aea407dcf550d9,627cd0b0-69fc-40be-81e0-8916e85b116c,2026-08-16 20:21:06.902178+00:00,BUSINESS_INSTITUTIONAL_SCREEN,n246,n247;n248
fourth_share,fourth_share:E0048,rtc_899ff77131ce4921a0aea407dcf550d9,627cd0b0-69fc-40be-81e0-8916e85b116c,2026-08-16 20:21:08.214161+00:00,BUSINESS_INSTITUTIONAL_SCREEN,n251,n252
fourth_share,fourth_share:E0049,rtc_899ff77131ce4921a0aea407dcf550d9,627cd0b0-69fc-40be-81e0-8916e85b116c,2026-08-16 20:30:44.730134+00:00,BUSINESS_INSTITUTIONAL_SCREEN,n253,n254
fourth_share,fourth_share:E0050,rtc_899ff77131ce4921a0aea407dcf550d9,627cd0b0-69fc-40be-81e0-8916e85b116c,2026-08-16 20:32:25.880072+00:00,BUSINESS_INSTITUTIONAL_SCREEN;UNIVERSAL_SEMANTIC_SCREEN,n256,n257
fourth_share,fourth_share:E0051,rtc_899ff77131ce4921a0aea407dcf550d9,627cd0b0-69fc-40be-81e0-8916e85b116c,2026-08-16 20:33:22.094253+00:00,BUSINESS_INSTITUTIONAL_SCREEN,n261,n262;n268
fourth_share,fourth_share:E0052,rtc_899ff77131ce4921a0aea407dcf550d9,627cd0b0-69fc-40be-81e0-8916e85b116c,2026-08-16 20:34:40.689379+00:00,BUSINESS_INSTITUTIONAL_SCREEN;UNIVERSAL_SEMANTIC_SCREEN,n269;n272,n270;n273
fourth_share,fourth_share:E0053,rtc_899ff77131ce4921a0aea407dcf550d9,627cd0b0-69fc-40be-81e0-8916e85b116c,2026-08-16 20:35:44.011370+00:00,BUSINESS_INSTITUTIONAL_SCREEN,n278,n279
fourth_share,fourth_share:E0054,rtc_899ff77131ce4921a0aea407dcf550d9,627cd0b0-69fc-40be-81e0-8916e85b116c,2026-08-16 20:37:10.796114+00:00,BUSINESS_INSTITUTIONAL_SCREEN,n283,n284;n285
fourth_share,fourth_share:E0055,rtc_899ff77131ce4921a0aea407dcf550d9,627cd0b0-69fc-40be-81e0-8916e85b116c,2026-08-16 20:37:29.184856+00:00,BUSINESS_INSTITUTIONAL_SCREEN;FROZEN_INFERENCE_OPPORTUNITY,n286;n288,n287;n289
fourth_share,fourth_share:E0056,rtc_899ff77131ce4921a0aea407dcf550d9,627cd0b0-69fc-40be-81e0-8916e85b116c,2026-08-16 20:39:11.846187+00:00,BUSINESS_INSTITUTIONAL_SCREEN;FROZEN_INFERENCE_OPPORTUNITY,n290,n291
fourth_share,fourth_share:E0057,rtc_899ff77131ce4921a0aea407dcf550d9,627cd0b0-69fc-40be-81e0-8916e85b116c,2026-08-16 20:39:58.609676+00:00,BUSINESS_INSTITUTIONAL_SCREEN,n294,n295
fourth_share,fourth_share:E0058,rtc_899ff77131ce4921a0aea407dcf550d9,627cd0b0-69fc-40be-81e0-8916e85b116c,2026-08-16 20:40:43.835571+00:00,BUSINESS_INSTITUTIONAL_SCREEN,n298,n299
fourth_share,fourth_share:E0059,rtc_899ff77131ce4921a0aea407dcf550d9,627cd0b0-69fc-40be-81e0-8916e85b116c,2026-08-16 20:41:12.104291+00:00,BUSINESS_INSTITUTIONAL_SCREEN,n300,n301
fourth_share,fourth_share:E0060,rtc_899ff77131ce4921a0aea407dcf550d9,627cd0b0-69fc-40be-81e0-8916e85b116c,2026-08-16 20:41:13.342521+00:00,BUSINESS_INSTITUTIONAL_SCREEN;CONFIRMED_CRITIQUE_BEFORE_COMPLETE_READING;FROZEN_INFERENCE_OPPORTUNITY;UNIVERSAL_SEMANTIC_SCREEN,n303;n305;n308;n311;n314;n316;n318;n320;n322;n324;n327;n329,n304;n306;n307;n309;n312;n315;n317;n319;n321;n323;n325;n328;n336
fourth_share,fourth_share:E0061,rtc_899ff77131ce4921a0aea407dcf550d9,627cd0b0-69fc-40be-81e0-8916e85b116c,2026-08-16 20:45:32.203801+00:00,BUSINESS_INSTITUTIONAL_SCREEN,n337,n338
fourth_share,fourth_share:E0062,rtc_899ff77131ce4921a0aea407dcf550d9,627cd0b0-69fc-40be-81e0-8916e85b116c,2026-08-16 20:45:57.518276+00:00,BUSINESS_INSTITUTIONAL_SCREEN,n342,n343
fourth_share,fourth_share:E0063,rtc_899ff77131ce4921a0aea407dcf550d9,627cd0b0-69fc-40be-81e0-8916e85b116c,2026-08-16 20:46:26.960611+00:00,BUSINESS_INSTITUTIONAL_SCREEN;UNIVERSAL_SEMANTIC_SCREEN,n346,n347
fourth_share,fourth_share:E0064,rtc_899ff77131ce4921a0aea407dcf550d9,627cd0b0-69fc-40be-81e0-8916e85b116c,2026-08-16 20:46:30.107379+00:00,BUSINESS_INSTITUTIONAL_SCREEN,n349,n350
fourth_share,fourth_share:E0065,rtc_899ff77131ce4921a0aea407dcf550d9,627cd0b0-69fc-40be-81e0-8916e85b116c,2026-08-16 20:48:16.451227+00:00,BUSINESS_INSTITUTIONAL_SCREEN,n351,n352
fourth_share,fourth_share:E0066,rtc_899ff77131ce4921a0aea407dcf550d9,627cd0b0-69fc-40be-81e0-8916e85b116c,2026-08-16 20:48:37.969628+00:00,BUSINESS_INSTITUTIONAL_SCREEN,n353,n354
fourth_share,fourth_share:E0067,rtc_899ff77131ce4921a0aea407dcf550d9,627cd0b0-69fc-40be-81e0-8916e85b116c,2026-08-16 20:48:55.871411+00:00,BUSINESS_INSTITUTIONAL_SCREEN;CAPABILITY_TOOL_EVIDENCE_CLAIM,n356,n357;n363
fourth_share,fourth_share:E0068,rtc_899ff77131ce4921a0aea407dcf550d9,627cd0b0-69fc-40be-81e0-8916e85b116c,2026-08-16 20:49:21.706879+00:00,BUSINESS_INSTITUTIONAL_SCREEN,n364,n365;n366
fourth_share,fourth_share:E0069,rtc_899ff77131ce4921a0aea407dcf550d9,627cd0b0-69fc-40be-81e0-8916e85b116c,2026-08-16 20:51:37.143828+00:00,UNIVERSAL_SEMANTIC_SCREEN,n367,n368
fourth_share,fourth_share:E0070,rtc_899ff77131ce4921a0aea407dcf550d9,627cd0b0-69fc-40be-81e0-8916e85b116c,2026-08-16 20:51:40.387264+00:00,UNIVERSAL_SEMANTIC_SCREEN,n371,n372
fourth_share,fourth_share:E0071,rtc_899ff77131ce4921a0aea407dcf550d9,627cd0b0-69fc-40be-81e0-8916e85b116c,2026-08-16 20:52:41.769537+00:00,BUSINESS_INSTITUTIONAL_SCREEN,n375,n376
fourth_share,fourth_share:E0072,rtc_899ff77131ce4921a0aea407dcf550d9,627cd0b0-69fc-40be-81e0-8916e85b116c,2026-08-16 20:52:50.276654+00:00,BUSINESS_INSTITUTIONAL_SCREEN;FROZEN_INFERENCE_OPPORTUNITY,n378,n379
fourth_share,fourth_share:E0073,rtc_899ff77131ce4921a0aea407dcf550d9,627cd0b0-69fc-40be-81e0-8916e85b116c,2026-08-16 20:53:18.878418+00:00,BUSINESS_INSTITUTIONAL_SCREEN,n386,n387
fourth_share,fourth_share:E0074,rtc_899ff77131ce4921a0aea407dcf550d9,627cd0b0-69fc-40be-81e0-8916e85b116c,2026-08-16 20:53:52.800134+00:00,BUSINESS_INSTITUTIONAL_SCREEN;FROZEN_INFERENCE_OPPORTUNITY;UNIVERSAL_SEMANTIC_SCREEN,n390,n391
fourth_share,fourth_share:E0075,rtc_899ff77131ce4921a0aea407dcf550d9,627cd0b0-69fc-40be-81e0-8916e85b116c,2026-08-16 20:54:03.421830+00:00,BUSINESS_INSTITUTIONAL_SCREEN;FROZEN_INFERENCE_OPPORTUNITY;UNIVERSAL_SEMANTIC_SCREEN,n392,n393
fourth_share,fourth_share:E0076,rtc_899ff77131ce4921a0aea407dcf550d9,627cd0b0-69fc-40be-81e0-8916e85b116c,2026-08-16 20:54:44.424148+00:00,BUSINESS_INSTITUTIONAL_SCREEN,n396,n397
fourth_share,fourth_share:E0077,rtc_899ff77131ce4921a0aea407dcf550d9,627cd0b0-69fc-40be-81e0-8916e85b116c,2026-08-16 20:56:06.581547+00:00,BUSINESS_INSTITUTIONAL_SCREEN,n400,n401
fourth_share,fourth_share:E0078,rtc_899ff77131ce4921a0aea407dcf550d9,627cd0b0-69fc-40be-81e0-8916e85b116c,2026-08-16 20:56:18.052922+00:00,BUSINESS_INSTITUTIONAL_SCREEN,n402,n403
fourth_share,fourth_share:E0079,rtc_899ff77131ce4921a0aea407dcf550d9,627cd0b0-69fc-40be-81e0-8916e85b116c,2026-08-16 20:56:30.676369+00:00,FROZEN_INFERENCE_OPPORTUNITY,n404,ABSENT
fourth_share,fourth_share:E0080,rtc_899ff77131ce4921a0aea407dcf550d9,627cd0b0-69fc-40be-81e0-8916e85b116c,2026-08-16 20:56:35.873533+00:00,BUSINESS_INSTITUTIONAL_SCREEN,n406,n407
fourth_share,fourth_share:E0081,rtc_899ff77131ce4921a0aea407dcf550d9,627cd0b0-69fc-40be-81e0-8916e85b116c,2026-08-16 20:57:20.759652+00:00,BUSINESS_INSTITUTIONAL_SCREEN;UNIVERSAL_SEMANTIC_SCREEN,n408,n409
fourth_share,fourth_share:E0082,rtc_899ff77131ce4921a0aea407dcf550d9,627cd0b0-69fc-40be-81e0-8916e85b116c,2026-08-16 20:58:00.606791+00:00,BUSINESS_INSTITUTIONAL_SCREEN;UNIVERSAL_SEMANTIC_SCREEN,n412,n413;n417
fourth_share,fourth_share:E0083,rtc_899ff77131ce4921a0aea407dcf550d9,627cd0b0-69fc-40be-81e0-8916e85b116c,2026-08-16 21:02:41.444291+00:00,BUSINESS_INSTITUTIONAL_SCREEN;FROZEN_INFERENCE_OPPORTUNITY;UNIVERSAL_SEMANTIC_SCREEN,n421,n422
fourth_share,fourth_share:E0084,rtc_899ff77131ce4921a0aea407dcf550d9,627cd0b0-69fc-40be-81e0-8916e85b116c,2026-08-16 21:03:22.318794+00:00,BUSINESS_INSTITUTIONAL_SCREEN;UNIVERSAL_SEMANTIC_SCREEN,n423,n424
fourth_share,fourth_share:E0085,rtc_899ff77131ce4921a0aea407dcf550d9,627cd0b0-69fc-40be-81e0-8916e85b116c,2026-08-16 21:03:57.398383+00:00,BUSINESS_INSTITUTIONAL_SCREEN,n426,n427;n428
fourth_share,fourth_share:E0086,rtc_899ff77131ce4921a0aea407dcf550d9,627cd0b0-69fc-40be-81e0-8916e85b116c,2026-08-16 21:04:45.396708+00:00,BUSINESS_INSTITUTIONAL_SCREEN,n429,n430;n431
fourth_share,fourth_share:E0087,rtc_899ff77131ce4921a0aea407dcf550d9,627cd0b0-69fc-40be-81e0-8916e85b116c,2026-08-16 21:07:10.233766+00:00,BUSINESS_INSTITUTIONAL_SCREEN;UNIVERSAL_SEMANTIC_SCREEN,n444,n445;n446
fourth_share,fourth_share:E0088,rtc_899ff77131ce4921a0aea407dcf550d9,627cd0b0-69fc-40be-81e0-8916e85b116c,2026-08-16 21:07:48.909930+00:00,BUSINESS_INSTITUTIONAL_SCREEN;UNIVERSAL_SEMANTIC_SCREEN,n447,n448
fourth_share,fourth_share:E0089,rtc_899ff77131ce4921a0aea407dcf550d9,627cd0b0-69fc-40be-81e0-8916e85b116c,2026-08-16 21:08:07.707167+00:00,BUSINESS_INSTITUTIONAL_SCREEN;UNIVERSAL_SEMANTIC_SCREEN,n449;n451;n454,n450;n455
fourth_share,fourth_share:E0090,rtc_899ff77131ce4921a0aea407dcf550d9,627cd0b0-69fc-40be-81e0-8916e85b116c,2026-08-16 21:09:17.382453+00:00,BUSINESS_INSTITUTIONAL_SCREEN,n456,n457
fourth_share,fourth_share:E0091,rtc_899ff77131ce4921a0aea407dcf550d9,627cd0b0-69fc-40be-81e0-8916e85b116c,2026-08-16 21:10:39.496671+00:00,BUSINESS_INSTITUTIONAL_SCREEN,n462,n463
fourth_share,fourth_share:E0092,rtc_899ff77131ce4921a0aea407dcf550d9,627cd0b0-69fc-40be-81e0-8916e85b116c,2026-08-16 21:11:16.355699+00:00,BUSINESS_INSTITUTIONAL_SCREEN;UNIVERSAL_SEMANTIC_SCREEN,n465,n466;n467
fourth_share,fourth_share:E0093,rtc_899ff77131ce4921a0aea407dcf550d9,627cd0b0-69fc-40be-81e0-8916e85b116c,2026-08-16 21:12:23.497430+00:00,BUSINESS_INSTITUTIONAL_SCREEN;UNIVERSAL_SEMANTIC_SCREEN,n473,n474
fourth_share,fourth_share:E0094,rtc_899ff77131ce4921a0aea407dcf550d9,627cd0b0-69fc-40be-81e0-8916e85b116c,2026-08-16 21:12:38.355951+00:00,BUSINESS_INSTITUTIONAL_SCREEN,n476,n477;n479
fourth_share,fourth_share:E0095,rtc_899ff77131ce4921a0aea407dcf550d9,627cd0b0-69fc-40be-81e0-8916e85b116c,2026-08-16 21:13:29.300155+00:00,BUSINESS_INSTITUTIONAL_SCREEN,n480,n481
fourth_share,fourth_share:E0096,rtc_899ff77131ce4921a0aea407dcf550d9,627cd0b0-69fc-40be-81e0-8916e85b116c,2026-08-16 21:13:51.529844+00:00,BUSINESS_INSTITUTIONAL_SCREEN;FROZEN_INFERENCE_OPPORTUNITY;UNIVERSAL_SEMANTIC_SCREEN,n483;n486,n484;n485;n487
fourth_share,fourth_share:E0097,rtc_899ff77131ce4921a0aea407dcf550d9,627cd0b0-69fc-40be-81e0-8916e85b116c,2026-08-16 21:16:23.991756+00:00,BUSINESS_INSTITUTIONAL_SCREEN,n493,n494
fourth_share,fourth_share:E0098,rtc_899ff77131ce4921a0aea407dcf550d9,627cd0b0-69fc-40be-81e0-8916e85b116c,2026-08-16 21:17:55.614357+00:00,BUSINESS_INSTITUTIONAL_SCREEN;FROZEN_INFERENCE_OPPORTUNITY;UNIVERSAL_SEMANTIC_SCREEN,n500,n501
fourth_share,fourth_share:E0099,rtc_899ff77131ce4921a0aea407dcf550d9,627cd0b0-69fc-40be-81e0-8916e85b116c,2026-08-16 21:19:39.062733+00:00,BUSINESS_INSTITUTIONAL_SCREEN;UNIVERSAL_SEMANTIC_SCREEN,n502,n503
fourth_share,fourth_share:E0100,rtc_899ff77131ce4921a0aea407dcf550d9,627cd0b0-69fc-40be-81e0-8916e85b116c,2026-08-16 21:21:27.582748+00:00,BUSINESS_INSTITUTIONAL_SCREEN,n517,n518
fourth_share,fourth_share:E0101,rtc_899ff77131ce4921a0aea407dcf550d9,627cd0b0-69fc-40be-81e0-8916e85b116c,2026-08-16 21:21:36.523891+00:00,BUSINESS_INSTITUTIONAL_SCREEN;UNIVERSAL_SEMANTIC_SCREEN,n519,n520
fourth_share,fourth_share:E0102,rtc_899ff77131ce4921a0aea407dcf550d9,627cd0b0-69fc-40be-81e0-8916e85b116c,2026-08-16 21:22:27.913903+00:00,BUSINESS_INSTITUTIONAL_SCREEN,n521,n522
fourth_share,fourth_share:E0103,rtc_899ff77131ce4921a0aea407dcf550d9,627cd0b0-69fc-40be-81e0-8916e85b116c,2026-08-16 21:24:02.034500+00:00,BUSINESS_INSTITUTIONAL_SCREEN;FROZEN_INFERENCE_OPPORTUNITY;UNIVERSAL_SEMANTIC_SCREEN,n526,n527
fourth_share,fourth_share:E0104,rtc_899ff77131ce4921a0aea407dcf550d9,627cd0b0-69fc-40be-81e0-8916e85b116c,2026-08-16 21:24:26.303306+00:00,UNIVERSAL_SEMANTIC_SCREEN,n530,n531
fourth_share,fourth_share:E0105,rtc_899ff77131ce4921a0aea407dcf550d9,627cd0b0-69fc-40be-81e0-8916e85b116c,2026-08-16 21:24:48.959905+00:00,BUSINESS_INSTITUTIONAL_SCREEN;UNIVERSAL_SEMANTIC_SCREEN,n534,n535;n536
fourth_share,fourth_share:E0106,rtc_899ff77131ce4921a0aea407dcf550d9,627cd0b0-69fc-40be-81e0-8916e85b116c,2026-08-16 21:27:37.308713+00:00,BUSINESS_INSTITUTIONAL_SCREEN;FROZEN_INFERENCE_OPPORTUNITY;UNIVERSAL_SEMANTIC_SCREEN,n546;n549;n551,n547;n550;n552
fourth_share,fourth_share:E0107,rtc_899ff77131ce4921a0aea407dcf550d9,627cd0b0-69fc-40be-81e0-8916e85b116c,2026-08-16 21:30:09.037259+00:00,BUSINESS_INSTITUTIONAL_SCREEN;FROZEN_INFERENCE_OPPORTUNITY;UNIVERSAL_SEMANTIC_SCREEN,n553,n554
fourth_share,fourth_share:E0108,rtc_899ff77131ce4921a0aea407dcf550d9,627cd0b0-69fc-40be-81e0-8916e85b116c,2026-08-16 21:30:48.339619+00:00,BUSINESS_INSTITUTIONAL_SCREEN;FROZEN_INFERENCE_OPPORTUNITY;UNIVERSAL_SEMANTIC_SCREEN,n556,n557
fourth_share,fourth_share:E0109,rtc_899ff77131ce4921a0aea407dcf550d9,627cd0b0-69fc-40be-81e0-8916e85b116c,2026-08-16 21:34:29.277079+00:00,BUSINESS_INSTITUTIONAL_SCREEN;FROZEN_INFERENCE_OPPORTUNITY;RTC_RULE_EPISODE;UNIVERSAL_SEMANTIC_SCREEN,n572;n575;n578;n580;n582;n584;n588;n590;n592;n594;n596;n598;n600;n607,n560;n571;n573;n576;n606;n608;n614
fourth_share,fourth_share:E0110,rtc_eb5ccf104c6d4a139e00556fd39f70d7,be054727-bbdb-4163-80de-a89fb729c9ff,2026-08-16 21:37:39.806227+00:00,BUSINESS_INSTITUTIONAL_SCREEN;UNIVERSAL_SEMANTIC_SCREEN,n617,n618
fourth_share,fourth_share:E0111,rtc_eb5ccf104c6d4a139e00556fd39f70d7,be054727-bbdb-4163-80de-a89fb729c9ff,2026-08-16 21:37:49.095452+00:00,BUSINESS_INSTITUTIONAL_SCREEN,n620,n621;n622
fourth_share,fourth_share:E0112,rtc_eb5ccf104c6d4a139e00556fd39f70d7,be054727-bbdb-4163-80de-a89fb729c9ff,2026-08-16 21:38:26.516223+00:00,BUSINESS_INSTITUTIONAL_SCREEN;UNIVERSAL_SEMANTIC_SCREEN,n627,n628;n629
fourth_share,fourth_share:E0113,rtc_eb5ccf104c6d4a139e00556fd39f70d7,be054727-bbdb-4163-80de-a89fb729c9ff,2026-08-16 21:38:28.313345+00:00,BUSINESS_INSTITUTIONAL_SCREEN;UNIVERSAL_SEMANTIC_SCREEN,n634,n635
fourth_share,fourth_share:E0114,rtc_eb5ccf104c6d4a139e00556fd39f70d7,be054727-bbdb-4163-80de-a89fb729c9ff,2026-08-16 21:39:39.570747+00:00,UNIVERSAL_SEMANTIC_SCREEN,n637,n638
fourth_share,fourth_share:E0115,rtc_eb5ccf104c6d4a139e00556fd39f70d7,be054727-bbdb-4163-80de-a89fb729c9ff,2026-08-16 21:40:18.111292+00:00,BUSINESS_INSTITUTIONAL_SCREEN;FROZEN_INFERENCE_OPPORTUNITY;UNIVERSAL_SEMANTIC_SCREEN,n641;n643,n642;n644
fourth_share,fourth_share:E0116,rtc_eb5ccf104c6d4a139e00556fd39f70d7,be054727-bbdb-4163-80de-a89fb729c9ff,2026-08-16 21:42:01.221867+00:00,BUSINESS_INSTITUTIONAL_SCREEN,n646,n647
fourth_share,fourth_share:E0117,rtc_eb5ccf104c6d4a139e00556fd39f70d7,be054727-bbdb-4163-80de-a89fb729c9ff,2026-08-16 21:42:02.048251+00:00,BUSINESS_INSTITUTIONAL_SCREEN;UNIVERSAL_SEMANTIC_SCREEN,n650,n651
fourth_share,fourth_share:E0118,rtc_eb5ccf104c6d4a139e00556fd39f70d7,be054727-bbdb-4163-80de-a89fb729c9ff,2026-08-16 21:44:04.923934+00:00,BUSINESS_INSTITUTIONAL_SCREEN;UNIVERSAL_SEMANTIC_SCREEN,n654,n655
fourth_share,fourth_share:E0119,rtc_eb5ccf104c6d4a139e00556fd39f70d7,be054727-bbdb-4163-80de-a89fb729c9ff,2026-08-16 21:44:29.378398+00:00,BUSINESS_INSTITUTIONAL_SCREEN;UNIVERSAL_SEMANTIC_SCREEN,n657,n658
fourth_share,fourth_share:E0120,rtc_eb5ccf104c6d4a139e00556fd39f70d7,be054727-bbdb-4163-80de-a89fb729c9ff,2026-08-16 21:45:19.855297+00:00,BUSINESS_INSTITUTIONAL_SCREEN;UNIVERSAL_SEMANTIC_SCREEN,n660,n661;n662
fourth_share,fourth_share:E0121,rtc_eb5ccf104c6d4a139e00556fd39f70d7,be054727-bbdb-4163-80de-a89fb729c9ff,2026-08-16 21:45:55.529107+00:00,BUSINESS_INSTITUTIONAL_SCREEN,n663,n664
fourth_share,fourth_share:E0122,rtc_eb5ccf104c6d4a139e00556fd39f70d7,be054727-bbdb-4163-80de-a89fb729c9ff,2026-08-16 21:46:18.047580+00:00,BUSINESS_INSTITUTIONAL_SCREEN;UNIVERSAL_SEMANTIC_SCREEN,n665,n666
fourth_share,fourth_share:E0123,rtc_eb5ccf104c6d4a139e00556fd39f70d7,be054727-bbdb-4163-80de-a89fb729c9ff,2026-08-16 21:47:36.583944+00:00,BUSINESS_INSTITUTIONAL_SCREEN;FROZEN_INFERENCE_OPPORTUNITY,n667,n668
fourth_share,fourth_share:E0124,rtc_eb5ccf104c6d4a139e00556fd39f70d7,be054727-bbdb-4163-80de-a89fb729c9ff,2026-08-16 21:49:14.560485+00:00,BUSINESS_INSTITUTIONAL_SCREEN;UNIVERSAL_SEMANTIC_SCREEN,n670,n671
fourth_share,fourth_share:E0125,rtc_eb5ccf104c6d4a139e00556fd39f70d7,be054727-bbdb-4163-80de-a89fb729c9ff,2026-08-16 21:49:38.473897+00:00,BUSINESS_INSTITUTIONAL_SCREEN,n673,n674
fourth_share,fourth_share:E0126,rtc_eb5ccf104c6d4a139e00556fd39f70d7,be054727-bbdb-4163-80de-a89fb729c9ff,2026-08-16 21:50:07.482163+00:00,UNIVERSAL_SEMANTIC_SCREEN,n680,n681
fourth_share,fourth_share:E0127,rtc_eb5ccf104c6d4a139e00556fd39f70d7,be054727-bbdb-4163-80de-a89fb729c9ff,2026-08-16 21:51:03.841902+00:00,UNIVERSAL_SEMANTIC_SCREEN,n690,n691
fourth_share,fourth_share:E0128,rtc_eb5ccf104c6d4a139e00556fd39f70d7,be054727-bbdb-4163-80de-a89fb729c9ff,2026-08-16 21:51:39.552980+00:00,BUSINESS_INSTITUTIONAL_SCREEN,n694,n695
fourth_share,fourth_share:E0129,rtc_eb5ccf104c6d4a139e00556fd39f70d7,be054727-bbdb-4163-80de-a89fb729c9ff,2026-08-16 21:52:22.219129+00:00,UNIVERSAL_SEMANTIC_SCREEN,n700,n701
fourth_share,fourth_share:E0130,rtc_eb5ccf104c6d4a139e00556fd39f70d7,be054727-bbdb-4163-80de-a89fb729c9ff,2026-08-16 21:52:53.610623+00:00,BUSINESS_INSTITUTIONAL_SCREEN;FROZEN_INFERENCE_OPPORTUNITY;UNIVERSAL_SEMANTIC_SCREEN,n702;n704;n707;n709;n712;n715,n703;n705;n708;n713;n716
fourth_share,fourth_share:E0131,rtc_eb5ccf104c6d4a139e00556fd39f70d7,be054727-bbdb-4163-80de-a89fb729c9ff,2026-08-16 22:00:44.025164+00:00,BUSINESS_INSTITUTIONAL_SCREEN;UNIVERSAL_SEMANTIC_SCREEN,n718,n719
fourth_share,fourth_share:E0132,rtc_eb5ccf104c6d4a139e00556fd39f70d7,be054727-bbdb-4163-80de-a89fb729c9ff,2026-08-16 22:00:57.085841+00:00,BUSINESS_INSTITUTIONAL_SCREEN;RTC_RULE_EPISODE;UNIVERSAL_SEMANTIC_SCREEN,n721;n723;n725;n728;n730;n732;n735;n741;n752;n755;n760,n722;n724;n726;n729;n731;n737;n742;n749;n751;n753;n759;n761;n763;n765;n767
fourth_share,fourth_share:E0133,rtc_cda956e9caa04769a2d0794a8e773c8d,ce6d6c62-2c2f-4e2f-82ae-dcadd78bd589,2026-08-16 22:09:09.110191+00:00,BUSINESS_INSTITUTIONAL_SCREEN,n770,n771
fourth_share,fourth_share:E0134,rtc_cda956e9caa04769a2d0794a8e773c8d,ce6d6c62-2c2f-4e2f-82ae-dcadd78bd589,2026-08-16 22:09:44.413122+00:00,BUSINESS_INSTITUTIONAL_SCREEN;UNIVERSAL_SEMANTIC_SCREEN,n774;n780,n775;n781
fourth_share,fourth_share:E0135,rtc_cda956e9caa04769a2d0794a8e773c8d,ce6d6c62-2c2f-4e2f-82ae-dcadd78bd589,2026-08-16 22:11:58.596709+00:00,BUSINESS_INSTITUTIONAL_SCREEN;UNIVERSAL_SEMANTIC_SCREEN,n782;n784,n783;n785
fourth_share,fourth_share:E0136,rtc_cda956e9caa04769a2d0794a8e773c8d,ce6d6c62-2c2f-4e2f-82ae-dcadd78bd589,2026-08-16 22:12:32.426693+00:00,BUSINESS_INSTITUTIONAL_SCREEN,n788,n789
fourth_share,fourth_share:E0137,rtc_cda956e9caa04769a2d0794a8e773c8d,ce6d6c62-2c2f-4e2f-82ae-dcadd78bd589,2026-08-16 22:13:29.867840+00:00,BUSINESS_INSTITUTIONAL_SCREEN;UNIVERSAL_SEMANTIC_SCREEN,n790;n794,n791;n795;n796
fourth_share,fourth_share:E0138,rtc_cda956e9caa04769a2d0794a8e773c8d,ce6d6c62-2c2f-4e2f-82ae-dcadd78bd589,2026-08-16 22:14:51.925463+00:00,BUSINESS_INSTITUTIONAL_SCREEN;UNIVERSAL_SEMANTIC_SCREEN,n797,n798
fourth_share,fourth_share:E0139,rtc_cda956e9caa04769a2d0794a8e773c8d,ce6d6c62-2c2f-4e2f-82ae-dcadd78bd589,2026-08-16 22:15:07.759037+00:00,BUSINESS_INSTITUTIONAL_SCREEN;UNIVERSAL_SEMANTIC_SCREEN,n799,n800
fourth_share,fourth_share:E0140,rtc_cda956e9caa04769a2d0794a8e773c8d,ce6d6c62-2c2f-4e2f-82ae-dcadd78bd589,2026-08-16 22:15:49.449594+00:00,BUSINESS_INSTITUTIONAL_SCREEN;UNIVERSAL_SEMANTIC_SCREEN,n801,n802
fourth_share,fourth_share:E0141,rtc_cda956e9caa04769a2d0794a8e773c8d,ce6d6c62-2c2f-4e2f-82ae-dcadd78bd589,2026-08-16 22:16:33.975186+00:00,BUSINESS_INSTITUTIONAL_SCREEN;UNIVERSAL_SEMANTIC_SCREEN,n803;n805;n807,n804;n806
fourth_share,fourth_share:E0142,rtc_cda956e9caa04769a2d0794a8e773c8d,ce6d6c62-2c2f-4e2f-82ae-dcadd78bd589,2026-08-16 22:21:12.372996+00:00,BUSINESS_INSTITUTIONAL_SCREEN;UNIVERSAL_SEMANTIC_SCREEN,n810,n811
fourth_share,fourth_share:E0143,rtc_cda956e9caa04769a2d0794a8e773c8d,ce6d6c62-2c2f-4e2f-82ae-dcadd78bd589,2026-08-16 22:22:27.422171+00:00,BUSINESS_INSTITUTIONAL_SCREEN;UNIVERSAL_SEMANTIC_SCREEN,n812,n813
fourth_share,fourth_share:E0144,rtc_cda956e9caa04769a2d0794a8e773c8d,ce6d6c62-2c2f-4e2f-82ae-dcadd78bd589,2026-08-16 22:23:10.362877+00:00,BUSINESS_INSTITUTIONAL_SCREEN,n816,n817
fourth_share,fourth_share:E0145,rtc_cda956e9caa04769a2d0794a8e773c8d,ce6d6c62-2c2f-4e2f-82ae-dcadd78bd589,2026-08-16 22:23:24.991305+00:00,BUSINESS_INSTITUTIONAL_SCREEN;UNIVERSAL_SEMANTIC_SCREEN,n818,n819
fourth_share,fourth_share:E0146,rtc_cda956e9caa04769a2d0794a8e773c8d,ce6d6c62-2c2f-4e2f-82ae-dcadd78bd589,2026-08-16 22:24:01.903553+00:00,BUSINESS_INSTITUTIONAL_SCREEN;FROZEN_INFERENCE_OPPORTUNITY;UNIVERSAL_SEMANTIC_SCREEN,n822,n823
fourth_share,fourth_share:E0147,rtc_cda956e9caa04769a2d0794a8e773c8d,ce6d6c62-2c2f-4e2f-82ae-dcadd78bd589,2026-08-16 22:24:37.573383+00:00,BUSINESS_INSTITUTIONAL_SCREEN;UNIVERSAL_SEMANTIC_SCREEN,n826,n827
fourth_share,fourth_share:E0148,rtc_cda956e9caa04769a2d0794a8e773c8d,ce6d6c62-2c2f-4e2f-82ae-dcadd78bd589,2026-08-16 22:24:48.663859+00:00,UNIVERSAL_SEMANTIC_SCREEN,n830,n831
fourth_share,fourth_share:E0149,rtc_cda956e9caa04769a2d0794a8e773c8d,ce6d6c62-2c2f-4e2f-82ae-dcadd78bd589,2026-08-16 22:26:08.408471+00:00,BUSINESS_INSTITUTIONAL_SCREEN;UNIVERSAL_SEMANTIC_SCREEN,n832,n833
fourth_share,fourth_share:E0150,rtc_cda956e9caa04769a2d0794a8e773c8d,ce6d6c62-2c2f-4e2f-82ae-dcadd78bd589,2026-08-16 22:26:20.886577+00:00,BUSINESS_INSTITUTIONAL_SCREEN;UNIVERSAL_SEMANTIC_SCREEN,n834,n835
fourth_share,fourth_share:E0151,rtc_cda956e9caa04769a2d0794a8e773c8d,ce6d6c62-2c2f-4e2f-82ae-dcadd78bd589,2026-08-16 22:27:32.643426+00:00,BUSINESS_INSTITUTIONAL_SCREEN;UNIVERSAL_SEMANTIC_SCREEN,n838,n839
fourth_share,fourth_share:E0152,rtc_cda956e9caa04769a2d0794a8e773c8d,ce6d6c62-2c2f-4e2f-82ae-dcadd78bd589,2026-08-16 22:27:59.930624+00:00,BUSINESS_INSTITUTIONAL_SCREEN;UNIVERSAL_SEMANTIC_SCREEN,n842,n843
fourth_share,fourth_share:E0153,rtc_cda956e9caa04769a2d0794a8e773c8d,ce6d6c62-2c2f-4e2f-82ae-dcadd78bd589,2026-08-16 22:28:33.682462+00:00,UNIVERSAL_SEMANTIC_SCREEN,n844,n845;n846
fourth_share,fourth_share:E0154,rtc_cda956e9caa04769a2d0794a8e773c8d,ce6d6c62-2c2f-4e2f-82ae-dcadd78bd589,2026-08-16 22:30:21.927896+00:00,UNIVERSAL_SEMANTIC_SCREEN,n853,n854;n855
fourth_share,fourth_share:E0155,rtc_cda956e9caa04769a2d0794a8e773c8d,ce6d6c62-2c2f-4e2f-82ae-dcadd78bd589,2026-08-16 22:30:49.106741+00:00,BUSINESS_INSTITUTIONAL_SCREEN;UNIVERSAL_SEMANTIC_SCREEN,n856,n857
fourth_share,fourth_share:E0156,rtc_cda956e9caa04769a2d0794a8e773c8d,ce6d6c62-2c2f-4e2f-82ae-dcadd78bd589,2026-08-16 22:31:25.045808+00:00,UNIVERSAL_SEMANTIC_SCREEN,n866,n867
fourth_share,fourth_share:E0157,rtc_cda956e9caa04769a2d0794a8e773c8d,ce6d6c62-2c2f-4e2f-82ae-dcadd78bd589,2026-08-16 22:31:33.302457+00:00,UNIVERSAL_SEMANTIC_SCREEN,n868,ABSENT
fourth_share,fourth_share:E0158,rtc_cda956e9caa04769a2d0794a8e773c8d,ce6d6c62-2c2f-4e2f-82ae-dcadd78bd589,2026-08-16 22:31:51.378209+00:00,BUSINESS_INSTITUTIONAL_SCREEN,n877,n878
fourth_share,fourth_share:E0159,rtc_cda956e9caa04769a2d0794a8e773c8d,ce6d6c62-2c2f-4e2f-82ae-dcadd78bd589,2026-08-16 22:32:15.400764+00:00,UNIVERSAL_SEMANTIC_SCREEN,n879,n880
fourth_share,fourth_share:E0160,rtc_cda956e9caa04769a2d0794a8e773c8d,ce6d6c62-2c2f-4e2f-82ae-dcadd78bd589,2026-08-16 22:33:39.398032+00:00,AO30_EVENT;BUSINESS_INSTITUTIONAL_SCREEN;UNIVERSAL_SEMANTIC_SCREEN,n885;n888;n900;n902;n904,n886;n887;n901;n903;n905;n906
fourth_share,fourth_share:E0161,rtc_cda956e9caa04769a2d0794a8e773c8d,ce6d6c62-2c2f-4e2f-82ae-dcadd78bd589,2026-08-16 22:38:46.265622+00:00,BUSINESS_INSTITUTIONAL_SCREEN;UNIVERSAL_SEMANTIC_SCREEN,n907,n908
fourth_share,fourth_share:E0162,rtc_cda956e9caa04769a2d0794a8e773c8d,ce6d6c62-2c2f-4e2f-82ae-dcadd78bd589,2026-08-16 22:39:35.012605+00:00,UNIVERSAL_SEMANTIC_SCREEN,n911,ABSENT
fourth_share,fourth_share:E0163,rtc_cda956e9caa04769a2d0794a8e773c8d,ce6d6c62-2c2f-4e2f-82ae-dcadd78bd589,2026-08-16 22:40:04.106368+00:00,BUSINESS_INSTITUTIONAL_SCREEN;UNIVERSAL_SEMANTIC_SCREEN,n913,n914
fourth_share,fourth_share:E0164,rtc_cda956e9caa04769a2d0794a8e773c8d,ce6d6c62-2c2f-4e2f-82ae-dcadd78bd589,2026-08-16 22:40:50.862353+00:00,BUSINESS_INSTITUTIONAL_SCREEN;FROZEN_INFERENCE_OPPORTUNITY;UNIVERSAL_SEMANTIC_SCREEN,n917;n920,n918;n921
fourth_share,fourth_share:E0165,rtc_cda956e9caa04769a2d0794a8e773c8d,ce6d6c62-2c2f-4e2f-82ae-dcadd78bd589,2026-08-16 22:42:42.571997+00:00,BUSINESS_INSTITUTIONAL_SCREEN;FROZEN_INFERENCE_OPPORTUNITY;UNIVERSAL_SEMANTIC_SCREEN,n922,n923
fourth_share,fourth_share:E0166,rtc_cda956e9caa04769a2d0794a8e773c8d,ce6d6c62-2c2f-4e2f-82ae-dcadd78bd589,2026-08-16 22:43:19.182814+00:00,BUSINESS_INSTITUTIONAL_SCREEN;UNIVERSAL_SEMANTIC_SCREEN,n924,n925
fourth_share,fourth_share:E0167,rtc_cda956e9caa04769a2d0794a8e773c8d,ce6d6c62-2c2f-4e2f-82ae-dcadd78bd589,2026-08-16 22:45:04.258456+00:00,BUSINESS_INSTITUTIONAL_SCREEN,n929,n930
fourth_share,fourth_share:E0168,rtc_cda956e9caa04769a2d0794a8e773c8d,ce6d6c62-2c2f-4e2f-82ae-dcadd78bd589,2026-08-16 22:45:46.809710+00:00,BUSINESS_INSTITUTIONAL_SCREEN;UNIVERSAL_SEMANTIC_SCREEN,n932;n935,n933
fourth_share,fourth_share:E0169,rtc_cda956e9caa04769a2d0794a8e773c8d,ce6d6c62-2c2f-4e2f-82ae-dcadd78bd589,2026-08-16 22:47:26.501885+00:00,BUSINESS_INSTITUTIONAL_SCREEN,n938,n939
fourth_share,fourth_share:E0170,rtc_cda956e9caa04769a2d0794a8e773c8d,ce6d6c62-2c2f-4e2f-82ae-dcadd78bd589,2026-08-16 22:47:58.332920+00:00,BUSINESS_INSTITUTIONAL_SCREEN;UNIVERSAL_SEMANTIC_SCREEN,n941,n942
fourth_share,fourth_share:E0171,rtc_cda956e9caa04769a2d0794a8e773c8d,ce6d6c62-2c2f-4e2f-82ae-dcadd78bd589,2026-08-16 22:48:50.664729+00:00,BUSINESS_INSTITUTIONAL_SCREEN,n950,n951
fourth_share,fourth_share:E0172,rtc_cda956e9caa04769a2d0794a8e773c8d,ce6d6c62-2c2f-4e2f-82ae-dcadd78bd589,2026-08-16 22:51:12.420629+00:00,UNIVERSAL_SEMANTIC_SCREEN,n954,ABSENT
fourth_share,fourth_share:E0173,rtc_cda956e9caa04769a2d0794a8e773c8d,ce6d6c62-2c2f-4e2f-82ae-dcadd78bd589,2026-08-16 22:51:27.546609+00:00,UNIVERSAL_SEMANTIC_SCREEN,n957,ABSENT
fourth_share,fourth_share:E0174,rtc_cda956e9caa04769a2d0794a8e773c8d,ce6d6c62-2c2f-4e2f-82ae-dcadd78bd589,2026-08-16 22:53:21.518573+00:00,BUSINESS_INSTITUTIONAL_SCREEN;UNIVERSAL_SEMANTIC_SCREEN,n964,n965
fourth_share,fourth_share:E0175,rtc_cda956e9caa04769a2d0794a8e773c8d,ce6d6c62-2c2f-4e2f-82ae-dcadd78bd589,2026-08-16 22:54:18.021640+00:00,FROZEN_INFERENCE_OPPORTUNITY;UNIVERSAL_SEMANTIC_SCREEN,n967,n968
fourth_share,fourth_share:E0176,rtc_cda956e9caa04769a2d0794a8e773c8d,ce6d6c62-2c2f-4e2f-82ae-dcadd78bd589,2026-08-16 22:55:44.351904+00:00,BUSINESS_INSTITUTIONAL_SCREEN;UNIVERSAL_SEMANTIC_SCREEN,n970,n971
fourth_share,fourth_share:E0177,rtc_cda956e9caa04769a2d0794a8e773c8d,ce6d6c62-2c2f-4e2f-82ae-dcadd78bd589,2026-08-16 22:55:57.805241+00:00,AGENCY_NEUTRAL_OPPORTUNITY;BUSINESS_INSTITUTIONAL_SCREEN;FROZEN_INFERENCE_OPPORTUNITY;UNIVERSAL_SEMANTIC_SCREEN,n973;n976,n974;n977
fourth_share,fourth_share:E0178,rtc_cda956e9caa04769a2d0794a8e773c8d,ce6d6c62-2c2f-4e2f-82ae-dcadd78bd589,2026-08-16 22:58:39.263270+00:00,BUSINESS_INSTITUTIONAL_SCREEN;UNIVERSAL_SEMANTIC_SCREEN,n979,n980
fourth_share,fourth_share:E0179,rtc_cda956e9caa04769a2d0794a8e773c8d,ce6d6c62-2c2f-4e2f-82ae-dcadd78bd589,2026-08-16 22:58:59.367436+00:00,UNIVERSAL_SEMANTIC_SCREEN,n981,n982
fourth_share,fourth_share:E0180,rtc_cda956e9caa04769a2d0794a8e773c8d,ce6d6c62-2c2f-4e2f-82ae-dcadd78bd589,2026-08-16 22:59:44.171379+00:00,UNIVERSAL_SEMANTIC_SCREEN,n987,n988
fourth_share,fourth_share:E0181,rtc_cda956e9caa04769a2d0794a8e773c8d,ce6d6c62-2c2f-4e2f-82ae-dcadd78bd589,2026-08-16 23:00:37.070106+00:00,BUSINESS_INSTITUTIONAL_SCREEN;UNIVERSAL_SEMANTIC_SCREEN,n989,n990
fourth_share,fourth_share:E0182,rtc_cda956e9caa04769a2d0794a8e773c8d,ce6d6c62-2c2f-4e2f-82ae-dcadd78bd589,2026-08-16 23:01:09.594828+00:00,BUSINESS_INSTITUTIONAL_SCREEN;UNIVERSAL_SEMANTIC_SCREEN,n993,n994
fourth_share,fourth_share:E0183,rtc_cda956e9caa04769a2d0794a8e773c8d,ce6d6c62-2c2f-4e2f-82ae-dcadd78bd589,2026-08-16 23:01:20.376015+00:00,BUSINESS_INSTITUTIONAL_SCREEN,n997,n998;n1002
fourth_share,fourth_share:E0184,rtc_cda956e9caa04769a2d0794a8e773c8d,ce6d6c62-2c2f-4e2f-82ae-dcadd78bd589,2026-08-16 23:02:14.191826+00:00,BUSINESS_INSTITUTIONAL_SCREEN,n1003,n1004;n1006
fourth_share,fourth_share:E0185,rtc_cda956e9caa04769a2d0794a8e773c8d,ce6d6c62-2c2f-4e2f-82ae-dcadd78bd589,2026-08-16 23:02:49.408038+00:00,BUSINESS_INSTITUTIONAL_SCREEN;UNIVERSAL_SEMANTIC_SCREEN,n1007,n1008
fourth_share,fourth_share:E0186,rtc_cda956e9caa04769a2d0794a8e773c8d,ce6d6c62-2c2f-4e2f-82ae-dcadd78bd589,2026-08-16 23:03:03.429568+00:00,UNIVERSAL_SEMANTIC_SCREEN,n1009,n1010
fourth_share,fourth_share:E0187,rtc_cda956e9caa04769a2d0794a8e773c8d,ce6d6c62-2c2f-4e2f-82ae-dcadd78bd589,2026-08-16 23:03:32.064486+00:00,BUSINESS_INSTITUTIONAL_SCREEN;UNIVERSAL_SEMANTIC_SCREEN,n1011,n1012;n1014
fourth_share,fourth_share:E0188,rtc_cda956e9caa04769a2d0794a8e773c8d,ce6d6c62-2c2f-4e2f-82ae-dcadd78bd589,2026-08-16 23:03:44.548286+00:00,BUSINESS_INSTITUTIONAL_SCREEN;UNIVERSAL_SEMANTIC_SCREEN,n1015,n1016
fourth_share,fourth_share:E0189,rtc_cda956e9caa04769a2d0794a8e773c8d,ce6d6c62-2c2f-4e2f-82ae-dcadd78bd589,2026-08-16 23:04:04.394127+00:00,BUSINESS_INSTITUTIONAL_SCREEN;FROZEN_INFERENCE_OPPORTUNITY;UNIVERSAL_SEMANTIC_SCREEN,n1019,n1020
fourth_share,fourth_share:E0190,rtc_cda956e9caa04769a2d0794a8e773c8d,ce6d6c62-2c2f-4e2f-82ae-dcadd78bd589,2026-08-16 23:04:28.492449+00:00,BUSINESS_INSTITUTIONAL_SCREEN,n1021,n1022
fourth_share,fourth_share:E0191,rtc_cda956e9caa04769a2d0794a8e773c8d,ce6d6c62-2c2f-4e2f-82ae-dcadd78bd589,2026-08-16 23:04:58.328909+00:00,BUSINESS_INSTITUTIONAL_SCREEN;UNIVERSAL_SEMANTIC_SCREEN,n1023,n1025
fourth_share,fourth_share:E0192,rtc_cda956e9caa04769a2d0794a8e773c8d,ce6d6c62-2c2f-4e2f-82ae-dcadd78bd589,2026-08-16 23:06:39.955653+00:00,BUSINESS_INSTITUTIONAL_SCREEN,n1032,n1033
fourth_share,fourth_share:E0193,rtc_cda956e9caa04769a2d0794a8e773c8d,ce6d6c62-2c2f-4e2f-82ae-dcadd78bd589,2026-08-16 23:08:02.749940+00:00,BUSINESS_INSTITUTIONAL_SCREEN,n1034,n1035
fourth_share,fourth_share:E0194,rtc_cda956e9caa04769a2d0794a8e773c8d,ce6d6c62-2c2f-4e2f-82ae-dcadd78bd589,2026-08-16 23:08:10.199404+00:00,BUSINESS_INSTITUTIONAL_SCREEN;FROZEN_INFERENCE_OPPORTUNITY;UNIVERSAL_SEMANTIC_SCREEN,n1037;n1039,n1038;n1040
fourth_share,fourth_share:E0195,rtc_cda956e9caa04769a2d0794a8e773c8d,ce6d6c62-2c2f-4e2f-82ae-dcadd78bd589,2026-08-16 23:09:18.263289+00:00,BUSINESS_INSTITUTIONAL_SCREEN,n1045,n1046
fourth_share,fourth_share:E0196,rtc_cda956e9caa04769a2d0794a8e773c8d,ce6d6c62-2c2f-4e2f-82ae-dcadd78bd589,2026-08-16 23:10:07.415635+00:00,BUSINESS_INSTITUTIONAL_SCREEN;UNIVERSAL_SEMANTIC_SCREEN,n1047,n1048
fourth_share,fourth_share:E0197,rtc_cda956e9caa04769a2d0794a8e773c8d,ce6d6c62-2c2f-4e2f-82ae-dcadd78bd589,2026-08-16 23:10:43.245263+00:00,UNIVERSAL_SEMANTIC_SCREEN,n1049,ABSENT
fourth_share,fourth_share:E0198,rtc_cda956e9caa04769a2d0794a8e773c8d,ce6d6c62-2c2f-4e2f-82ae-dcadd78bd589,2026-08-16 23:11:11.990208+00:00,BUSINESS_INSTITUTIONAL_SCREEN;UNIVERSAL_SEMANTIC_SCREEN,n1051,n1052
fourth_share,fourth_share:E0199,rtc_cda956e9caa04769a2d0794a8e773c8d,ce6d6c62-2c2f-4e2f-82ae-dcadd78bd589,2026-08-16 23:12:19.599588+00:00,UNIVERSAL_SEMANTIC_SCREEN,n1053,n1054
fourth_share,fourth_share:E0200,rtc_cda956e9caa04769a2d0794a8e773c8d,ce6d6c62-2c2f-4e2f-82ae-dcadd78bd589,2026-08-16 23:13:13.056259+00:00,BUSINESS_INSTITUTIONAL_SCREEN;UNIVERSAL_SEMANTIC_SCREEN,n1055,n1056
fourth_share,fourth_share:E0201,rtc_cda956e9caa04769a2d0794a8e773c8d,ce6d6c62-2c2f-4e2f-82ae-dcadd78bd589,2026-08-16 23:13:34.756142+00:00,BUSINESS_INSTITUTIONAL_SCREEN,n1060,n1061
fourth_share,fourth_share:E0202,rtc_cda956e9caa04769a2d0794a8e773c8d,ce6d6c62-2c2f-4e2f-82ae-dcadd78bd589,2026-08-16 23:14:23.329911+00:00,BUSINESS_INSTITUTIONAL_SCREEN;UNIVERSAL_SEMANTIC_SCREEN,n1062,n1063
fourth_share,fourth_share:E0203,rtc_cda956e9caa04769a2d0794a8e773c8d,ce6d6c62-2c2f-4e2f-82ae-dcadd78bd589,2026-08-16 23:14:49.881279+00:00,BUSINESS_INSTITUTIONAL_SCREEN;UNIVERSAL_SEMANTIC_SCREEN,n1066,n1067
fourth_share,fourth_share:E0204,rtc_cda956e9caa04769a2d0794a8e773c8d,ce6d6c62-2c2f-4e2f-82ae-dcadd78bd589,2026-08-16 23:15:00.382882+00:00,UNIVERSAL_SEMANTIC_SCREEN,n1068,n1069
fourth_share,fourth_share:E0205,rtc_cda956e9caa04769a2d0794a8e773c8d,ce6d6c62-2c2f-4e2f-82ae-dcadd78bd589,2026-08-16 23:15:51.278060+00:00,BUSINESS_INSTITUTIONAL_SCREEN;UNIVERSAL_SEMANTIC_SCREEN,n1072,n1073
fourth_share,fourth_share:E0206,rtc_cda956e9caa04769a2d0794a8e773c8d,ce6d6c62-2c2f-4e2f-82ae-dcadd78bd589,2026-08-16 23:21:08.793373+00:00,BUSINESS_INSTITUTIONAL_SCREEN;UNIVERSAL_SEMANTIC_SCREEN,n1087,n1088
fourth_share,fourth_share:E0207,rtc_cda956e9caa04769a2d0794a8e773c8d,ce6d6c62-2c2f-4e2f-82ae-dcadd78bd589,2026-08-16 23:21:51.859441+00:00,BUSINESS_INSTITUTIONAL_SCREEN;FROZEN_INFERENCE_OPPORTUNITY;UNIVERSAL_SEMANTIC_SCREEN,n1089,n1090
fourth_share,fourth_share:E0208,rtc_cda956e9caa04769a2d0794a8e773c8d,ce6d6c62-2c2f-4e2f-82ae-dcadd78bd589,2026-08-16 23:22:31.078183+00:00,BUSINESS_INSTITUTIONAL_SCREEN,n1091,n1092
fourth_share,fourth_share:E0209,rtc_cda956e9caa04769a2d0794a8e773c8d,ce6d6c62-2c2f-4e2f-82ae-dcadd78bd589,2026-08-16 23:23:23.206973+00:00,BUSINESS_INSTITUTIONAL_SCREEN,n1094,n1095
fourth_share,fourth_share:E0210,rtc_cda956e9caa04769a2d0794a8e773c8d,ce6d6c62-2c2f-4e2f-82ae-dcadd78bd589,2026-08-16 23:23:42.017933+00:00,BUSINESS_INSTITUTIONAL_SCREEN,n1099,n1100
fourth_share,fourth_share:E0211,rtc_cda956e9caa04769a2d0794a8e773c8d,ce6d6c62-2c2f-4e2f-82ae-dcadd78bd589,2026-08-16 23:24:07.506520+00:00,UNIVERSAL_SEMANTIC_SCREEN,n1101,n1102
fourth_share,fourth_share:E0212,rtc_cda956e9caa04769a2d0794a8e773c8d,ce6d6c62-2c2f-4e2f-82ae-dcadd78bd589,2026-08-16 23:24:14.356973+00:00,UNIVERSAL_SEMANTIC_SCREEN,n1103,n1104
fourth_share,fourth_share:E0213,rtc_cda956e9caa04769a2d0794a8e773c8d,ce6d6c62-2c2f-4e2f-82ae-dcadd78bd589,2026-08-16 23:26:17.633660+00:00,BUSINESS_INSTITUTIONAL_SCREEN;UNIVERSAL_SEMANTIC_SCREEN,n1113,n1114
fourth_share,fourth_share:E0214,rtc_cda956e9caa04769a2d0794a8e773c8d,ce6d6c62-2c2f-4e2f-82ae-dcadd78bd589,2026-08-16 23:26:24.508124+00:00,BUSINESS_INSTITUTIONAL_SCREEN;UNIVERSAL_SEMANTIC_SCREEN,n1118,n1119
fourth_share,fourth_share:E0215,rtc_cda956e9caa04769a2d0794a8e773c8d,ce6d6c62-2c2f-4e2f-82ae-dcadd78bd589,2026-08-16 23:27:55.226511+00:00,BUSINESS_INSTITUTIONAL_SCREEN,n1123,n1124
fourth_share,fourth_share:E0216,rtc_cda956e9caa04769a2d0794a8e773c8d,ce6d6c62-2c2f-4e2f-82ae-dcadd78bd589,2026-08-16 23:28:48.483872+00:00,BUSINESS_INSTITUTIONAL_SCREEN;UNIVERSAL_SEMANTIC_SCREEN,n1125,n1126
fourth_share,fourth_share:E0217,rtc_cda956e9caa04769a2d0794a8e773c8d,ce6d6c62-2c2f-4e2f-82ae-dcadd78bd589,2026-08-16 23:29:03.738729+00:00,UNIVERSAL_SEMANTIC_SCREEN,n1127,n1128
fourth_share,fourth_share:E0218,rtc_cda956e9caa04769a2d0794a8e773c8d,ce6d6c62-2c2f-4e2f-82ae-dcadd78bd589,2026-08-16 23:29:55.591920+00:00,BUSINESS_INSTITUTIONAL_SCREEN;UNIVERSAL_SEMANTIC_SCREEN,n1129,n1130
fourth_share,fourth_share:E0219,rtc_cda956e9caa04769a2d0794a8e773c8d,ce6d6c62-2c2f-4e2f-82ae-dcadd78bd589,2026-08-16 23:29:56.496957+00:00,BUSINESS_INSTITUTIONAL_SCREEN;UNIVERSAL_SEMANTIC_SCREEN,n1131;n1136,n1132;n1137
fourth_share,fourth_share:E0220,rtc_cda956e9caa04769a2d0794a8e773c8d,ce6d6c62-2c2f-4e2f-82ae-dcadd78bd589,2026-08-16 23:33:17.596881+00:00,UNIVERSAL_SEMANTIC_SCREEN,n1144,n1145
fourth_share,fourth_share:E0221,rtc_cda956e9caa04769a2d0794a8e773c8d,ce6d6c62-2c2f-4e2f-82ae-dcadd78bd589,2026-08-16 23:34:33.061388+00:00,BUSINESS_INSTITUTIONAL_SCREEN;UNIVERSAL_SEMANTIC_SCREEN,n1152,n1153;n1154
fourth_share,fourth_share:E0222,rtc_cda956e9caa04769a2d0794a8e773c8d,ce6d6c62-2c2f-4e2f-82ae-dcadd78bd589,2026-08-16 23:35:08.389781+00:00,BUSINESS_INSTITUTIONAL_SCREEN;UNIVERSAL_SEMANTIC_SCREEN,n1155,n1156
fourth_share,fourth_share:E0223,rtc_cda956e9caa04769a2d0794a8e773c8d,ce6d6c62-2c2f-4e2f-82ae-dcadd78bd589,2026-08-16 23:35:35.751088+00:00,BUSINESS_INSTITUTIONAL_SCREEN;UNIVERSAL_SEMANTIC_SCREEN,n1157;n1159,n1158
fourth_share,fourth_share:E0224,rtc_cda956e9caa04769a2d0794a8e773c8d,ce6d6c62-2c2f-4e2f-82ae-dcadd78bd589,2026-08-16 23:36:49.719261+00:00,BUSINESS_INSTITUTIONAL_SCREEN;FROZEN_INFERENCE_OPPORTUNITY;UNIVERSAL_SEMANTIC_SCREEN,n1164;n1166,n1165;n1167
fourth_share,fourth_share:E0225,rtc_cda956e9caa04769a2d0794a8e773c8d,ce6d6c62-2c2f-4e2f-82ae-dcadd78bd589,2026-08-16 23:37:17.206365+00:00,UNIVERSAL_SEMANTIC_SCREEN,n1168,n1169
fourth_share,fourth_share:E0226,rtc_cda956e9caa04769a2d0794a8e773c8d,ce6d6c62-2c2f-4e2f-82ae-dcadd78bd589,2026-08-16 23:37:34.384363+00:00,AGENCY_NEUTRAL_OPPORTUNITY;BUSINESS_INSTITUTIONAL_SCREEN;FROZEN_INFERENCE_OPPORTUNITY;UNIVERSAL_SEMANTIC_SCREEN,n1170;n1172;n1175,n1171;n1173;n1176
fourth_share,fourth_share:E0227,rtc_cda956e9caa04769a2d0794a8e773c8d,ce6d6c62-2c2f-4e2f-82ae-dcadd78bd589,2026-08-16 23:38:51.002327+00:00,BUSINESS_INSTITUTIONAL_SCREEN,n1183,n1184
fourth_share,fourth_share:E0228,rtc_cda956e9caa04769a2d0794a8e773c8d,ce6d6c62-2c2f-4e2f-82ae-dcadd78bd589,2026-08-16 23:39:45.606880+00:00,BUSINESS_INSTITUTIONAL_SCREEN;FROZEN_INFERENCE_OPPORTUNITY;UNIVERSAL_SEMANTIC_SCREEN,n1189,n1190
fourth_share,fourth_share:E0229,rtc_cda956e9caa04769a2d0794a8e773c8d,ce6d6c62-2c2f-4e2f-82ae-dcadd78bd589,2026-08-16 23:39:59.398079+00:00,BUSINESS_INSTITUTIONAL_SCREEN,n1194,n1195
fourth_share,fourth_share:E0230,rtc_cda956e9caa04769a2d0794a8e773c8d,ce6d6c62-2c2f-4e2f-82ae-dcadd78bd589,2026-08-16 23:40:09.595270+00:00,BUSINESS_INSTITUTIONAL_SCREEN,n1196,n1197
fourth_share,fourth_share:E0231,rtc_cda956e9caa04769a2d0794a8e773c8d,ce6d6c62-2c2f-4e2f-82ae-dcadd78bd589,2026-08-16 23:40:19.429877+00:00,BUSINESS_INSTITUTIONAL_SCREEN;FROZEN_INFERENCE_OPPORTUNITY,n1198,n1199
fourth_share,fourth_share:E0232,rtc_cda956e9caa04769a2d0794a8e773c8d,ce6d6c62-2c2f-4e2f-82ae-dcadd78bd589,2026-08-16 23:40:38.444217+00:00,UNIVERSAL_SEMANTIC_SCREEN,n1202,n1203
fourth_share,fourth_share:E0233,rtc_cda956e9caa04769a2d0794a8e773c8d,ce6d6c62-2c2f-4e2f-82ae-dcadd78bd589,2026-08-16 23:40:46.134766+00:00,UNIVERSAL_SEMANTIC_SCREEN,n1204,n1205
fourth_share,fourth_share:E0234,rtc_cda956e9caa04769a2d0794a8e773c8d,ce6d6c62-2c2f-4e2f-82ae-dcadd78bd589,2026-08-16 23:42:08.114699+00:00,BUSINESS_INSTITUTIONAL_SCREEN;UNIVERSAL_SEMANTIC_SCREEN,n1210,n1211
fourth_share,fourth_share:E0235,rtc_cda956e9caa04769a2d0794a8e773c8d,ce6d6c62-2c2f-4e2f-82ae-dcadd78bd589,2026-08-16 23:42:53.015526+00:00,BUSINESS_INSTITUTIONAL_SCREEN;UNIVERSAL_SEMANTIC_SCREEN,n1213,n1214
fourth_share,fourth_share:E0236,rtc_cda956e9caa04769a2d0794a8e773c8d,ce6d6c62-2c2f-4e2f-82ae-dcadd78bd589,2026-08-16 23:44:02.594455+00:00,BUSINESS_INSTITUTIONAL_SCREEN;UNIVERSAL_SEMANTIC_SCREEN,n1215,n1216
fourth_share,fourth_share:E0237,rtc_cda956e9caa04769a2d0794a8e773c8d,ce6d6c62-2c2f-4e2f-82ae-dcadd78bd589,2026-08-16 23:44:26.984031+00:00,BUSINESS_INSTITUTIONAL_SCREEN,n1217,n1218
fourth_share,fourth_share:E0238,rtc_cda956e9caa04769a2d0794a8e773c8d,ce6d6c62-2c2f-4e2f-82ae-dcadd78bd589,2026-08-16 23:45:10.590206+00:00,BUSINESS_INSTITUTIONAL_SCREEN,n1226,n1227
fourth_share,fourth_share:E0239,rtc_cda956e9caa04769a2d0794a8e773c8d,ce6d6c62-2c2f-4e2f-82ae-dcadd78bd589,2026-08-16 23:45:18.074497+00:00,BUSINESS_INSTITUTIONAL_SCREEN,n1231,n1232;n1235
fourth_share,fourth_share:E0240,rtc_cda956e9caa04769a2d0794a8e773c8d,ce6d6c62-2c2f-4e2f-82ae-dcadd78bd589,2026-08-16 23:46:51.777013+00:00,UNIVERSAL_SEMANTIC_SCREEN,n1240,n1241
fourth_share,fourth_share:E0241,rtc_cda956e9caa04769a2d0794a8e773c8d,ce6d6c62-2c2f-4e2f-82ae-dcadd78bd589,2026-08-16 23:48:35.830943+00:00,BUSINESS_INSTITUTIONAL_SCREEN,n1248,n1249
fourth_share,fourth_share:E0242,rtc_cda956e9caa04769a2d0794a8e773c8d,ce6d6c62-2c2f-4e2f-82ae-dcadd78bd589,2026-08-16 23:49:11.608227+00:00,UNIVERSAL_SEMANTIC_SCREEN,n1250,n1251
fourth_share,fourth_share:E0243,rtc_cda956e9caa04769a2d0794a8e773c8d,ce6d6c62-2c2f-4e2f-82ae-dcadd78bd589,2026-08-16 23:49:30.796867+00:00,BUSINESS_INSTITUTIONAL_SCREEN,n1252,n1253
fourth_share,fourth_share:E0244,rtc_cda956e9caa04769a2d0794a8e773c8d,ce6d6c62-2c2f-4e2f-82ae-dcadd78bd589,2026-08-16 23:51:11.098548+00:00,UNIVERSAL_SEMANTIC_SCREEN,n1260,n1261
fourth_share,fourth_share:E0245,rtc_cda956e9caa04769a2d0794a8e773c8d,ce6d6c62-2c2f-4e2f-82ae-dcadd78bd589,2026-08-16 23:51:30.118941+00:00,BUSINESS_INSTITUTIONAL_SCREEN,n1262,n1263
fourth_share,fourth_share:E0246,rtc_cda956e9caa04769a2d0794a8e773c8d,ce6d6c62-2c2f-4e2f-82ae-dcadd78bd589,2026-08-16 23:53:39.289455+00:00,BUSINESS_INSTITUTIONAL_SCREEN;UNIVERSAL_SEMANTIC_SCREEN,n1270;n1272,n1271;n1273
fourth_share,fourth_share:E0247,rtc_cda956e9caa04769a2d0794a8e773c8d,ce6d6c62-2c2f-4e2f-82ae-dcadd78bd589,2026-08-16 23:56:13.477947+00:00,BUSINESS_INSTITUTIONAL_SCREEN;UNIVERSAL_SEMANTIC_SCREEN,n1279,n1280;n1281
fourth_share,fourth_share:E0248,rtc_cda956e9caa04769a2d0794a8e773c8d,ce6d6c62-2c2f-4e2f-82ae-dcadd78bd589,2026-08-16 23:56:27.798371+00:00,BUSINESS_INSTITUTIONAL_SCREEN;FROZEN_INFERENCE_OPPORTUNITY,n1282,n1283
fourth_share,fourth_share:E0249,rtc_cda956e9caa04769a2d0794a8e773c8d,ce6d6c62-2c2f-4e2f-82ae-dcadd78bd589,2026-08-16 23:58:15.252335+00:00,UNIVERSAL_SEMANTIC_SCREEN,n1291,n1293;n1294
fourth_share,fourth_share:E0250,rtc_cda956e9caa04769a2d0794a8e773c8d,ce6d6c62-2c2f-4e2f-82ae-dcadd78bd589,2026-08-16 23:58:50.109325+00:00,BUSINESS_INSTITUTIONAL_SCREEN;UNIVERSAL_SEMANTIC_SCREEN,n1297,n1298
fourth_share,fourth_share:E0251,rtc_cda956e9caa04769a2d0794a8e773c8d,ce6d6c62-2c2f-4e2f-82ae-dcadd78bd589,2026-08-17 00:00:19.509836+00:00,BUSINESS_INSTITUTIONAL_SCREEN;FROZEN_INFERENCE_OPPORTUNITY,n1301,n1302
fourth_share,fourth_share:E0252,rtc_cda956e9caa04769a2d0794a8e773c8d,ce6d6c62-2c2f-4e2f-82ae-dcadd78bd589,2026-08-17 00:01:19.442926+00:00,BUSINESS_INSTITUTIONAL_SCREEN,n1303,n1304;n1305
fourth_share,fourth_share:E0253,rtc_cda956e9caa04769a2d0794a8e773c8d,ce6d6c62-2c2f-4e2f-82ae-dcadd78bd589,2026-08-17 00:01:43.659977+00:00,UNIVERSAL_SEMANTIC_SCREEN,n1306,n1307
fourth_share,fourth_share:E0254,rtc_cda956e9caa04769a2d0794a8e773c8d,ce6d6c62-2c2f-4e2f-82ae-dcadd78bd589,2026-08-17 00:02:46.465717+00:00,BUSINESS_INSTITUTIONAL_SCREEN;UNIVERSAL_SEMANTIC_SCREEN,n1314,n1315;n1316
fourth_share,fourth_share:E0255,rtc_cda956e9caa04769a2d0794a8e773c8d,ce6d6c62-2c2f-4e2f-82ae-dcadd78bd589,2026-08-17 00:03:27.142628+00:00,UNIVERSAL_SEMANTIC_SCREEN,n1319,n1320
fourth_share,fourth_share:E0256,rtc_cda956e9caa04769a2d0794a8e773c8d,ce6d6c62-2c2f-4e2f-82ae-dcadd78bd589,2026-08-17 00:04:01.027200+00:00,UNIVERSAL_SEMANTIC_SCREEN,n1323,n1324
fourth_share,fourth_share:E0257,rtc_cda956e9caa04769a2d0794a8e773c8d,ce6d6c62-2c2f-4e2f-82ae-dcadd78bd589,2026-08-17 00:04:08.054129+00:00,BUSINESS_INSTITUTIONAL_SCREEN;UNIVERSAL_SEMANTIC_SCREEN,n1325,n1326
fourth_share,fourth_share:E0258,rtc_cda956e9caa04769a2d0794a8e773c8d,ce6d6c62-2c2f-4e2f-82ae-dcadd78bd589,2026-08-17 00:05:16.399695+00:00,BUSINESS_INSTITUTIONAL_SCREEN;UNIVERSAL_SEMANTIC_SCREEN,n1331,n1332;n1333
fourth_share,fourth_share:E0259,rtc_cda956e9caa04769a2d0794a8e773c8d,ce6d6c62-2c2f-4e2f-82ae-dcadd78bd589,2026-08-17 00:06:14.261937+00:00,UNIVERSAL_SEMANTIC_SCREEN,n1334,ABSENT
fourth_share,fourth_share:E0260,rtc_cda956e9caa04769a2d0794a8e773c8d,ce6d6c62-2c2f-4e2f-82ae-dcadd78bd589,2026-08-17 00:07:07.488393+00:00,BUSINESS_INSTITUTIONAL_SCREEN;UNIVERSAL_SEMANTIC_SCREEN,n1337,n1338
fourth_share,fourth_share:E0261,rtc_cda956e9caa04769a2d0794a8e773c8d,ce6d6c62-2c2f-4e2f-82ae-dcadd78bd589,2026-08-17 00:07:09.521505+00:00,UNIVERSAL_SEMANTIC_SCREEN,n1340,ABSENT
nineteenth_share,nineteenth_share:E0001,rtc_b36767717f0c4dfc94b3263257513824,92d5db35-79fd-4c43-a1c2-9d57fd6b05ec,2026-08-12 16:07:27.311829+00:00,BUSINESS_INSTITUTIONAL_SCREEN;UNIVERSAL_SEMANTIC_SCREEN,n11,n12
nineteenth_share,nineteenth_share:E0002,rtc_b36767717f0c4dfc94b3263257513824,92d5db35-79fd-4c43-a1c2-9d57fd6b05ec,2026-08-12 16:08:08.580212+00:00,AGENCY_NEUTRAL_OPPORTUNITY;BUSINESS_INSTITUTIONAL_SCREEN;FROZEN_INFERENCE_OPPORTUNITY,n17,n18
nineteenth_share,nineteenth_share:E0003,rtc_b36767717f0c4dfc94b3263257513824,92d5db35-79fd-4c43-a1c2-9d57fd6b05ec,2026-08-12 16:11:08.552550+00:00,BUSINESS_INSTITUTIONAL_SCREEN;UNIVERSAL_SEMANTIC_SCREEN,n54,n55
nineteenth_share,nineteenth_share:E0004,rtc_b36767717f0c4dfc94b3263257513824,92d5db35-79fd-4c43-a1c2-9d57fd6b05ec,2026-08-12 16:17:11.018182+00:00,AO30_EVENT,n96,n97;n98
nineteenth_share,nineteenth_share:E0005,rtc_b36767717f0c4dfc94b3263257513824,92d5db35-79fd-4c43-a1c2-9d57fd6b05ec,2026-08-12 16:20:15.828013+00:00,UNIVERSAL_SEMANTIC_SCREEN,n107,n111
nineteenth_share,nineteenth_share:E0006,rtc_b36767717f0c4dfc94b3263257513824,92d5db35-79fd-4c43-a1c2-9d57fd6b05ec,2026-08-12 16:20:53.412248+00:00,UNIVERSAL_SEMANTIC_SCREEN,n117,n121
nineteenth_share,nineteenth_share:E0007,rtc_b36767717f0c4dfc94b3263257513824,92d5db35-79fd-4c43-a1c2-9d57fd6b05ec,2026-08-12 16:24:37.122640+00:00,UNIVERSAL_SEMANTIC_SCREEN,n151,n152
nineteenth_share,nineteenth_share:E0008,rtc_b36767717f0c4dfc94b3263257513824,92d5db35-79fd-4c43-a1c2-9d57fd6b05ec,2026-08-12 16:26:04.420241+00:00,BUSINESS_INSTITUTIONAL_SCREEN,n166,n167;n170
nineteenth_share,nineteenth_share:E0009,rtc_b36767717f0c4dfc94b3263257513824,92d5db35-79fd-4c43-a1c2-9d57fd6b05ec,2026-08-12 16:34:40.096461+00:00,UNIVERSAL_SEMANTIC_SCREEN,n205,n209
nineteenth_share,nineteenth_share:E0010,rtc_b36767717f0c4dfc94b3263257513824,92d5db35-79fd-4c43-a1c2-9d57fd6b05ec,2026-08-12 16:35:02.248837+00:00,BUSINESS_INSTITUTIONAL_SCREEN;UNIVERSAL_SEMANTIC_SCREEN,n215,n216
nineteenth_share,nineteenth_share:E0011,rtc_b36767717f0c4dfc94b3263257513824,92d5db35-79fd-4c43-a1c2-9d57fd6b05ec,2026-08-12 16:36:28.758040+00:00,BUSINESS_INSTITUTIONAL_SCREEN,n230,n231
nineteenth_share,nineteenth_share:E0012,rtc_b36767717f0c4dfc94b3263257513824,92d5db35-79fd-4c43-a1c2-9d57fd6b05ec,2026-08-12 16:37:42.606478+00:00,UNIVERSAL_SEMANTIC_SCREEN,n242,n243
nineteenth_share,nineteenth_share:E0013,rtc_b36767717f0c4dfc94b3263257513824,92d5db35-79fd-4c43-a1c2-9d57fd6b05ec,2026-08-12 16:38:30.565113+00:00,BUSINESS_INSTITUTIONAL_SCREEN,n251,n252;n255
nineteenth_share,nineteenth_share:E0014,rtc_b36767717f0c4dfc94b3263257513824,92d5db35-79fd-4c43-a1c2-9d57fd6b05ec,2026-08-12 16:38:46.595802+00:00,UNIVERSAL_SEMANTIC_SCREEN,n256,n257
nineteenth_share,nineteenth_share:E0015,rtc_b36767717f0c4dfc94b3263257513824,92d5db35-79fd-4c43-a1c2-9d57fd6b05ec,2026-08-12 16:40:44.328336+00:00,BUSINESS_INSTITUTIONAL_SCREEN;UNIVERSAL_SEMANTIC_SCREEN,n260;n265,n261;n264;n266
nineteenth_share,nineteenth_share:E0016,rtc_b36767717f0c4dfc94b3263257513824,92d5db35-79fd-4c43-a1c2-9d57fd6b05ec,2026-08-12 16:45:28.971860+00:00,BUSINESS_INSTITUTIONAL_SCREEN,n273,n274;n277
nineteenth_share,nineteenth_share:E0017,rtc_b36767717f0c4dfc94b3263257513824,92d5db35-79fd-4c43-a1c2-9d57fd6b05ec,2026-08-12 16:47:06.756018+00:00,BUSINESS_INSTITUTIONAL_SCREEN;UNIVERSAL_SEMANTIC_SCREEN,n282,n283;n287
nineteenth_share,nineteenth_share:E0018,rtc_b36767717f0c4dfc94b3263257513824,92d5db35-79fd-4c43-a1c2-9d57fd6b05ec,2026-08-12 16:51:18.836599+00:00,BUSINESS_INSTITUTIONAL_SCREEN,n301,n302;n305
nineteenth_share,nineteenth_share:E0019,rtc_b36767717f0c4dfc94b3263257513824,92d5db35-79fd-4c43-a1c2-9d57fd6b05ec,2026-08-12 16:51:32.233258+00:00,UNIVERSAL_SEMANTIC_SCREEN,n306,n307
nineteenth_share,nineteenth_share:E0020,rtc_b36767717f0c4dfc94b3263257513824,92d5db35-79fd-4c43-a1c2-9d57fd6b05ec,2026-08-12 16:52:04.520686+00:00,BUSINESS_INSTITUTIONAL_SCREEN,n310,n311
nineteenth_share,nineteenth_share:E0021,rtc_b36767717f0c4dfc94b3263257513824,92d5db35-79fd-4c43-a1c2-9d57fd6b05ec,2026-08-12 16:52:22.625367+00:00,BUSINESS_INSTITUTIONAL_SCREEN,n317,n318;n321
nineteenth_share,nineteenth_share:E0022,rtc_b36767717f0c4dfc94b3263257513824,92d5db35-79fd-4c43-a1c2-9d57fd6b05ec,2026-08-12 16:53:09.150898+00:00,UNIVERSAL_SEMANTIC_SCREEN,n322,n323
nineteenth_share,nineteenth_share:E0023,rtc_b36767717f0c4dfc94b3263257513824,92d5db35-79fd-4c43-a1c2-9d57fd6b05ec,2026-08-12 16:55:29.951205+00:00,BUSINESS_INSTITUTIONAL_SCREEN,n337,n338;n341
nineteenth_share,nineteenth_share:E0024,rtc_b36767717f0c4dfc94b3263257513824,92d5db35-79fd-4c43-a1c2-9d57fd6b05ec,2026-08-12 16:56:36.119386+00:00,BUSINESS_INSTITUTIONAL_SCREEN,n346,n347
nineteenth_share,nineteenth_share:E0025,rtc_b36767717f0c4dfc94b3263257513824,92d5db35-79fd-4c43-a1c2-9d57fd6b05ec,2026-08-12 16:56:44.010900+00:00,BUSINESS_INSTITUTIONAL_SCREEN,n349,n350
nineteenth_share,nineteenth_share:E0026,rtc_b36767717f0c4dfc94b3263257513824,92d5db35-79fd-4c43-a1c2-9d57fd6b05ec,2026-08-12 17:03:54.656698+00:00,UNIVERSAL_SEMANTIC_SCREEN,n381,n382
nineteenth_share,nineteenth_share:E0027,rtc_b36767717f0c4dfc94b3263257513824,92d5db35-79fd-4c43-a1c2-9d57fd6b05ec,2026-08-12 17:10:23.788862+00:00,BUSINESS_INSTITUTIONAL_SCREEN,n393,n394
nineteenth_share,nineteenth_share:E0028,rtc_b36767717f0c4dfc94b3263257513824,92d5db35-79fd-4c43-a1c2-9d57fd6b05ec,2026-08-12 17:11:04.545715+00:00,BUSINESS_INSTITUTIONAL_SCREEN,n401,n402
ninth_share,ninth_share:E0001,rtc_692ada2ea5ca4365982d0fd459e01ca7,c66bb007-f8c4-4a94-9f83-547676deff0f,2026-08-13 03:14:25.026963+00:00,BUSINESS_INSTITUTIONAL_SCREEN,n9,n10
ninth_share,ninth_share:E0002,rtc_692ada2ea5ca4365982d0fd459e01ca7,c66bb007-f8c4-4a94-9f83-547676deff0f,2026-08-13 03:16:37.997203+00:00,BUSINESS_INSTITUTIONAL_SCREEN;UNIVERSAL_SEMANTIC_SCREEN,n27,n30
ninth_share,ninth_share:E0003,rtc_692ada2ea5ca4365982d0fd459e01ca7,c66bb007-f8c4-4a94-9f83-547676deff0f,2026-08-13 03:16:55.966665+00:00,BUSINESS_INSTITUTIONAL_SCREEN;UNIVERSAL_SEMANTIC_SCREEN,n31;n33,n32;n34
ninth_share,ninth_share:E0004,rtc_692ada2ea5ca4365982d0fd459e01ca7,c66bb007-f8c4-4a94-9f83-547676deff0f,2026-08-13 03:18:18.721606+00:00,AGENCY_NEUTRAL_OPPORTUNITY;BUSINESS_INSTITUTIONAL_SCREEN;FROZEN_INFERENCE_OPPORTUNITY;UNIVERSAL_SEMANTIC_SCREEN,n39;n41;n46;n53,n40;n42;n45;n50;n51;n52;n57;n58
ninth_share,ninth_share:E0005,rtc_692ada2ea5ca4365982d0fd459e01ca7,c66bb007-f8c4-4a94-9f83-547676deff0f,2026-08-13 03:20:33.642223+00:00,BUSINESS_INSTITUTIONAL_SCREEN;FROZEN_INFERENCE_OPPORTUNITY;UNIVERSAL_SEMANTIC_SCREEN,n59,n60
ninth_share,ninth_share:E0006,rtc_692ada2ea5ca4365982d0fd459e01ca7,c66bb007-f8c4-4a94-9f83-547676deff0f,2026-08-13 03:20:59.663785+00:00,BUSINESS_INSTITUTIONAL_SCREEN;UNIVERSAL_SEMANTIC_SCREEN,n61;n66;n71,n62;n65;n70;n74
ninth_share,ninth_share:E0007,rtc_692ada2ea5ca4365982d0fd459e01ca7,c66bb007-f8c4-4a94-9f83-547676deff0f,2026-08-13 03:24:22.584573+00:00,UNIVERSAL_SEMANTIC_SCREEN,n75,ABSENT
ninth_share,ninth_share:E0008,rtc_692ada2ea5ca4365982d0fd459e01ca7,c66bb007-f8c4-4a94-9f83-547676deff0f,2026-08-13 03:24:49.233838+00:00,BUSINESS_INSTITUTIONAL_SCREEN;UNIVERSAL_SEMANTIC_SCREEN,n77,n80
ninth_share,ninth_share:E0009,rtc_692ada2ea5ca4365982d0fd459e01ca7,c66bb007-f8c4-4a94-9f83-547676deff0f,2026-08-13 03:25:57.901593+00:00,BUSINESS_INSTITUTIONAL_SCREEN;FROZEN_INFERENCE_OPPORTUNITY,n86,n87;n90
ninth_share,ninth_share:E0010,rtc_692ada2ea5ca4365982d0fd459e01ca7,c66bb007-f8c4-4a94-9f83-547676deff0f,2026-08-13 03:26:19.518113+00:00,BUSINESS_INSTITUTIONAL_SCREEN;UNIVERSAL_SEMANTIC_SCREEN,n91,n92
ninth_share,ninth_share:E0011,rtc_692ada2ea5ca4365982d0fd459e01ca7,c66bb007-f8c4-4a94-9f83-547676deff0f,2026-08-13 03:26:30.498048+00:00,UNIVERSAL_SEMANTIC_SCREEN,n93,ABSENT
ninth_share,ninth_share:E0012,rtc_692ada2ea5ca4365982d0fd459e01ca7,c66bb007-f8c4-4a94-9f83-547676deff0f,2026-08-13 03:27:01.449119+00:00,BUSINESS_INSTITUTIONAL_SCREEN;UNIVERSAL_SEMANTIC_SCREEN,n95,n98
ninth_share,ninth_share:E0013,rtc_692ada2ea5ca4365982d0fd459e01ca7,c66bb007-f8c4-4a94-9f83-547676deff0f,2026-08-13 03:27:41.781216+00:00,BUSINESS_INSTITUTIONAL_SCREEN;UNIVERSAL_SEMANTIC_SCREEN,n99;n104;n108,n100;n103;n107;n111
ninth_share,ninth_share:E0014,rtc_692ada2ea5ca4365982d0fd459e01ca7,c66bb007-f8c4-4a94-9f83-547676deff0f,2026-08-13 03:29:45.131841+00:00,BUSINESS_INSTITUTIONAL_SCREEN;UNIVERSAL_SEMANTIC_SCREEN,n112,n113
ninth_share,ninth_share:E0015,rtc_692ada2ea5ca4365982d0fd459e01ca7,c66bb007-f8c4-4a94-9f83-547676deff0f,2026-08-13 03:31:13.125058+00:00,BUSINESS_INSTITUTIONAL_SCREEN;UNIVERSAL_SEMANTIC_SCREEN,n116,n117;n123
ninth_share,ninth_share:E0016,rtc_692ada2ea5ca4365982d0fd459e01ca7,c66bb007-f8c4-4a94-9f83-547676deff0f,2026-08-13 03:31:40.378356+00:00,BUSINESS_INSTITUTIONAL_SCREEN;UNIVERSAL_SEMANTIC_SCREEN,n124,n125
ninth_share,ninth_share:E0017,rtc_692ada2ea5ca4365982d0fd459e01ca7,c66bb007-f8c4-4a94-9f83-547676deff0f,2026-08-13 03:33:14.035482+00:00,BUSINESS_INSTITUTIONAL_SCREEN;UNIVERSAL_SEMANTIC_SCREEN,n126,n127;n130
ninth_share,ninth_share:E0018,rtc_692ada2ea5ca4365982d0fd459e01ca7,c66bb007-f8c4-4a94-9f83-547676deff0f,2026-08-13 03:34:05.666741+00:00,BUSINESS_INSTITUTIONAL_SCREEN;RTC_RULE_EPISODE;UNIVERSAL_SEMANTIC_SCREEN,n133;n139;n143;n158;n170,n134;n140;n144;n146;n148;n150;n152;n162;n165;n167;n169;n171
ninth_share,ninth_share:E0020,rtc_95f0b049c0d949209977b2b36d4458ea,01e363d6-ed57-4b82-9d40-18798060462a,2026-08-13 03:37:59.356025+00:00,BUSINESS_INSTITUTIONAL_SCREEN,n174,n175
ninth_share,ninth_share:E0019,rtc_95f0b049c0d949209977b2b36d4458ea,01e363d6-ed57-4b82-9d40-18798060462a,2026-08-13 03:38:01.073872+00:00,BUSINESS_INSTITUTIONAL_SCREEN;UNIVERSAL_SEMANTIC_SCREEN,n172,n173
ninth_share,ninth_share:E0021,rtc_95f0b049c0d949209977b2b36d4458ea,01e363d6-ed57-4b82-9d40-18798060462a,2026-08-13 03:38:22.278904+00:00,BUSINESS_INSTITUTIONAL_SCREEN,n176,n177
ninth_share,ninth_share:E0022,rtc_95f0b049c0d949209977b2b36d4458ea,01e363d6-ed57-4b82-9d40-18798060462a,2026-08-13 03:38:51.980403+00:00,BUSINESS_INSTITUTIONAL_SCREEN,n182,n183;n184;n189
ninth_share,ninth_share:E0023,rtc_95f0b049c0d949209977b2b36d4458ea,01e363d6-ed57-4b82-9d40-18798060462a,2026-08-13 03:39:20.672583+00:00,BUSINESS_INSTITUTIONAL_SCREEN,n192,n193
ninth_share,ninth_share:E0024,rtc_95f0b049c0d949209977b2b36d4458ea,01e363d6-ed57-4b82-9d40-18798060462a,2026-08-13 03:40:15.274700+00:00,BUSINESS_INSTITUTIONAL_SCREEN,n198,n199;n203
ninth_share,ninth_share:E0025,rtc_95f0b049c0d949209977b2b36d4458ea,01e363d6-ed57-4b82-9d40-18798060462a,2026-08-13 03:40:43.756471+00:00,BUSINESS_INSTITUTIONAL_SCREEN,n204,n205;n208
ninth_share,ninth_share:E0026,rtc_95f0b049c0d949209977b2b36d4458ea,01e363d6-ed57-4b82-9d40-18798060462a,2026-08-13 03:41:13.214964+00:00,BUSINESS_INSTITUTIONAL_SCREEN,n209,n210;n214
ninth_share,ninth_share:E0027,rtc_95f0b049c0d949209977b2b36d4458ea,01e363d6-ed57-4b82-9d40-18798060462a,2026-08-13 03:41:56.663052+00:00,BUSINESS_INSTITUTIONAL_SCREEN;UNIVERSAL_SEMANTIC_SCREEN,n217,n218
ninth_share,ninth_share:E0028,rtc_95f0b049c0d949209977b2b36d4458ea,01e363d6-ed57-4b82-9d40-18798060462a,2026-08-13 03:42:38.904657+00:00,BUSINESS_INSTITUTIONAL_SCREEN;UNIVERSAL_SEMANTIC_SCREEN,n223;n225,n224;n229
ninth_share,ninth_share:E0029,rtc_95f0b049c0d949209977b2b36d4458ea,01e363d6-ed57-4b82-9d40-18798060462a,2026-08-13 03:44:41.209736+00:00,BUSINESS_INSTITUTIONAL_SCREEN,n232,n233
ninth_share,ninth_share:E0030,rtc_95f0b049c0d949209977b2b36d4458ea,01e363d6-ed57-4b82-9d40-18798060462a,2026-08-13 03:44:54.172734+00:00,UNIVERSAL_SEMANTIC_SCREEN,n234,ABSENT
ninth_share,ninth_share:E0031,rtc_95f0b049c0d949209977b2b36d4458ea,01e363d6-ed57-4b82-9d40-18798060462a,2026-08-13 03:44:55.998651+00:00,BUSINESS_INSTITUTIONAL_SCREEN,n239,n240
ninth_share,ninth_share:E0032,rtc_95f0b049c0d949209977b2b36d4458ea,01e363d6-ed57-4b82-9d40-18798060462a,2026-08-13 03:45:09.693566+00:00,BUSINESS_INSTITUTIONAL_SCREEN,n241,n242
ninth_share,ninth_share:E0033,rtc_95f0b049c0d949209977b2b36d4458ea,01e363d6-ed57-4b82-9d40-18798060462a,2026-08-13 03:46:04.029766+00:00,BUSINESS_INSTITUTIONAL_SCREEN,n243,n244
ninth_share,ninth_share:E0034,rtc_95f0b049c0d949209977b2b36d4458ea,01e363d6-ed57-4b82-9d40-18798060462a,2026-08-13 03:46:58.873032+00:00,BUSINESS_INSTITUTIONAL_SCREEN;UNIVERSAL_SEMANTIC_SCREEN,n247,n248;n253
ninth_share,ninth_share:E0035,rtc_95f0b049c0d949209977b2b36d4458ea,01e363d6-ed57-4b82-9d40-18798060462a,2026-08-13 03:48:10.750102+00:00,BUSINESS_INSTITUTIONAL_SCREEN;UNIVERSAL_SEMANTIC_SCREEN,n254,n255
ninth_share,ninth_share:E0036,rtc_95f0b049c0d949209977b2b36d4458ea,01e363d6-ed57-4b82-9d40-18798060462a,2026-08-13 03:48:34.902425+00:00,BUSINESS_INSTITUTIONAL_SCREEN;CAPABILITY_TOOL_EVIDENCE_CLAIM,n263,n264
ninth_share,ninth_share:E0037,rtc_95f0b049c0d949209977b2b36d4458ea,01e363d6-ed57-4b82-9d40-18798060462a,2026-08-13 03:49:44.537143+00:00,BUSINESS_INSTITUTIONAL_SCREEN;UNIVERSAL_SEMANTIC_SCREEN,n265,n266
ninth_share,ninth_share:E0038,rtc_95f0b049c0d949209977b2b36d4458ea,01e363d6-ed57-4b82-9d40-18798060462a,2026-08-13 03:50:13.066187+00:00,BUSINESS_INSTITUTIONAL_SCREEN,n267,n268
ninth_share,ninth_share:E0039,rtc_95f0b049c0d949209977b2b36d4458ea,01e363d6-ed57-4b82-9d40-18798060462a,2026-08-13 03:51:10.565690+00:00,BUSINESS_INSTITUTIONAL_SCREEN;UNIVERSAL_SEMANTIC_SCREEN,n269,n270
ninth_share,ninth_share:E0040,rtc_95f0b049c0d949209977b2b36d4458ea,01e363d6-ed57-4b82-9d40-18798060462a,2026-08-13 03:51:53.901992+00:00,BUSINESS_INSTITUTIONAL_SCREEN;UNIVERSAL_SEMANTIC_SCREEN,n271,n272;n275
ninth_share,ninth_share:E0041,rtc_95f0b049c0d949209977b2b36d4458ea,01e363d6-ed57-4b82-9d40-18798060462a,2026-08-13 03:52:25.686421+00:00,BUSINESS_INSTITUTIONAL_SCREEN;FROZEN_INFERENCE_OPPORTUNITY;UNIVERSAL_SEMANTIC_SCREEN,n278;n280,n279;n281;n284
ninth_share,ninth_share:E0042,rtc_95f0b049c0d949209977b2b36d4458ea,01e363d6-ed57-4b82-9d40-18798060462a,2026-08-13 03:55:18.025889+00:00,BUSINESS_INSTITUTIONAL_SCREEN;UNIVERSAL_SEMANTIC_SCREEN,n285;n290;n294,n286;n289;n293;n297
ninth_share,ninth_share:E0043,rtc_95f0b049c0d949209977b2b36d4458ea,01e363d6-ed57-4b82-9d40-18798060462a,2026-08-13 03:57:03.286556+00:00,BUSINESS_INSTITUTIONAL_SCREEN;UNIVERSAL_SEMANTIC_SCREEN,n298;n300,n299;n301
ninth_share,ninth_share:E0044,rtc_95f0b049c0d949209977b2b36d4458ea,01e363d6-ed57-4b82-9d40-18798060462a,2026-08-13 03:58:00.006465+00:00,BUSINESS_INSTITUTIONAL_SCREEN,n302,n303
ninth_share,ninth_share:E0045,rtc_95f0b049c0d949209977b2b36d4458ea,01e363d6-ed57-4b82-9d40-18798060462a,2026-08-13 03:58:46.372169+00:00,BUSINESS_INSTITUTIONAL_SCREEN;FROZEN_INFERENCE_OPPORTUNITY;UNIVERSAL_SEMANTIC_SCREEN,n304,n305
ninth_share,ninth_share:E0046,rtc_95f0b049c0d949209977b2b36d4458ea,01e363d6-ed57-4b82-9d40-18798060462a,2026-08-13 03:59:10.637653+00:00,BUSINESS_INSTITUTIONAL_SCREEN,n306,n307
ninth_share,ninth_share:E0047,rtc_95f0b049c0d949209977b2b36d4458ea,01e363d6-ed57-4b82-9d40-18798060462a,2026-08-13 04:01:01.164921+00:00,BUSINESS_INSTITUTIONAL_SCREEN;UNIVERSAL_SEMANTIC_SCREEN,n310,n311;n319
ninth_share,ninth_share:E0048,rtc_95f0b049c0d949209977b2b36d4458ea,01e363d6-ed57-4b82-9d40-18798060462a,2026-08-13 04:01:16.199492+00:00,BUSINESS_INSTITUTIONAL_SCREEN;UNIVERSAL_SEMANTIC_SCREEN,n320;n324,n323;n328
ninth_share,ninth_share:E0049,rtc_95f0b049c0d949209977b2b36d4458ea,01e363d6-ed57-4b82-9d40-18798060462a,2026-08-13 04:02:35.077225+00:00,BUSINESS_INSTITUTIONAL_SCREEN;UNIVERSAL_SEMANTIC_SCREEN,n329,n330;n333
ninth_share,ninth_share:E0050,rtc_95f0b049c0d949209977b2b36d4458ea,01e363d6-ed57-4b82-9d40-18798060462a,2026-08-13 04:03:56.148600+00:00,BUSINESS_INSTITUTIONAL_SCREEN,n339,n340
ninth_share,ninth_share:E0051,rtc_95f0b049c0d949209977b2b36d4458ea,01e363d6-ed57-4b82-9d40-18798060462a,2026-08-13 04:04:23.634916+00:00,UNIVERSAL_SEMANTIC_SCREEN,n341,n342
ninth_share,ninth_share:E0052,rtc_95f0b049c0d949209977b2b36d4458ea,01e363d6-ed57-4b82-9d40-18798060462a,2026-08-13 04:04:54.377587+00:00,BUSINESS_INSTITUTIONAL_SCREEN,n350,n351
ninth_share,ninth_share:E0053,rtc_95f0b049c0d949209977b2b36d4458ea,01e363d6-ed57-4b82-9d40-18798060462a,2026-08-13 04:11:11.701644+00:00,BUSINESS_INSTITUTIONAL_SCREEN,n408,n409
ninth_share,ninth_share:E0054,rtc_95f0b049c0d949209977b2b36d4458ea,01e363d6-ed57-4b82-9d40-18798060462a,2026-08-13 04:11:40.333380+00:00,BUSINESS_INSTITUTIONAL_SCREEN;UNIVERSAL_SEMANTIC_SCREEN,n410;n415,n411;n414;n416
ninth_share,ninth_share:E0055,rtc_95f0b049c0d949209977b2b36d4458ea,01e363d6-ed57-4b82-9d40-18798060462a,2026-08-13 04:12:37.473420+00:00,BUSINESS_INSTITUTIONAL_SCREEN,n424,n425;n428
ninth_share,ninth_share:E0056,rtc_95f0b049c0d949209977b2b36d4458ea,01e363d6-ed57-4b82-9d40-18798060462a,2026-08-13 04:13:53.667517+00:00,AGENCY_NEUTRAL_OPPORTUNITY;BUSINESS_INSTITUTIONAL_SCREEN;FROZEN_INFERENCE_OPPORTUNITY,n429,n430;n440
ninth_share,ninth_share:E0057,rtc_95f0b049c0d949209977b2b36d4458ea,01e363d6-ed57-4b82-9d40-18798060462a,2026-08-13 04:14:20.673174+00:00,UNIVERSAL_SEMANTIC_SCREEN,n441,ABSENT
ninth_share,ninth_share:E0058,rtc_95f0b049c0d949209977b2b36d4458ea,01e363d6-ed57-4b82-9d40-18798060462a,2026-08-13 04:14:54.797330+00:00,BUSINESS_INSTITUTIONAL_SCREEN,n457,n458
ninth_share,ninth_share:E0059,rtc_95f0b049c0d949209977b2b36d4458ea,01e363d6-ed57-4b82-9d40-18798060462a,2026-08-13 04:15:32.631417+00:00,BUSINESS_INSTITUTIONAL_SCREEN,n466,n467
ninth_share,ninth_share:E0060,rtc_95f0b049c0d949209977b2b36d4458ea,01e363d6-ed57-4b82-9d40-18798060462a,2026-08-13 04:16:19.677774+00:00,BUSINESS_INSTITUTIONAL_SCREEN;PRIMARY_REFUSAL_TO_INFER_EVENT;UNIVERSAL_SEMANTIC_SCREEN,n468,n469;n472
ninth_share,ninth_share:E0061,rtc_95f0b049c0d949209977b2b36d4458ea,01e363d6-ed57-4b82-9d40-18798060462a,2026-08-13 04:17:04.299287+00:00,BUSINESS_INSTITUTIONAL_SCREEN;UNIVERSAL_SEMANTIC_SCREEN,n473,n474;n478
ninth_share,ninth_share:E0062,rtc_95f0b049c0d949209977b2b36d4458ea,01e363d6-ed57-4b82-9d40-18798060462a,2026-08-13 04:17:05.371226+00:00,BUSINESS_INSTITUTIONAL_SCREEN;FROZEN_INFERENCE_OPPORTUNITY;UNIVERSAL_SEMANTIC_SCREEN,n479,n483
ninth_share,ninth_share:E0063,rtc_95f0b049c0d949209977b2b36d4458ea,01e363d6-ed57-4b82-9d40-18798060462a,2026-08-13 04:18:25.404959+00:00,AGENCY_NEUTRAL_OPPORTUNITY;BUSINESS_INSTITUTIONAL_SCREEN;FROZEN_INFERENCE_OPPORTUNITY;UNIVERSAL_SEMANTIC_SCREEN,n486;n490;n497,n487;n489;n491;n498
ninth_share,ninth_share:E0064,rtc_95f0b049c0d949209977b2b36d4458ea,01e363d6-ed57-4b82-9d40-18798060462a,2026-08-13 04:19:32.395255+00:00,BUSINESS_INSTITUTIONAL_SCREEN;UNIVERSAL_SEMANTIC_SCREEN,n499,n500
ninth_share,ninth_share:E0065,rtc_95f0b049c0d949209977b2b36d4458ea,01e363d6-ed57-4b82-9d40-18798060462a,2026-08-13 04:21:48.481862+00:00,BUSINESS_INSTITUTIONAL_SCREEN;UNIVERSAL_SEMANTIC_SCREEN,n512,n513
ninth_share,ninth_share:E0066,rtc_95f0b049c0d949209977b2b36d4458ea,01e363d6-ed57-4b82-9d40-18798060462a,2026-08-13 04:23:38.033469+00:00,BUSINESS_INSTITUTIONAL_SCREEN,n530,n531;n534
ninth_share,ninth_share:E0067,rtc_95f0b049c0d949209977b2b36d4458ea,01e363d6-ed57-4b82-9d40-18798060462a,2026-08-13 04:24:00.479790+00:00,BUSINESS_INSTITUTIONAL_SCREEN,n535,n536
ninth_share,ninth_share:E0068,rtc_95f0b049c0d949209977b2b36d4458ea,01e363d6-ed57-4b82-9d40-18798060462a,2026-08-13 04:24:18.145722+00:00,BUSINESS_INSTITUTIONAL_SCREEN,n540,n541
ninth_share,ninth_share:E0069,rtc_95f0b049c0d949209977b2b36d4458ea,01e363d6-ed57-4b82-9d40-18798060462a,2026-08-13 04:24:34.216526+00:00,BUSINESS_INSTITUTIONAL_SCREEN,n542,n543
ninth_share,ninth_share:E0070,rtc_95f0b049c0d949209977b2b36d4458ea,01e363d6-ed57-4b82-9d40-18798060462a,2026-08-13 04:24:35.277734+00:00,BUSINESS_INSTITUTIONAL_SCREEN,n551,n552;n555
ninth_share,ninth_share:E0071,rtc_95f0b049c0d949209977b2b36d4458ea,01e363d6-ed57-4b82-9d40-18798060462a,2026-08-13 04:25:21.631654+00:00,BUSINESS_INSTITUTIONAL_SCREEN,n556,n557
ninth_share,ninth_share:E0072,rtc_95f0b049c0d949209977b2b36d4458ea,01e363d6-ed57-4b82-9d40-18798060462a,2026-08-13 04:27:22.230344+00:00,BUSINESS_INSTITUTIONAL_SCREEN;UNIVERSAL_SEMANTIC_SCREEN,n572,n573;n576
ninth_share,ninth_share:E0074,rtc_95f0b049c0d949209977b2b36d4458ea,01e363d6-ed57-4b82-9d40-18798060462a,2026-08-13 04:29:01.939201+00:00,BUSINESS_INSTITUTIONAL_SCREEN,n589,n590
ninth_share,ninth_share:E0073,rtc_95f0b049c0d949209977b2b36d4458ea,01e363d6-ed57-4b82-9d40-18798060462a,2026-08-13 04:29:03.438485+00:00,BUSINESS_INSTITUTIONAL_SCREEN,n579,n580;n588
ninth_share,ninth_share:E0075,rtc_95f0b049c0d949209977b2b36d4458ea,01e363d6-ed57-4b82-9d40-18798060462a,2026-08-13 04:29:48.799924+00:00,BUSINESS_INSTITUTIONAL_SCREEN,n591,n592;n597
ninth_share,ninth_share:E0076,rtc_95f0b049c0d949209977b2b36d4458ea,01e363d6-ed57-4b82-9d40-18798060462a,2026-08-13 04:30:05.866467+00:00,BUSINESS_INSTITUTIONAL_SCREEN;UNIVERSAL_SEMANTIC_SCREEN,n598,n600
ninth_share,ninth_share:E0077,rtc_95f0b049c0d949209977b2b36d4458ea,01e363d6-ed57-4b82-9d40-18798060462a,2026-08-13 04:30:48.590430+00:00,BUSINESS_INSTITUTIONAL_SCREEN,n601,n602;n605
ninth_share,ninth_share:E0078,rtc_95f0b049c0d949209977b2b36d4458ea,01e363d6-ed57-4b82-9d40-18798060462a,2026-08-13 04:31:28.776677+00:00,BUSINESS_INSTITUTIONAL_SCREEN;UNIVERSAL_SEMANTIC_SCREEN,n606,n607;n612
ninth_share,ninth_share:E0079,rtc_95f0b049c0d949209977b2b36d4458ea,01e363d6-ed57-4b82-9d40-18798060462a,2026-08-13 04:32:27.694146+00:00,BUSINESS_INSTITUTIONAL_SCREEN,n613,n614;n617
ninth_share,ninth_share:E0080,rtc_95f0b049c0d949209977b2b36d4458ea,01e363d6-ed57-4b82-9d40-18798060462a,2026-08-13 04:33:09.657200+00:00,BUSINESS_INSTITUTIONAL_SCREEN;UNIVERSAL_SEMANTIC_SCREEN,n618,n619;n622
ninth_share,ninth_share:E0081,rtc_95f0b049c0d949209977b2b36d4458ea,01e363d6-ed57-4b82-9d40-18798060462a,2026-08-13 04:34:39.044956+00:00,BUSINESS_INSTITUTIONAL_SCREEN;FROZEN_INFERENCE_OPPORTUNITY;UNIVERSAL_SEMANTIC_SCREEN,n629;n636;n643,n630;n635;n642;n644;n648
ninth_share,ninth_share:E0082,rtc_95f0b049c0d949209977b2b36d4458ea,01e363d6-ed57-4b82-9d40-18798060462a,2026-08-13 04:37:45.459518+00:00,BUSINESS_INSTITUTIONAL_SCREEN;UNIVERSAL_SEMANTIC_SCREEN,n651,n652
ninth_share,ninth_share:E0083,rtc_95f0b049c0d949209977b2b36d4458ea,01e363d6-ed57-4b82-9d40-18798060462a,2026-08-13 04:37:56.900438+00:00,BUSINESS_INSTITUTIONAL_SCREEN;FROZEN_INFERENCE_OPPORTUNITY;UNIVERSAL_SEMANTIC_SCREEN,n653;n655,n654;n656
ninth_share,ninth_share:E0084,rtc_95f0b049c0d949209977b2b36d4458ea,01e363d6-ed57-4b82-9d40-18798060462a,2026-08-13 04:38:49.916756+00:00,BUSINESS_INSTITUTIONAL_SCREEN;UNIVERSAL_SEMANTIC_SCREEN,n657,n658
ninth_share,ninth_share:E0085,rtc_95f0b049c0d949209977b2b36d4458ea,01e363d6-ed57-4b82-9d40-18798060462a,2026-08-13 04:39:48.230932+00:00,BUSINESS_INSTITUTIONAL_SCREEN;UNIVERSAL_SEMANTIC_SCREEN,n659;n661,n660;n670
ninth_share,ninth_share:E0086,rtc_95f0b049c0d949209977b2b36d4458ea,01e363d6-ed57-4b82-9d40-18798060462a,2026-08-13 04:41:50.320336+00:00,BUSINESS_INSTITUTIONAL_SCREEN;UNIVERSAL_SEMANTIC_SCREEN,n671;n673,n672;n674
ninth_share,ninth_share:E0087,rtc_95f0b049c0d949209977b2b36d4458ea,01e363d6-ed57-4b82-9d40-18798060462a,2026-08-13 04:42:57.026911+00:00,BUSINESS_INSTITUTIONAL_SCREEN;UNIVERSAL_SEMANTIC_SCREEN,n675,n676
ninth_share,ninth_share:E0088,rtc_95f0b049c0d949209977b2b36d4458ea,01e363d6-ed57-4b82-9d40-18798060462a,2026-08-13 04:43:27.357571+00:00,BUSINESS_INSTITUTIONAL_SCREEN;UNIVERSAL_SEMANTIC_SCREEN,n677,n678;n681
ninth_share,ninth_share:E0089,rtc_95f0b049c0d949209977b2b36d4458ea,01e363d6-ed57-4b82-9d40-18798060462a,2026-08-13 04:44:23.253251+00:00,BUSINESS_INSTITUTIONAL_SCREEN,n687,n688
ninth_share,ninth_share:E0090,rtc_95f0b049c0d949209977b2b36d4458ea,01e363d6-ed57-4b82-9d40-18798060462a,2026-08-13 04:44:32.578848+00:00,BUSINESS_INSTITUTIONAL_SCREEN,n692,n693
ninth_share,ninth_share:E0091,rtc_95f0b049c0d949209977b2b36d4458ea,01e363d6-ed57-4b82-9d40-18798060462a,2026-08-13 04:45:30.711681+00:00,BUSINESS_INSTITUTIONAL_SCREEN;UNIVERSAL_SEMANTIC_SCREEN,n694,n695
ninth_share,ninth_share:E0092,rtc_95f0b049c0d949209977b2b36d4458ea,01e363d6-ed57-4b82-9d40-18798060462a,2026-08-13 04:45:44.456673+00:00,BUSINESS_INSTITUTIONAL_SCREEN;UNIVERSAL_SEMANTIC_SCREEN,n699,n700
ninth_share,ninth_share:E0093,rtc_95f0b049c0d949209977b2b36d4458ea,01e363d6-ed57-4b82-9d40-18798060462a,2026-08-13 04:47:00.942144+00:00,BUSINESS_INSTITUTIONAL_SCREEN;UNIVERSAL_SEMANTIC_SCREEN,n701,n702
ninth_share,ninth_share:E0094,rtc_95f0b049c0d949209977b2b36d4458ea,01e363d6-ed57-4b82-9d40-18798060462a,2026-08-13 04:47:14.521810+00:00,BUSINESS_INSTITUTIONAL_SCREEN,n708,n709
ninth_share,ninth_share:E0095,rtc_95f0b049c0d949209977b2b36d4458ea,01e363d6-ed57-4b82-9d40-18798060462a,2026-08-13 04:48:30.750191+00:00,BUSINESS_INSTITUTIONAL_SCREEN;UNIVERSAL_SEMANTIC_SCREEN,n710;n715,n711;n714
ninth_share,ninth_share:E0096,rtc_95f0b049c0d949209977b2b36d4458ea,01e363d6-ed57-4b82-9d40-18798060462a,2026-08-13 04:49:28.228844+00:00,BUSINESS_INSTITUTIONAL_SCREEN;UNIVERSAL_SEMANTIC_SCREEN,n720;n722,n721;n728
ninth_share,ninth_share:E0097,rtc_95f0b049c0d949209977b2b36d4458ea,01e363d6-ed57-4b82-9d40-18798060462a,2026-08-13 04:53:34.893280+00:00,BUSINESS_INSTITUTIONAL_SCREEN;UNIVERSAL_SEMANTIC_SCREEN,n729,n730
ninth_share,ninth_share:E0098,rtc_95f0b049c0d949209977b2b36d4458ea,01e363d6-ed57-4b82-9d40-18798060462a,2026-08-13 04:53:52.520464+00:00,BUSINESS_INSTITUTIONAL_SCREEN,n737,n738
ninth_share,ninth_share:E0099,rtc_95f0b049c0d949209977b2b36d4458ea,01e363d6-ed57-4b82-9d40-18798060462a,2026-08-13 04:55:10.298926+00:00,BUSINESS_INSTITUTIONAL_SCREEN;UNIVERSAL_SEMANTIC_SCREEN,n739,n740;n746
ninth_share,ninth_share:E0100,rtc_95f0b049c0d949209977b2b36d4458ea,01e363d6-ed57-4b82-9d40-18798060462a,2026-08-13 04:56:57.087221+00:00,BUSINESS_INSTITUTIONAL_SCREEN,n747,n748;n756
ninth_share,ninth_share:E0101,rtc_95f0b049c0d949209977b2b36d4458ea,01e363d6-ed57-4b82-9d40-18798060462a,2026-08-13 04:57:36.937020+00:00,BUSINESS_INSTITUTIONAL_SCREEN;UNIVERSAL_SEMANTIC_SCREEN,n757,n758
ninth_share,ninth_share:E0102,rtc_95f0b049c0d949209977b2b36d4458ea,01e363d6-ed57-4b82-9d40-18798060462a,2026-08-13 04:59:13.498547+00:00,BUSINESS_INSTITUTIONAL_SCREEN;UNIVERSAL_SEMANTIC_SCREEN,n759,n760;n764
ninth_share,ninth_share:E0103,rtc_95f0b049c0d949209977b2b36d4458ea,01e363d6-ed57-4b82-9d40-18798060462a,2026-08-13 04:59:59.417430+00:00,BUSINESS_INSTITUTIONAL_SCREEN,n765,n766
ninth_share,ninth_share:E0104,rtc_95f0b049c0d949209977b2b36d4458ea,01e363d6-ed57-4b82-9d40-18798060462a,2026-08-13 05:00:12.411149+00:00,UNIVERSAL_SEMANTIC_SCREEN,n767,n768
ninth_share,ninth_share:E0105,rtc_95f0b049c0d949209977b2b36d4458ea,01e363d6-ed57-4b82-9d40-18798060462a,2026-08-13 05:01:50.197460+00:00,BUSINESS_INSTITUTIONAL_SCREEN;UNIVERSAL_SEMANTIC_SCREEN,n769,n770;n775
ninth_share,ninth_share:E0106,rtc_95f0b049c0d949209977b2b36d4458ea,01e363d6-ed57-4b82-9d40-18798060462a,2026-08-13 05:03:32.443898+00:00,BUSINESS_INSTITUTIONAL_SCREEN;UNIVERSAL_SEMANTIC_SCREEN,n776;n782,n777;n781;n789
ninth_share,ninth_share:E0107,rtc_95f0b049c0d949209977b2b36d4458ea,01e363d6-ed57-4b82-9d40-18798060462a,2026-08-13 05:06:38.984089+00:00,BUSINESS_INSTITUTIONAL_SCREEN;RTC_RULE_EPISODE;UNIVERSAL_SEMANTIC_SCREEN,n790;n795;n802;n812;n817;n819;n823;n840,n794;n796;n801;n811;n813;n816;n818;n820;n829;n833;n839;n841;n847
ninth_share,ninth_share:E0108,rtc_234425f82f5249e1b16bf7f1d916bec6,55322d3e-bf75-4952-b14b-4583444396ef,2026-08-13 05:16:14.485451+00:00,BUSINESS_INSTITUTIONAL_SCREEN,n848,n849;n850
ninth_share,ninth_share:E0109,rtc_234425f82f5249e1b16bf7f1d916bec6,55322d3e-bf75-4952-b14b-4583444396ef,2026-08-13 05:19:52.807658+00:00,BUSINESS_INSTITUTIONAL_SCREEN,n864,n865
ninth_share,ninth_share:E0110,rtc_234425f82f5249e1b16bf7f1d916bec6,55322d3e-bf75-4952-b14b-4583444396ef,2026-08-13 05:21:47.571478+00:00,BUSINESS_INSTITUTIONAL_SCREEN;PRIMARY_REFUSAL_TO_INFER_EVENT;UNIVERSAL_SEMANTIC_SCREEN,n872,n873
ninth_share,ninth_share:E0111,rtc_234425f82f5249e1b16bf7f1d916bec6,55322d3e-bf75-4952-b14b-4583444396ef,2026-08-13 05:22:55.810294+00:00,BUSINESS_INSTITUTIONAL_SCREEN;UNIVERSAL_SEMANTIC_SCREEN,n874,n875;n880
ninth_share,ninth_share:E0112,rtc_234425f82f5249e1b16bf7f1d916bec6,55322d3e-bf75-4952-b14b-4583444396ef,2026-08-13 05:23:06.628255+00:00,BUSINESS_INSTITUTIONAL_SCREEN,n881,n882
ninth_share,ninth_share:E0113,rtc_234425f82f5249e1b16bf7f1d916bec6,55322d3e-bf75-4952-b14b-4583444396ef,2026-08-13 05:23:39.930152+00:00,BUSINESS_INSTITUTIONAL_SCREEN,n883,n884;n888
ninth_share,ninth_share:E0114,rtc_234425f82f5249e1b16bf7f1d916bec6,55322d3e-bf75-4952-b14b-4583444396ef,2026-08-13 05:23:56.280697+00:00,BUSINESS_INSTITUTIONAL_SCREEN,n889,n890
ninth_share,ninth_share:E0115,rtc_234425f82f5249e1b16bf7f1d916bec6,55322d3e-bf75-4952-b14b-4583444396ef,2026-08-13 05:24:34.164753+00:00,BUSINESS_INSTITUTIONAL_SCREEN,n891,n892;n895
ninth_share,ninth_share:E0116,rtc_234425f82f5249e1b16bf7f1d916bec6,55322d3e-bf75-4952-b14b-4583444396ef,2026-08-13 05:25:04.622028+00:00,BUSINESS_INSTITUTIONAL_SCREEN,n896,n897;n900
ninth_share,ninth_share:E0117,rtc_234425f82f5249e1b16bf7f1d916bec6,55322d3e-bf75-4952-b14b-4583444396ef,2026-08-13 05:26:37.317165+00:00,BUSINESS_INSTITUTIONAL_SCREEN;UNIVERSAL_SEMANTIC_SCREEN,n901,n902;n908
ninth_share,ninth_share:E0118,rtc_234425f82f5249e1b16bf7f1d916bec6,55322d3e-bf75-4952-b14b-4583444396ef,2026-08-13 05:27:16.157730+00:00,BUSINESS_INSTITUTIONAL_SCREEN;UNIVERSAL_SEMANTIC_SCREEN,n909;n911,n910;n915
ninth_share,ninth_share:E0119,rtc_234425f82f5249e1b16bf7f1d916bec6,55322d3e-bf75-4952-b14b-4583444396ef,2026-08-13 05:30:03.998470+00:00,BUSINESS_INSTITUTIONAL_SCREEN;UNIVERSAL_SEMANTIC_SCREEN,n918;n923,n919;n922;n924
ninth_share,ninth_share:E0120,rtc_234425f82f5249e1b16bf7f1d916bec6,55322d3e-bf75-4952-b14b-4583444396ef,2026-08-13 05:30:31.985122+00:00,BUSINESS_INSTITUTIONAL_SCREEN;UNIVERSAL_SEMANTIC_SCREEN,n925,n926
ninth_share,ninth_share:E0121,rtc_234425f82f5249e1b16bf7f1d916bec6,55322d3e-bf75-4952-b14b-4583444396ef,2026-08-13 05:30:59.496950+00:00,BUSINESS_INSTITUTIONAL_SCREEN,n927,n928
ninth_share,ninth_share:E0122,rtc_234425f82f5249e1b16bf7f1d916bec6,55322d3e-bf75-4952-b14b-4583444396ef,2026-08-13 05:31:43.337390+00:00,BUSINESS_INSTITUTIONAL_SCREEN,n933,n934
ninth_share,ninth_share:E0123,rtc_234425f82f5249e1b16bf7f1d916bec6,55322d3e-bf75-4952-b14b-4583444396ef,2026-08-13 05:32:57.352252+00:00,BUSINESS_INSTITUTIONAL_SCREEN,n944,n945
ninth_share,ninth_share:E0124,rtc_234425f82f5249e1b16bf7f1d916bec6,55322d3e-bf75-4952-b14b-4583444396ef,2026-08-13 05:33:18.700027+00:00,UNIVERSAL_SEMANTIC_SCREEN,n946,n947
ninth_share,ninth_share:E0125,rtc_234425f82f5249e1b16bf7f1d916bec6,55322d3e-bf75-4952-b14b-4583444396ef,2026-08-13 05:38:39.702125+00:00,UNIVERSAL_SEMANTIC_SCREEN,n963,n964
office_metaphor,office_metaphor:E0001,rtc_d74aa50c85f74a8aa72675ddc16526aa,591ff9b1-9d07-408d-8146-dc767addb93b,2026-08-14 01:49:05.968650+00:00,BUSINESS_INSTITUTIONAL_SCREEN,n4,n8;n11;n15
office_metaphor,office_metaphor:E0002,rtc_d74aa50c85f74a8aa72675ddc16526aa,591ff9b1-9d07-408d-8146-dc767addb93b,2026-08-14 01:49:28.061117+00:00,BUSINESS_INSTITUTIONAL_SCREEN;UNIVERSAL_SEMANTIC_SCREEN,n16,n17
office_metaphor,office_metaphor:E0003,rtc_d74aa50c85f74a8aa72675ddc16526aa,591ff9b1-9d07-408d-8146-dc767addb93b,2026-08-14 01:49:55.043475+00:00,AGENCY_NEUTRAL_OPPORTUNITY;BUSINESS_INSTITUTIONAL_SCREEN;FROZEN_INFERENCE_OPPORTUNITY;UNIVERSAL_SEMANTIC_SCREEN,n18;n26,n19;n25;n27
office_metaphor,office_metaphor:E0004,rtc_d74aa50c85f74a8aa72675ddc16526aa,591ff9b1-9d07-408d-8146-dc767addb93b,2026-08-14 01:51:00.286965+00:00,AGENCY_NEUTRAL_OPPORTUNITY;BUSINESS_INSTITUTIONAL_SCREEN;FROZEN_INFERENCE_OPPORTUNITY;UNIVERSAL_SEMANTIC_SCREEN,n28;n30,n29;n31
office_metaphor,office_metaphor:E0005,rtc_d74aa50c85f74a8aa72675ddc16526aa,591ff9b1-9d07-408d-8146-dc767addb93b,2026-08-14 01:51:33.973336+00:00,BUSINESS_INSTITUTIONAL_SCREEN;FROZEN_INFERENCE_OPPORTUNITY;UNIVERSAL_SEMANTIC_SCREEN,n32;n34,n33;n35
office_metaphor,office_metaphor:E0006,rtc_d74aa50c85f74a8aa72675ddc16526aa,591ff9b1-9d07-408d-8146-dc767addb93b,2026-08-14 01:53:00.451861+00:00,BUSINESS_INSTITUTIONAL_SCREEN;UNIVERSAL_SEMANTIC_SCREEN,n38,n39;n42
office_metaphor,office_metaphor:E0007,rtc_d74aa50c85f74a8aa72675ddc16526aa,591ff9b1-9d07-408d-8146-dc767addb93b,2026-08-14 01:53:45.951011+00:00,BUSINESS_INSTITUTIONAL_SCREEN;UNIVERSAL_SEMANTIC_SCREEN,n43,n44;n47
office_metaphor,office_metaphor:E0008,rtc_d74aa50c85f74a8aa72675ddc16526aa,591ff9b1-9d07-408d-8146-dc767addb93b,2026-08-14 01:54:38.157784+00:00,BUSINESS_INSTITUTIONAL_SCREEN,n48,n49;n53
office_metaphor,office_metaphor:E0009,rtc_d74aa50c85f74a8aa72675ddc16526aa,591ff9b1-9d07-408d-8146-dc767addb93b,2026-08-14 01:56:24.424372+00:00,BUSINESS_INSTITUTIONAL_SCREEN;FROZEN_INFERENCE_OPPORTUNITY;UNIVERSAL_SEMANTIC_SCREEN,n63;n71;n73;n75,n64;n70;n72;n74;n76
office_metaphor,office_metaphor:E0010,rtc_d74aa50c85f74a8aa72675ddc16526aa,591ff9b1-9d07-408d-8146-dc767addb93b,2026-08-14 01:57:40.085628+00:00,AGENCY_NEUTRAL_OPPORTUNITY;BUSINESS_INSTITUTIONAL_SCREEN;FROZEN_INFERENCE_OPPORTUNITY;UNIVERSAL_SEMANTIC_SCREEN,n77;n82,n78;n81;n86
office_metaphor,office_metaphor:E0011,rtc_d74aa50c85f74a8aa72675ddc16526aa,591ff9b1-9d07-408d-8146-dc767addb93b,2026-08-14 01:58:45.901524+00:00,BUSINESS_INSTITUTIONAL_SCREEN;UNIVERSAL_SEMANTIC_SCREEN,n87,n88;n91
office_metaphor,office_metaphor:E0012,rtc_d74aa50c85f74a8aa72675ddc16526aa,591ff9b1-9d07-408d-8146-dc767addb93b,2026-08-14 01:59:32.718133+00:00,AGENCY_NEUTRAL_OPPORTUNITY;BUSINESS_INSTITUTIONAL_SCREEN;UNIVERSAL_SEMANTIC_SCREEN,n92,n93;n98
office_metaphor,office_metaphor:E0013,rtc_d74aa50c85f74a8aa72675ddc16526aa,591ff9b1-9d07-408d-8146-dc767addb93b,2026-08-14 02:00:09.528400+00:00,AGENCY_NEUTRAL_OPPORTUNITY;BUSINESS_INSTITUTIONAL_SCREEN;FROZEN_INFERENCE_OPPORTUNITY;UNIVERSAL_SEMANTIC_SCREEN,n99;n104,n100;n103;n105;n108
office_metaphor,office_metaphor:E0014,rtc_d74aa50c85f74a8aa72675ddc16526aa,591ff9b1-9d07-408d-8146-dc767addb93b,2026-08-14 02:01:36.200241+00:00,AGENCY_NEUTRAL_OPPORTUNITY;BUSINESS_INSTITUTIONAL_SCREEN;FROZEN_INFERENCE_OPPORTUNITY;UNIVERSAL_SEMANTIC_SCREEN,n109;n114;n119;n124,n110;n113;n118;n120;n123;n125;n129
office_metaphor,office_metaphor:E0015,rtc_d74aa50c85f74a8aa72675ddc16526aa,591ff9b1-9d07-408d-8146-dc767addb93b,2026-08-14 02:05:40.225403+00:00,AO30_EVENT;BUSINESS_INSTITUTIONAL_SCREEN;FROZEN_INFERENCE_OPPORTUNITY;UNIVERSAL_SEMANTIC_SCREEN,n130;n135;n140;n145;n150,n131;n134;n136;n139;n144;n149;n151;n154
office_metaphor,office_metaphor:E0016,rtc_d74aa50c85f74a8aa72675ddc16526aa,591ff9b1-9d07-408d-8146-dc767addb93b,2026-08-14 02:09:29.409482+00:00,AGENCY_NEUTRAL_OPPORTUNITY;BUSINESS_INSTITUTIONAL_SCREEN;FROZEN_INFERENCE_OPPORTUNITY;UNIVERSAL_SEMANTIC_SCREEN,n155;n157;n159,n156;n158;n162
office_metaphor,office_metaphor:E0017,rtc_d74aa50c85f74a8aa72675ddc16526aa,591ff9b1-9d07-408d-8146-dc767addb93b,2026-08-14 02:12:18.689142+00:00,BUSINESS_INSTITUTIONAL_SCREEN,n163,n164;n167
office_metaphor,office_metaphor:E0018,rtc_d74aa50c85f74a8aa72675ddc16526aa,591ff9b1-9d07-408d-8146-dc767addb93b,2026-08-14 02:13:31.432594+00:00,BUSINESS_INSTITUTIONAL_SCREEN,n168,n169;n172
office_metaphor,office_metaphor:E0019,rtc_d74aa50c85f74a8aa72675ddc16526aa,591ff9b1-9d07-408d-8146-dc767addb93b,2026-08-14 02:14:17.312335+00:00,AGENCY_NEUTRAL_OPPORTUNITY;BUSINESS_INSTITUTIONAL_SCREEN;FROZEN_INFERENCE_OPPORTUNITY;UNIVERSAL_SEMANTIC_SCREEN,n173,n174;n177
office_metaphor,office_metaphor:E0020,rtc_d74aa50c85f74a8aa72675ddc16526aa,591ff9b1-9d07-408d-8146-dc767addb93b,2026-08-14 02:14:34.557888+00:00,AGENCY_NEUTRAL_OPPORTUNITY;BUSINESS_INSTITUTIONAL_SCREEN;FROZEN_INFERENCE_OPPORTUNITY;UNIVERSAL_SEMANTIC_SCREEN,n178;n180;n187;n192;n194;n199,n179;n181;n188;n191;n193;n195;n198;n200;n203
office_metaphor,office_metaphor:E0021,rtc_d74aa50c85f74a8aa72675ddc16526aa,591ff9b1-9d07-408d-8146-dc767addb93b,2026-08-14 02:19:08.372422+00:00,BUSINESS_INSTITUTIONAL_SCREEN,n206,n207;n210
office_metaphor,office_metaphor:E0022,rtc_d74aa50c85f74a8aa72675ddc16526aa,591ff9b1-9d07-408d-8146-dc767addb93b,2026-08-14 02:21:42.613188+00:00,AGENCY_NEUTRAL_OPPORTUNITY;BUSINESS_INSTITUTIONAL_SCREEN;FROZEN_INFERENCE_OPPORTUNITY;UNIVERSAL_SEMANTIC_SCREEN,n211,n212;n216
office_metaphor,office_metaphor:E0023,rtc_d74aa50c85f74a8aa72675ddc16526aa,591ff9b1-9d07-408d-8146-dc767addb93b,2026-08-14 02:22:34.851302+00:00,BUSINESS_INSTITUTIONAL_SCREEN;UNIVERSAL_SEMANTIC_SCREEN,n217,n218;n221
office_metaphor,office_metaphor:E0024,rtc_d74aa50c85f74a8aa72675ddc16526aa,591ff9b1-9d07-408d-8146-dc767addb93b,2026-08-14 02:23:14.490538+00:00,BUSINESS_INSTITUTIONAL_SCREEN;UNIVERSAL_SEMANTIC_SCREEN,n224,n225;n228
office_metaphor,office_metaphor:E0025,rtc_d74aa50c85f74a8aa72675ddc16526aa,591ff9b1-9d07-408d-8146-dc767addb93b,2026-08-14 02:24:09.186901+00:00,BUSINESS_INSTITUTIONAL_SCREEN,n229,n230;n233
office_metaphor,office_metaphor:E0026,rtc_d74aa50c85f74a8aa72675ddc16526aa,591ff9b1-9d07-408d-8146-dc767addb93b,2026-08-14 02:24:50.507981+00:00,BUSINESS_INSTITUTIONAL_SCREEN,n234,n235;n238
office_metaphor,office_metaphor:E0027,rtc_d74aa50c85f74a8aa72675ddc16526aa,591ff9b1-9d07-408d-8146-dc767addb93b,2026-08-14 02:25:26.876599+00:00,BUSINESS_INSTITUTIONAL_SCREEN,n239,n240;n243
office_metaphor,office_metaphor:E0028,rtc_d74aa50c85f74a8aa72675ddc16526aa,591ff9b1-9d07-408d-8146-dc767addb93b,2026-08-14 02:25:49.543394+00:00,BUSINESS_INSTITUTIONAL_SCREEN;UNIVERSAL_SEMANTIC_SCREEN,n244,n245;n248
office_metaphor,office_metaphor:E0029,rtc_d74aa50c85f74a8aa72675ddc16526aa,591ff9b1-9d07-408d-8146-dc767addb93b,2026-08-14 02:26:24.165290+00:00,BUSINESS_INSTITUTIONAL_SCREEN,n249,n250;n253
office_metaphor,office_metaphor:E0030,rtc_d74aa50c85f74a8aa72675ddc16526aa,591ff9b1-9d07-408d-8146-dc767addb93b,2026-08-14 02:27:19.148108+00:00,BUSINESS_INSTITUTIONAL_SCREEN;UNIVERSAL_SEMANTIC_SCREEN,n254,n255;n258
office_metaphor,office_metaphor:E0031,rtc_d74aa50c85f74a8aa72675ddc16526aa,591ff9b1-9d07-408d-8146-dc767addb93b,2026-08-14 02:27:56.470078+00:00,BUSINESS_INSTITUTIONAL_SCREEN,n259,n260;n263
office_metaphor,office_metaphor:E0032,rtc_d74aa50c85f74a8aa72675ddc16526aa,591ff9b1-9d07-408d-8146-dc767addb93b,2026-08-14 02:28:35.160147+00:00,BUSINESS_INSTITUTIONAL_SCREEN;UNIVERSAL_SEMANTIC_SCREEN,n264,n265;n268
office_metaphor,office_metaphor:E0033,rtc_d74aa50c85f74a8aa72675ddc16526aa,591ff9b1-9d07-408d-8146-dc767addb93b,2026-08-14 02:29:07.751072+00:00,BUSINESS_INSTITUTIONAL_SCREEN;UNIVERSAL_SEMANTIC_SCREEN,n269,n270;n273
office_metaphor,office_metaphor:E0034,rtc_d74aa50c85f74a8aa72675ddc16526aa,591ff9b1-9d07-408d-8146-dc767addb93b,2026-08-14 02:29:47.743831+00:00,AGENCY_NEUTRAL_OPPORTUNITY;BUSINESS_INSTITUTIONAL_SCREEN;FROZEN_INFERENCE_OPPORTUNITY,n274,n275;n278
office_metaphor,office_metaphor:E0035,rtc_d74aa50c85f74a8aa72675ddc16526aa,591ff9b1-9d07-408d-8146-dc767addb93b,2026-08-14 02:30:30.722295+00:00,BUSINESS_INSTITUTIONAL_SCREEN;UNIVERSAL_SEMANTIC_SCREEN,n279,n280;n283
office_metaphor,office_metaphor:E0036,rtc_d74aa50c85f74a8aa72675ddc16526aa,591ff9b1-9d07-408d-8146-dc767addb93b,2026-08-14 02:31:04.030590+00:00,BUSINESS_INSTITUTIONAL_SCREEN,n284,n285;n288
office_metaphor,office_metaphor:E0037,rtc_d74aa50c85f74a8aa72675ddc16526aa,591ff9b1-9d07-408d-8146-dc767addb93b,2026-08-14 02:31:41.830543+00:00,BUSINESS_INSTITUTIONAL_SCREEN,n289,n290
office_metaphor,office_metaphor:E0038,rtc_d74aa50c85f74a8aa72675ddc16526aa,591ff9b1-9d07-408d-8146-dc767addb93b,2026-08-14 02:32:33.277960+00:00,BUSINESS_INSTITUTIONAL_SCREEN,n291,n292;n295
office_metaphor,office_metaphor:E0039,rtc_d74aa50c85f74a8aa72675ddc16526aa,591ff9b1-9d07-408d-8146-dc767addb93b,2026-08-14 02:33:18.070520+00:00,BUSINESS_INSTITUTIONAL_SCREEN,n296,n297;n300
office_metaphor,office_metaphor:E0040,rtc_d74aa50c85f74a8aa72675ddc16526aa,591ff9b1-9d07-408d-8146-dc767addb93b,2026-08-14 02:33:58.805532+00:00,BUSINESS_INSTITUTIONAL_SCREEN;UNIVERSAL_SEMANTIC_SCREEN,n301,n302;n305
office_metaphor,office_metaphor:E0041,rtc_d74aa50c85f74a8aa72675ddc16526aa,591ff9b1-9d07-408d-8146-dc767addb93b,2026-08-14 02:34:45.100346+00:00,AGENCY_NEUTRAL_OPPORTUNITY;BUSINESS_INSTITUTIONAL_SCREEN;FROZEN_INFERENCE_OPPORTUNITY;UNIVERSAL_SEMANTIC_SCREEN,n306,n307;n310
office_metaphor,office_metaphor:E0042,rtc_d74aa50c85f74a8aa72675ddc16526aa,591ff9b1-9d07-408d-8146-dc767addb93b,2026-08-14 02:35:23.643670+00:00,BUSINESS_INSTITUTIONAL_SCREEN,n311,n312;n315
office_metaphor,office_metaphor:E0043,rtc_d74aa50c85f74a8aa72675ddc16526aa,591ff9b1-9d07-408d-8146-dc767addb93b,2026-08-14 02:35:50.987416+00:00,BUSINESS_INSTITUTIONAL_SCREEN,n316,n317;n320
office_metaphor,office_metaphor:E0044,rtc_d74aa50c85f74a8aa72675ddc16526aa,591ff9b1-9d07-408d-8146-dc767addb93b,2026-08-14 02:36:18.237785+00:00,BUSINESS_INSTITUTIONAL_SCREEN;UNIVERSAL_SEMANTIC_SCREEN,n321,n322;n325
office_metaphor,office_metaphor:E0045,rtc_d74aa50c85f74a8aa72675ddc16526aa,591ff9b1-9d07-408d-8146-dc767addb93b,2026-08-14 02:36:32.148620+00:00,BUSINESS_INSTITUTIONAL_SCREEN,n326,n327
office_metaphor,office_metaphor:E0046,rtc_d74aa50c85f74a8aa72675ddc16526aa,591ff9b1-9d07-408d-8146-dc767addb93b,2026-08-14 02:37:13.085373+00:00,BUSINESS_INSTITUTIONAL_SCREEN,n328,n329;n332
office_metaphor,office_metaphor:E0047,rtc_d74aa50c85f74a8aa72675ddc16526aa,591ff9b1-9d07-408d-8146-dc767addb93b,2026-08-14 02:37:57.722876+00:00,BUSINESS_INSTITUTIONAL_SCREEN;FROZEN_INFERENCE_OPPORTUNITY;UNIVERSAL_SEMANTIC_SCREEN,n333;n338,n334;n337;n339;n342
office_metaphor,office_metaphor:E0048,rtc_d74aa50c85f74a8aa72675ddc16526aa,591ff9b1-9d07-408d-8146-dc767addb93b,2026-08-14 02:39:43.103435+00:00,BUSINESS_INSTITUTIONAL_SCREEN;UNIVERSAL_SEMANTIC_SCREEN,n343,n344;n347
office_metaphor,office_metaphor:E0049,rtc_d74aa50c85f74a8aa72675ddc16526aa,591ff9b1-9d07-408d-8146-dc767addb93b,2026-08-14 02:40:30.651222+00:00,AGENCY_NEUTRAL_OPPORTUNITY;BUSINESS_INSTITUTIONAL_SCREEN;FROZEN_INFERENCE_OPPORTUNITY;UNIVERSAL_SEMANTIC_SCREEN,n348;n353;n357;n361,n349;n352;n356;n358;n360;n362;n365
office_metaphor,office_metaphor:E0050,rtc_d74aa50c85f74a8aa72675ddc16526aa,591ff9b1-9d07-408d-8146-dc767addb93b,2026-08-14 02:43:15.547363+00:00,BUSINESS_INSTITUTIONAL_SCREEN,n366,n367;n371
office_metaphor,office_metaphor:E0051,rtc_d74aa50c85f74a8aa72675ddc16526aa,591ff9b1-9d07-408d-8146-dc767addb93b,2026-08-14 02:43:32.542515+00:00,AGENCY_NEUTRAL_OPPORTUNITY;BUSINESS_INSTITUTIONAL_SCREEN;FROZEN_INFERENCE_OPPORTUNITY,n372,n373
office_metaphor,office_metaphor:E0052,rtc_d74aa50c85f74a8aa72675ddc16526aa,591ff9b1-9d07-408d-8146-dc767addb93b,2026-08-14 02:43:56.659451+00:00,BUSINESS_INSTITUTIONAL_SCREEN;UNIVERSAL_SEMANTIC_SCREEN,n374;n376,n375;n377
office_metaphor,office_metaphor:E0053,rtc_d74aa50c85f74a8aa72675ddc16526aa,591ff9b1-9d07-408d-8146-dc767addb93b,2026-08-14 02:44:26.902360+00:00,AGENCY_NEUTRAL_OPPORTUNITY;BUSINESS_INSTITUTIONAL_SCREEN;FROZEN_INFERENCE_OPPORTUNITY;UNIVERSAL_SEMANTIC_SCREEN,n378;n380,n379;n381
office_metaphor,office_metaphor:E0054,rtc_d74aa50c85f74a8aa72675ddc16526aa,591ff9b1-9d07-408d-8146-dc767addb93b,2026-08-14 02:45:22.800925+00:00,BUSINESS_INSTITUTIONAL_SCREEN;FROZEN_INFERENCE_OPPORTUNITY;UNIVERSAL_SEMANTIC_SCREEN,n382,n383
office_metaphor,office_metaphor:E0055,rtc_d74aa50c85f74a8aa72675ddc16526aa,591ff9b1-9d07-408d-8146-dc767addb93b,2026-08-14 02:45:41.003755+00:00,BUSINESS_INSTITUTIONAL_SCREEN,n384,n385
office_metaphor,office_metaphor:E0056,rtc_d74aa50c85f74a8aa72675ddc16526aa,591ff9b1-9d07-408d-8146-dc767addb93b,2026-08-14 02:46:06.338631+00:00,BUSINESS_INSTITUTIONAL_SCREEN;FROZEN_INFERENCE_OPPORTUNITY;UNIVERSAL_SEMANTIC_SCREEN,n388;n390;n392,n389;n391;n393
office_metaphor,office_metaphor:E0057,rtc_d74aa50c85f74a8aa72675ddc16526aa,591ff9b1-9d07-408d-8146-dc767addb93b,2026-08-14 02:47:33.227997+00:00,BUSINESS_INSTITUTIONAL_SCREEN;FROZEN_INFERENCE_OPPORTUNITY;UNIVERSAL_SEMANTIC_SCREEN,n394,n395
office_metaphor,office_metaphor:E0058,rtc_d74aa50c85f74a8aa72675ddc16526aa,591ff9b1-9d07-408d-8146-dc767addb93b,2026-08-14 02:47:49.322912+00:00,BUSINESS_INSTITUTIONAL_SCREEN;UNIVERSAL_SEMANTIC_SCREEN,n396,n397
office_metaphor,office_metaphor:E0059,rtc_d74aa50c85f74a8aa72675ddc16526aa,591ff9b1-9d07-408d-8146-dc767addb93b,2026-08-14 02:48:18.620730+00:00,AGENCY_NEUTRAL_OPPORTUNITY;BUSINESS_INSTITUTIONAL_SCREEN;FROZEN_INFERENCE_OPPORTUNITY,n398,n399
office_metaphor,office_metaphor:E0060,rtc_d74aa50c85f74a8aa72675ddc16526aa,591ff9b1-9d07-408d-8146-dc767addb93b,2026-08-14 02:48:58.095865+00:00,BUSINESS_INSTITUTIONAL_SCREEN;FROZEN_INFERENCE_OPPORTUNITY;UNIVERSAL_SEMANTIC_SCREEN,n400,n401
office_metaphor,office_metaphor:E0061,rtc_d74aa50c85f74a8aa72675ddc16526aa,591ff9b1-9d07-408d-8146-dc767addb93b,2026-08-14 02:49:26.616850+00:00,BUSINESS_INSTITUTIONAL_SCREEN;FROZEN_INFERENCE_OPPORTUNITY,n404,n405
office_metaphor,office_metaphor:E0062,rtc_d74aa50c85f74a8aa72675ddc16526aa,591ff9b1-9d07-408d-8146-dc767addb93b,2026-08-14 02:50:00.932079+00:00,BUSINESS_INSTITUTIONAL_SCREEN,n406,n407;n410
office_metaphor,office_metaphor:E0063,rtc_d74aa50c85f74a8aa72675ddc16526aa,591ff9b1-9d07-408d-8146-dc767addb93b,2026-08-14 02:50:36.541207+00:00,BUSINESS_INSTITUTIONAL_SCREEN,n411,n412;n415
office_metaphor,office_metaphor:E0064,rtc_d74aa50c85f74a8aa72675ddc16526aa,591ff9b1-9d07-408d-8146-dc767addb93b,2026-08-14 02:51:13.385201+00:00,BUSINESS_INSTITUTIONAL_SCREEN,n416,n417;n420
office_metaphor,office_metaphor:E0065,rtc_d74aa50c85f74a8aa72675ddc16526aa,591ff9b1-9d07-408d-8146-dc767addb93b,2026-08-14 02:51:47.365101+00:00,AGENCY_NEUTRAL_OPPORTUNITY;UNIVERSAL_SEMANTIC_SCREEN,n421,n422
office_metaphor,office_metaphor:E0066,rtc_d74aa50c85f74a8aa72675ddc16526aa,591ff9b1-9d07-408d-8146-dc767addb93b,2026-08-14 02:52:10.398939+00:00,BUSINESS_INSTITUTIONAL_SCREEN,n423,n424
office_metaphor,office_metaphor:E0067,rtc_d74aa50c85f74a8aa72675ddc16526aa,591ff9b1-9d07-408d-8146-dc767addb93b,2026-08-14 02:53:21.274282+00:00,BUSINESS_INSTITUTIONAL_SCREEN;FROZEN_INFERENCE_OPPORTUNITY;UNIVERSAL_SEMANTIC_SCREEN,n425;n431;n436,n426;n430;n432;n435;n440
office_metaphor,office_metaphor:E0068,rtc_d74aa50c85f74a8aa72675ddc16526aa,591ff9b1-9d07-408d-8146-dc767addb93b,2026-08-14 02:55:11.754148+00:00,BUSINESS_INSTITUTIONAL_SCREEN;FROZEN_INFERENCE_OPPORTUNITY,n441,n442;n445;n446;n447
office_metaphor,office_metaphor:E0069,rtc_d74aa50c85f74a8aa72675ddc16526aa,591ff9b1-9d07-408d-8146-dc767addb93b,2026-08-14 02:55:56.247575+00:00,AGENCY_NEUTRAL_OPPORTUNITY;BUSINESS_INSTITUTIONAL_SCREEN;FROZEN_INFERENCE_OPPORTUNITY;UNIVERSAL_SEMANTIC_SCREEN,n448;n453,n449;n452;n454;n457
office_metaphor,office_metaphor:E0070,rtc_d74aa50c85f74a8aa72675ddc16526aa,591ff9b1-9d07-408d-8146-dc767addb93b,2026-08-14 02:57:22.914024+00:00,BUSINESS_INSTITUTIONAL_SCREEN;UNIVERSAL_SEMANTIC_SCREEN,n458,n459;n462
office_metaphor,office_metaphor:E0071,rtc_d74aa50c85f74a8aa72675ddc16526aa,591ff9b1-9d07-408d-8146-dc767addb93b,2026-08-14 02:58:02.915115+00:00,BUSINESS_INSTITUTIONAL_SCREEN;PRIMARY_REFUSAL_TO_INFER_EVENT;UNIVERSAL_SEMANTIC_SCREEN,n463;n468;n473,n464;n467;n472;n477
office_metaphor,office_metaphor:E0072,rtc_d74aa50c85f74a8aa72675ddc16526aa,591ff9b1-9d07-408d-8146-dc767addb93b,2026-08-14 03:00:04.685932+00:00,BUSINESS_INSTITUTIONAL_SCREEN,n478,n479
office_metaphor,office_metaphor:E0073,rtc_d74aa50c85f74a8aa72675ddc16526aa,591ff9b1-9d07-408d-8146-dc767addb93b,2026-08-14 03:00:29.952866+00:00,BUSINESS_INSTITUTIONAL_SCREEN;UNIVERSAL_SEMANTIC_SCREEN,n480;n485,n481;n484;n489
office_metaphor,office_metaphor:E0074,rtc_d74aa50c85f74a8aa72675ddc16526aa,591ff9b1-9d07-408d-8146-dc767addb93b,2026-08-14 03:02:11.016627+00:00,AGENCY_NEUTRAL_OPPORTUNITY;BUSINESS_INSTITUTIONAL_SCREEN;FROZEN_INFERENCE_OPPORTUNITY,n495,n496;n499
office_metaphor,office_metaphor:E0075,rtc_d74aa50c85f74a8aa72675ddc16526aa,591ff9b1-9d07-408d-8146-dc767addb93b,2026-08-14 03:03:09.136885+00:00,AGENCY_NEUTRAL_OPPORTUNITY;BUSINESS_INSTITUTIONAL_SCREEN;FROZEN_INFERENCE_OPPORTUNITY,n500;n505;n507;n512,n501;n504;n506;n508;n511;n513;n515
office_metaphor,office_metaphor:E0076,rtc_d74aa50c85f74a8aa72675ddc16526aa,591ff9b1-9d07-408d-8146-dc767addb93b,2026-08-14 03:04:34.429256+00:00,BUSINESS_INSTITUTIONAL_SCREEN;FROZEN_INFERENCE_OPPORTUNITY;UNIVERSAL_SEMANTIC_SCREEN,n516;n521;n523;n528;n533,n517;n520;n522;n527;n529;n532;n534;n537
office_metaphor,office_metaphor:E0077,rtc_d74aa50c85f74a8aa72675ddc16526aa,591ff9b1-9d07-408d-8146-dc767addb93b,2026-08-14 03:07:04.813476+00:00,BUSINESS_INSTITUTIONAL_SCREEN;UNIVERSAL_SEMANTIC_SCREEN,n538,n539;n542
office_metaphor,office_metaphor:E0078,rtc_d74aa50c85f74a8aa72675ddc16526aa,591ff9b1-9d07-408d-8146-dc767addb93b,2026-08-14 03:07:34.551098+00:00,BUSINESS_INSTITUTIONAL_SCREEN;UNIVERSAL_SEMANTIC_SCREEN,n543,n544;n547
office_metaphor,office_metaphor:E0079,rtc_d74aa50c85f74a8aa72675ddc16526aa,591ff9b1-9d07-408d-8146-dc767addb93b,2026-08-14 03:08:21.743366+00:00,BUSINESS_INSTITUTIONAL_SCREEN;FROZEN_INFERENCE_OPPORTUNITY;UNIVERSAL_SEMANTIC_SCREEN,n548;n552,n549;n551;n553;n556
office_metaphor,office_metaphor:E0080,rtc_d74aa50c85f74a8aa72675ddc16526aa,591ff9b1-9d07-408d-8146-dc767addb93b,2026-08-14 03:11:01.236934+00:00,BUSINESS_INSTITUTIONAL_SCREEN,n557,n558;n560;n562
office_metaphor,office_metaphor:E0081,rtc_d74aa50c85f74a8aa72675ddc16526aa,591ff9b1-9d07-408d-8146-dc767addb93b,2026-08-14 03:12:08.040069+00:00,BUSINESS_INSTITUTIONAL_SCREEN;FROZEN_INFERENCE_OPPORTUNITY,n563,n564;n567
office_metaphor,office_metaphor:E0082,rtc_d74aa50c85f74a8aa72675ddc16526aa,591ff9b1-9d07-408d-8146-dc767addb93b,2026-08-14 03:12:30.921900+00:00,BUSINESS_INSTITUTIONAL_SCREEN,n568,n569;n572;n573
office_metaphor,office_metaphor:E0083,rtc_d74aa50c85f74a8aa72675ddc16526aa,591ff9b1-9d07-408d-8146-dc767addb93b,2026-08-14 03:13:01.498842+00:00,BUSINESS_INSTITUTIONAL_SCREEN,n574,n575;n578
office_metaphor,office_metaphor:E0084,rtc_d74aa50c85f74a8aa72675ddc16526aa,591ff9b1-9d07-408d-8146-dc767addb93b,2026-08-14 03:13:37.518059+00:00,BUSINESS_INSTITUTIONAL_SCREEN;FROZEN_INFERENCE_OPPORTUNITY,n579,n580;n583
office_metaphor,office_metaphor:E0085,rtc_d74aa50c85f74a8aa72675ddc16526aa,591ff9b1-9d07-408d-8146-dc767addb93b,2026-08-14 03:14:20.303879+00:00,BUSINESS_INSTITUTIONAL_SCREEN,n584,n585;n588
office_metaphor,office_metaphor:E0086,rtc_d74aa50c85f74a8aa72675ddc16526aa,591ff9b1-9d07-408d-8146-dc767addb93b,2026-08-14 03:14:43.073386+00:00,BUSINESS_INSTITUTIONAL_SCREEN;UNIVERSAL_SEMANTIC_SCREEN,n589,n590;n593
office_metaphor,office_metaphor:E0087,rtc_d74aa50c85f74a8aa72675ddc16526aa,591ff9b1-9d07-408d-8146-dc767addb93b,2026-08-14 03:15:23.374341+00:00,BUSINESS_INSTITUTIONAL_SCREEN;UNIVERSAL_SEMANTIC_SCREEN,n594;n599,n595;n598;n603
office_metaphor,office_metaphor:E0088,rtc_d74aa50c85f74a8aa72675ddc16526aa,591ff9b1-9d07-408d-8146-dc767addb93b,2026-08-14 03:17:10.272818+00:00,AGENCY_NEUTRAL_OPPORTUNITY;BUSINESS_INSTITUTIONAL_SCREEN;FROZEN_INFERENCE_OPPORTUNITY,n613,n614;n617
office_metaphor,office_metaphor:E0089,rtc_d74aa50c85f74a8aa72675ddc16526aa,591ff9b1-9d07-408d-8146-dc767addb93b,2026-08-14 03:17:50.884284+00:00,BUSINESS_INSTITUTIONAL_SCREEN;FROZEN_INFERENCE_OPPORTUNITY;UNIVERSAL_SEMANTIC_SCREEN,n618,n619;n622
office_metaphor,office_metaphor:E0090,rtc_d74aa50c85f74a8aa72675ddc16526aa,591ff9b1-9d07-408d-8146-dc767addb93b,2026-08-14 03:18:36.944216+00:00,BUSINESS_INSTITUTIONAL_SCREEN,n625,n626;n629
office_metaphor,office_metaphor:E0091,rtc_d74aa50c85f74a8aa72675ddc16526aa,591ff9b1-9d07-408d-8146-dc767addb93b,2026-08-14 03:19:02.611715+00:00,BUSINESS_INSTITUTIONAL_SCREEN,n630,n631;n634
office_metaphor,office_metaphor:E0092,rtc_d74aa50c85f74a8aa72675ddc16526aa,591ff9b1-9d07-408d-8146-dc767addb93b,2026-08-14 03:19:18.882658+00:00,BUSINESS_INSTITUTIONAL_SCREEN,n635,n636;n639
office_metaphor,office_metaphor:E0093,rtc_d74aa50c85f74a8aa72675ddc16526aa,591ff9b1-9d07-408d-8146-dc767addb93b,2026-08-14 03:20:12.248172+00:00,AGENCY_NEUTRAL_OPPORTUNITY;BUSINESS_INSTITUTIONAL_SCREEN;FROZEN_INFERENCE_OPPORTUNITY,n640,n641;n644
office_metaphor,office_metaphor:E0094,rtc_d74aa50c85f74a8aa72675ddc16526aa,591ff9b1-9d07-408d-8146-dc767addb93b,2026-08-14 03:20:56.930842+00:00,BUSINESS_INSTITUTIONAL_SCREEN;FROZEN_INFERENCE_OPPORTUNITY;PRIMARY_REFUSAL_TO_INFER_EVENT;UNIVERSAL_SEMANTIC_SCREEN,n645;n650,n646;n649;n651;n654
office_metaphor,office_metaphor:E0095,rtc_d74aa50c85f74a8aa72675ddc16526aa,591ff9b1-9d07-408d-8146-dc767addb93b,2026-08-14 03:22:40.132085+00:00,BUSINESS_INSTITUTIONAL_SCREEN;FROZEN_INFERENCE_OPPORTUNITY;PRIMARY_REFUSAL_TO_INFER_EVENT;UNIVERSAL_SEMANTIC_SCREEN,n655,n656;n659
office_metaphor,office_metaphor:E0096,rtc_d74aa50c85f74a8aa72675ddc16526aa,591ff9b1-9d07-408d-8146-dc767addb93b,2026-08-14 03:23:21.436329+00:00,BUSINESS_INSTITUTIONAL_SCREEN;FROZEN_INFERENCE_OPPORTUNITY;UNIVERSAL_SEMANTIC_SCREEN,n660,n661;n664
office_metaphor,office_metaphor:E0097,rtc_d74aa50c85f74a8aa72675ddc16526aa,591ff9b1-9d07-408d-8146-dc767addb93b,2026-08-14 03:24:44.981436+00:00,BUSINESS_INSTITUTIONAL_SCREEN;FROZEN_INFERENCE_OPPORTUNITY;UNIVERSAL_SEMANTIC_SCREEN,n665;n670;n675,n666;n669;n671;n674;n676;n679
office_metaphor,office_metaphor:E0098,rtc_d74aa50c85f74a8aa72675ddc16526aa,591ff9b1-9d07-408d-8146-dc767addb93b,2026-08-14 03:27:37.799995+00:00,BUSINESS_INSTITUTIONAL_SCREEN;UNIVERSAL_SEMANTIC_SCREEN,n680,n681
office_metaphor,office_metaphor:E0099,rtc_d74aa50c85f74a8aa72675ddc16526aa,591ff9b1-9d07-408d-8146-dc767addb93b,2026-08-14 03:28:17.861369+00:00,BUSINESS_INSTITUTIONAL_SCREEN,n686,n687
office_metaphor,office_metaphor:E0100,rtc_d74aa50c85f74a8aa72675ddc16526aa,591ff9b1-9d07-408d-8146-dc767addb93b,2026-08-14 03:28:30.597626+00:00,BUSINESS_INSTITUTIONAL_SCREEN,n688,n689
office_metaphor,office_metaphor:E0101,rtc_d74aa50c85f74a8aa72675ddc16526aa,591ff9b1-9d07-408d-8146-dc767addb93b,2026-08-14 03:28:42.628329+00:00,BUSINESS_INSTITUTIONAL_SCREEN,n693,n694
office_metaphor,office_metaphor:E0102,rtc_d74aa50c85f74a8aa72675ddc16526aa,591ff9b1-9d07-408d-8146-dc767addb93b,2026-08-14 03:30:24.487339+00:00,BUSINESS_INSTITUTIONAL_SCREEN,n695,n696;n700
office_metaphor,office_metaphor:E0103,rtc_d74aa50c85f74a8aa72675ddc16526aa,591ff9b1-9d07-408d-8146-dc767addb93b,2026-08-14 03:31:37.588531+00:00,BUSINESS_INSTITUTIONAL_SCREEN;UNIVERSAL_SEMANTIC_SCREEN,n701,n702;n706
office_metaphor,office_metaphor:E0104,rtc_d74aa50c85f74a8aa72675ddc16526aa,591ff9b1-9d07-408d-8146-dc767addb93b,2026-08-14 03:32:51.761386+00:00,BUSINESS_INSTITUTIONAL_SCREEN,n707,n708;n712
office_metaphor,office_metaphor:E0105,rtc_d74aa50c85f74a8aa72675ddc16526aa,591ff9b1-9d07-408d-8146-dc767addb93b,2026-08-14 03:33:22.497167+00:00,BUSINESS_INSTITUTIONAL_SCREEN,n713,n714;n717
office_metaphor,office_metaphor:E0106,rtc_d74aa50c85f74a8aa72675ddc16526aa,591ff9b1-9d07-408d-8146-dc767addb93b,2026-08-14 03:34:19.096867+00:00,BUSINESS_INSTITUTIONAL_SCREEN,n718,n719;n722
office_metaphor,office_metaphor:E0107,rtc_d74aa50c85f74a8aa72675ddc16526aa,591ff9b1-9d07-408d-8146-dc767addb93b,2026-08-14 03:35:03.001816+00:00,BUSINESS_INSTITUTIONAL_SCREEN,n723,n724;n727
office_metaphor,office_metaphor:E0108,rtc_d74aa50c85f74a8aa72675ddc16526aa,591ff9b1-9d07-408d-8146-dc767addb93b,2026-08-14 03:35:34.044282+00:00,BUSINESS_INSTITUTIONAL_SCREEN;FROZEN_INFERENCE_OPPORTUNITY;RTC_RULE_EPISODE,n728;n733;n744;n753,n729;n732;n734;n737;n743;n745;n748
office_metaphor,office_metaphor:E0109,rtc_7eabf3e1c64140359287857e5f8059af,bb205e8d-6155-473b-b7a0-64904105c91c,2026-08-14 03:39:34.152565+00:00,UNIVERSAL_SEMANTIC_SCREEN,n755,ABSENT
office_metaphor,office_metaphor:E0110,rtc_7eabf3e1c64140359287857e5f8059af,bb205e8d-6155-473b-b7a0-64904105c91c,2026-08-14 03:39:50.269426+00:00,BUSINESS_INSTITUTIONAL_SCREEN;UNIVERSAL_SEMANTIC_SCREEN,n757,n760
office_metaphor,office_metaphor:E0111,rtc_7eabf3e1c64140359287857e5f8059af,bb205e8d-6155-473b-b7a0-64904105c91c,2026-08-14 03:41:12.256812+00:00,BUSINESS_INSTITUTIONAL_SCREEN,n761,n762;n767
office_metaphor,office_metaphor:E0112,rtc_7eabf3e1c64140359287857e5f8059af,bb205e8d-6155-473b-b7a0-64904105c91c,2026-08-14 03:41:33.877077+00:00,BUSINESS_INSTITUTIONAL_SCREEN,n768,n769
office_metaphor,office_metaphor:E0113,rtc_7eabf3e1c64140359287857e5f8059af,bb205e8d-6155-473b-b7a0-64904105c91c,2026-08-14 03:43:15.358886+00:00,BUSINESS_INSTITUTIONAL_SCREEN;FROZEN_INFERENCE_OPPORTUNITY;UNIVERSAL_SEMANTIC_SCREEN,n772,n773;n776
office_metaphor,office_metaphor:E0114,rtc_7eabf3e1c64140359287857e5f8059af,bb205e8d-6155-473b-b7a0-64904105c91c,2026-08-14 03:44:42.588700+00:00,BUSINESS_INSTITUTIONAL_SCREEN;CAPABILITY_TOOL_EVIDENCE_CLAIM;UNIVERSAL_SEMANTIC_SCREEN,n777;n784,n778;n783;n788
office_metaphor,office_metaphor:E0115,rtc_7eabf3e1c64140359287857e5f8059af,bb205e8d-6155-473b-b7a0-64904105c91c,2026-08-14 03:47:10.743661+00:00,BUSINESS_INSTITUTIONAL_SCREEN;CAPABILITY_TOOL_EVIDENCE_CLAIM;UNIVERSAL_SEMANTIC_SCREEN,n789,n790;n796
office_metaphor,office_metaphor:E0116,rtc_7eabf3e1c64140359287857e5f8059af,bb205e8d-6155-473b-b7a0-64904105c91c,2026-08-14 03:47:22.745853+00:00,BUSINESS_INSTITUTIONAL_SCREEN,n797,n798
office_metaphor,office_metaphor:E0117,rtc_7eabf3e1c64140359287857e5f8059af,bb205e8d-6155-473b-b7a0-64904105c91c,2026-08-14 03:47:57.039106+00:00,BUSINESS_INSTITUTIONAL_SCREEN;UNIVERSAL_SEMANTIC_SCREEN,n801,n802;n805
office_metaphor,office_metaphor:E0118,rtc_7eabf3e1c64140359287857e5f8059af,bb205e8d-6155-473b-b7a0-64904105c91c,2026-08-14 03:48:15.272569+00:00,UNIVERSAL_SEMANTIC_SCREEN,n812,n813
office_metaphor,office_metaphor:E0119,rtc_7eabf3e1c64140359287857e5f8059af,bb205e8d-6155-473b-b7a0-64904105c91c,2026-08-14 03:49:10.829593+00:00,BUSINESS_INSTITUTIONAL_SCREEN,n816,n817;n820
office_metaphor,office_metaphor:E0120,rtc_7eabf3e1c64140359287857e5f8059af,bb205e8d-6155-473b-b7a0-64904105c91c,2026-08-14 03:49:16.256194+00:00,BUSINESS_INSTITUTIONAL_SCREEN;PRIMARY_REFUSAL_TO_INFER_EVENT,n823,n824;n827
office_metaphor,office_metaphor:E0121,rtc_7eabf3e1c64140359287857e5f8059af,bb205e8d-6155-473b-b7a0-64904105c91c,2026-08-14 03:51:16.469828+00:00,BUSINESS_INSTITUTIONAL_SCREEN;UNIVERSAL_SEMANTIC_SCREEN,n833,n834
office_metaphor,office_metaphor:E0122,rtc_7eabf3e1c64140359287857e5f8059af,bb205e8d-6155-473b-b7a0-64904105c91c,2026-08-14 03:51:33.197035+00:00,BUSINESS_INSTITUTIONAL_SCREEN,n835,n836;n839
office_metaphor,office_metaphor:E0123,rtc_7eabf3e1c64140359287857e5f8059af,bb205e8d-6155-473b-b7a0-64904105c91c,2026-08-14 03:52:22.973809+00:00,BUSINESS_INSTITUTIONAL_SCREEN,n844,n845;n849
office_metaphor,office_metaphor:E0124,rtc_7eabf3e1c64140359287857e5f8059af,bb205e8d-6155-473b-b7a0-64904105c91c,2026-08-14 03:52:49.328640+00:00,BUSINESS_INSTITUTIONAL_SCREEN;UNIVERSAL_SEMANTIC_SCREEN,n850,n851;n854
office_metaphor,office_metaphor:E0125,rtc_7eabf3e1c64140359287857e5f8059af,bb205e8d-6155-473b-b7a0-64904105c91c,2026-08-14 03:53:13.435625+00:00,BUSINESS_INSTITUTIONAL_SCREEN;UNIVERSAL_SEMANTIC_SCREEN,n855,n856
office_metaphor,office_metaphor:E0126,rtc_7eabf3e1c64140359287857e5f8059af,bb205e8d-6155-473b-b7a0-64904105c91c,2026-08-14 03:53:24.986994+00:00,BUSINESS_INSTITUTIONAL_SCREEN,n860,n861
office_metaphor,office_metaphor:E0127,rtc_7eabf3e1c64140359287857e5f8059af,bb205e8d-6155-473b-b7a0-64904105c91c,2026-08-14 03:54:00.033565+00:00,AGENCY_NEUTRAL_OPPORTUNITY;BUSINESS_INSTITUTIONAL_SCREEN;FROZEN_INFERENCE_OPPORTUNITY,n862,n863;n870
office_metaphor,office_metaphor:E0128,rtc_7eabf3e1c64140359287857e5f8059af,bb205e8d-6155-473b-b7a0-64904105c91c,2026-08-14 03:55:01.642077+00:00,BUSINESS_INSTITUTIONAL_SCREEN,n876,n877;n880
office_metaphor,office_metaphor:E0129,rtc_7eabf3e1c64140359287857e5f8059af,bb205e8d-6155-473b-b7a0-64904105c91c,2026-08-14 03:55:36.977388+00:00,BUSINESS_INSTITUTIONAL_SCREEN,n881,n882;n888
office_metaphor,office_metaphor:E0130,rtc_7eabf3e1c64140359287857e5f8059af,bb205e8d-6155-473b-b7a0-64904105c91c,2026-08-14 03:57:13.166026+00:00,BUSINESS_INSTITUTIONAL_SCREEN;UNIVERSAL_SEMANTIC_SCREEN,n889,n890;n895
office_metaphor,office_metaphor:E0131,rtc_7eabf3e1c64140359287857e5f8059af,bb205e8d-6155-473b-b7a0-64904105c91c,2026-08-14 03:57:37.585317+00:00,BUSINESS_INSTITUTIONAL_SCREEN;UNIVERSAL_SEMANTIC_SCREEN,n896,n897;n900
office_metaphor,office_metaphor:E0132,rtc_7eabf3e1c64140359287857e5f8059af,bb205e8d-6155-473b-b7a0-64904105c91c,2026-08-14 03:57:46.133405+00:00,BUSINESS_INSTITUTIONAL_SCREEN,n901,n902
office_metaphor,office_metaphor:E0133,rtc_7eabf3e1c64140359287857e5f8059af,bb205e8d-6155-473b-b7a0-64904105c91c,2026-08-14 03:57:55.955154+00:00,UNIVERSAL_SEMANTIC_SCREEN,n905,n906
office_metaphor,office_metaphor:E0134,rtc_7eabf3e1c64140359287857e5f8059af,bb205e8d-6155-473b-b7a0-64904105c91c,2026-08-14 03:58:08.285452+00:00,UNIVERSAL_SEMANTIC_SCREEN,n907,n908
office_metaphor,office_metaphor:E0135,rtc_7eabf3e1c64140359287857e5f8059af,bb205e8d-6155-473b-b7a0-64904105c91c,2026-08-14 03:58:15.993028+00:00,AGENCY_NEUTRAL_OPPORTUNITY;BUSINESS_INSTITUTIONAL_SCREEN;FROZEN_INFERENCE_OPPORTUNITY;UNIVERSAL_SEMANTIC_SCREEN,n909,n910
office_metaphor,office_metaphor:E0136,rtc_7eabf3e1c64140359287857e5f8059af,bb205e8d-6155-473b-b7a0-64904105c91c,2026-08-14 03:58:23.564396+00:00,BUSINESS_INSTITUTIONAL_SCREEN,n911,n912
office_metaphor,office_metaphor:E0137,rtc_7eabf3e1c64140359287857e5f8059af,bb205e8d-6155-473b-b7a0-64904105c91c,2026-08-14 03:58:34.692561+00:00,UNIVERSAL_SEMANTIC_SCREEN,n915,n916
office_metaphor,office_metaphor:E0138,rtc_7eabf3e1c64140359287857e5f8059af,bb205e8d-6155-473b-b7a0-64904105c91c,2026-08-14 03:59:15.563593+00:00,BUSINESS_INSTITUTIONAL_SCREEN,n921,n922
office_metaphor,office_metaphor:E0139,rtc_7eabf3e1c64140359287857e5f8059af,bb205e8d-6155-473b-b7a0-64904105c91c,2026-08-14 03:59:25.678792+00:00,BUSINESS_INSTITUTIONAL_SCREEN;UNIVERSAL_SEMANTIC_SCREEN,n923,n924
office_metaphor,office_metaphor:E0140,rtc_7eabf3e1c64140359287857e5f8059af,bb205e8d-6155-473b-b7a0-64904105c91c,2026-08-14 03:59:31.704944+00:00,BUSINESS_INSTITUTIONAL_SCREEN;UNIVERSAL_SEMANTIC_SCREEN,n925;n927,n926;n928
office_metaphor,office_metaphor:E0141,rtc_7eabf3e1c64140359287857e5f8059af,bb205e8d-6155-473b-b7a0-64904105c91c,2026-08-14 04:00:44.589901+00:00,BUSINESS_INSTITUTIONAL_SCREEN;UNIVERSAL_SEMANTIC_SCREEN,n929,n930
office_metaphor,office_metaphor:E0142,rtc_7eabf3e1c64140359287857e5f8059af,bb205e8d-6155-473b-b7a0-64904105c91c,2026-08-14 04:01:08.239282+00:00,UNIVERSAL_SEMANTIC_SCREEN,n931,ABSENT
seventeenth_share,seventeenth_share:E0001,rtc_5057a29e01fc4067b1088d396a142a5a,efbbfce2-fe9a-4fb7-96ff-18c5717914bc,2026-08-14 20:44:53.120088+00:00,AGENCY_NEUTRAL_OPPORTUNITY;AO30_EVENT;BUSINESS_INSTITUTIONAL_SCREEN;FROZEN_INFERENCE_OPPORTUNITY;UNIVERSAL_SEMANTIC_SCREEN,n19;n21;n26;n33;n38;n44,n24;n25;n27;n29;n32;n34;n37;n39;n43;n45;n49;n50
seventeenth_share,seventeenth_share:E0002,rtc_5057a29e01fc4067b1088d396a142a5a,efbbfce2-fe9a-4fb7-96ff-18c5717914bc,2026-08-14 20:57:04.774942+00:00,BUSINESS_INSTITUTIONAL_SCREEN,n51,n52;n56
seventeenth_share,seventeenth_share:E0003,rtc_5057a29e01fc4067b1088d396a142a5a,efbbfce2-fe9a-4fb7-96ff-18c5717914bc,2026-08-14 21:00:05.260499+00:00,AGENCY_NEUTRAL_OPPORTUNITY;BUSINESS_INSTITUTIONAL_SCREEN;FROZEN_INFERENCE_OPPORTUNITY,n63,n64;n67
seventeenth_share,seventeenth_share:E0004,rtc_5057a29e01fc4067b1088d396a142a5a,efbbfce2-fe9a-4fb7-96ff-18c5717914bc,2026-08-14 21:01:05.183316+00:00,AGENCY_NEUTRAL_OPPORTUNITY;BUSINESS_INSTITUTIONAL_SCREEN;FROZEN_INFERENCE_OPPORTUNITY;RTC_RULE_EPISODE;UNIVERSAL_SEMANTIC_SCREEN,n68;n73;n82;n84;n86;n88;n93,n69;n72;n74;n77;n83;n85;n87;n89;n92;n94;n97
seventeenth_share,seventeenth_share:E0005,rtc_297e8b9bcdb64ba2ab24f9ca4c2eda68,81a2cd31-3e39-4ff5-ba14-a402e4efacfd,2026-08-14 21:08:31.660833+00:00,UNIVERSAL_SEMANTIC_SCREEN,n101,n108
seventeenth_share,seventeenth_share:E0006,rtc_297e8b9bcdb64ba2ab24f9ca4c2eda68,81a2cd31-3e39-4ff5-ba14-a402e4efacfd,2026-08-14 21:11:41.736447+00:00,BUSINESS_INSTITUTIONAL_SCREEN;UNIVERSAL_SEMANTIC_SCREEN,n109,n110;n114
seventeenth_share,seventeenth_share:E0007,rtc_297e8b9bcdb64ba2ab24f9ca4c2eda68,81a2cd31-3e39-4ff5-ba14-a402e4efacfd,2026-08-14 21:14:30.964065+00:00,BUSINESS_INSTITUTIONAL_SCREEN;UNIVERSAL_SEMANTIC_SCREEN,n121,n122;n125
seventeenth_share,seventeenth_share:E0009,rtc_297e8b9bcdb64ba2ab24f9ca4c2eda68,81a2cd31-3e39-4ff5-ba14-a402e4efacfd,2026-08-14 21:17:12.687150+00:00,BUSINESS_INSTITUTIONAL_SCREEN;FROZEN_INFERENCE_OPPORTUNITY,n141,n142
seventeenth_share,seventeenth_share:E0008,rtc_297e8b9bcdb64ba2ab24f9ca4c2eda68,81a2cd31-3e39-4ff5-ba14-a402e4efacfd,2026-08-14 21:17:13.469815+00:00,BUSINESS_INSTITUTIONAL_SCREEN;UNIVERSAL_SEMANTIC_SCREEN,n139,n140
seventeenth_share,seventeenth_share:E0010,rtc_297e8b9bcdb64ba2ab24f9ca4c2eda68,81a2cd31-3e39-4ff5-ba14-a402e4efacfd,2026-08-14 21:18:04.667331+00:00,BUSINESS_INSTITUTIONAL_SCREEN,n143,n144
seventeenth_share,seventeenth_share:E0011,rtc_297e8b9bcdb64ba2ab24f9ca4c2eda68,81a2cd31-3e39-4ff5-ba14-a402e4efacfd,2026-08-14 21:18:33.638590+00:00,BUSINESS_INSTITUTIONAL_SCREEN,n145,n146;n149
seventeenth_share,seventeenth_share:E0012,rtc_297e8b9bcdb64ba2ab24f9ca4c2eda68,81a2cd31-3e39-4ff5-ba14-a402e4efacfd,2026-08-14 21:19:03.723525+00:00,BUSINESS_INSTITUTIONAL_SCREEN;FROZEN_INFERENCE_OPPORTUNITY,n150,n151
seventeenth_share,seventeenth_share:E0013,rtc_297e8b9bcdb64ba2ab24f9ca4c2eda68,81a2cd31-3e39-4ff5-ba14-a402e4efacfd,2026-08-14 21:19:17.242743+00:00,BUSINESS_INSTITUTIONAL_SCREEN,n152,n153
seventeenth_share,seventeenth_share:E0014,rtc_297e8b9bcdb64ba2ab24f9ca4c2eda68,81a2cd31-3e39-4ff5-ba14-a402e4efacfd,2026-08-14 21:20:34.037898+00:00,BUSINESS_INSTITUTIONAL_SCREEN;UNIVERSAL_SEMANTIC_SCREEN,n158,n159;n162
seventeenth_share,seventeenth_share:E0015,rtc_297e8b9bcdb64ba2ab24f9ca4c2eda68,81a2cd31-3e39-4ff5-ba14-a402e4efacfd,2026-08-14 21:21:19.952181+00:00,BUSINESS_INSTITUTIONAL_SCREEN,n163,n164
seventeenth_share,seventeenth_share:E0017,rtc_297e8b9bcdb64ba2ab24f9ca4c2eda68,81a2cd31-3e39-4ff5-ba14-a402e4efacfd,2026-08-14 21:21:38.399535+00:00,BUSINESS_INSTITUTIONAL_SCREEN,n170,n171
seventeenth_share,seventeenth_share:E0016,rtc_297e8b9bcdb64ba2ab24f9ca4c2eda68,81a2cd31-3e39-4ff5-ba14-a402e4efacfd,2026-08-14 21:21:39.273032+00:00,BUSINESS_INSTITUTIONAL_SCREEN;UNIVERSAL_SEMANTIC_SCREEN,n165,n166;n169
seventeenth_share,seventeenth_share:E0018,rtc_baa49c6814694d55ba4bd7c5ae618c1a,dd7a3dbb-10d9-48a2-8089-afa1374ef94e,2026-08-14 21:23:41.497376+00:00,RTC_RULE_EPISODE,ABSENT,ABSENT
seventeenth_share,seventeenth_share:E0019,rtc_baa49c6814694d55ba4bd7c5ae618c1a,dd7a3dbb-10d9-48a2-8089-afa1374ef94e,2026-08-14 21:23:41.906856+00:00,UNIVERSAL_SEMANTIC_SCREEN,n173,n177
seventeenth_share,seventeenth_share:E0020,rtc_baa49c6814694d55ba4bd7c5ae618c1a,dd7a3dbb-10d9-48a2-8089-afa1374ef94e,2026-08-14 21:24:57.890028+00:00,BUSINESS_INSTITUTIONAL_SCREEN,n180,n181;n186
seventeenth_share,seventeenth_share:E0021,rtc_baa49c6814694d55ba4bd7c5ae618c1a,dd7a3dbb-10d9-48a2-8089-afa1374ef94e,2026-08-14 21:25:32.795810+00:00,BUSINESS_INSTITUTIONAL_SCREEN;UNIVERSAL_SEMANTIC_SCREEN,n187,n188
seventeenth_share,seventeenth_share:E0022,rtc_4a4887ae84ec4ed69df5ee50c742191d,0f023a35-a219-4a70-96fc-6eba30369688,2026-08-14 21:25:55.777647+00:00,RTC_RULE_EPISODE,ABSENT,ABSENT
seventeenth_share,seventeenth_share:E0023,rtc_4a4887ae84ec4ed69df5ee50c742191d,0f023a35-a219-4a70-96fc-6eba30369688,2026-08-14 21:26:31.045864+00:00,BUSINESS_INSTITUTIONAL_SCREEN;UNIVERSAL_SEMANTIC_SCREEN,n199,n200;n207
seventeenth_share,seventeenth_share:E0024,rtc_4a4887ae84ec4ed69df5ee50c742191d,0f023a35-a219-4a70-96fc-6eba30369688,2026-08-14 21:27:42.312064+00:00,BUSINESS_INSTITUTIONAL_SCREEN,n208,n209;n216
seventeenth_share,seventeenth_share:E0025,rtc_4a4887ae84ec4ed69df5ee50c742191d,0f023a35-a219-4a70-96fc-6eba30369688,2026-08-14 21:28:02.779389+00:00,BUSINESS_INSTITUTIONAL_SCREEN,n217,n218
seventeenth_share,seventeenth_share:E0026,rtc_4a4887ae84ec4ed69df5ee50c742191d,0f023a35-a219-4a70-96fc-6eba30369688,2026-08-14 21:28:20.905090+00:00,BUSINESS_INSTITUTIONAL_SCREEN,n219,n220
seventeenth_share,seventeenth_share:E0027,rtc_4a4887ae84ec4ed69df5ee50c742191d,0f023a35-a219-4a70-96fc-6eba30369688,2026-08-14 21:29:20.013068+00:00,BUSINESS_INSTITUTIONAL_SCREEN,n221,n222;n228
seventeenth_share,seventeenth_share:E0028,rtc_4a4887ae84ec4ed69df5ee50c742191d,0f023a35-a219-4a70-96fc-6eba30369688,2026-08-14 21:30:49.609477+00:00,BUSINESS_INSTITUTIONAL_SCREEN,n231,n232;n237
seventeenth_share,seventeenth_share:E0029,rtc_4a4887ae84ec4ed69df5ee50c742191d,0f023a35-a219-4a70-96fc-6eba30369688,2026-08-14 21:31:37.894963+00:00,AGENCY_NEUTRAL_OPPORTUNITY;BUSINESS_INSTITUTIONAL_SCREEN;FROZEN_INFERENCE_OPPORTUNITY,n238,n239;n244
seventeenth_share,seventeenth_share:E0030,rtc_4a4887ae84ec4ed69df5ee50c742191d,0f023a35-a219-4a70-96fc-6eba30369688,2026-08-14 21:32:14.316607+00:00,BUSINESS_INSTITUTIONAL_SCREEN,n247,n248
seventeenth_share,seventeenth_share:E0031,rtc_4a4887ae84ec4ed69df5ee50c742191d,0f023a35-a219-4a70-96fc-6eba30369688,2026-08-14 21:32:27.028277+00:00,BUSINESS_INSTITUTIONAL_SCREEN,n249,n250
seventeenth_share,seventeenth_share:E0032,rtc_4a4887ae84ec4ed69df5ee50c742191d,0f023a35-a219-4a70-96fc-6eba30369688,2026-08-14 21:33:20.007283+00:00,BUSINESS_INSTITUTIONAL_SCREEN;UNIVERSAL_SEMANTIC_SCREEN,n251,n252
seventeenth_share,seventeenth_share:E0033,rtc_4a4887ae84ec4ed69df5ee50c742191d,0f023a35-a219-4a70-96fc-6eba30369688,2026-08-14 21:33:39.229106+00:00,BUSINESS_INSTITUTIONAL_SCREEN,n257,n258
seventeenth_share,seventeenth_share:E0034,rtc_4a4887ae84ec4ed69df5ee50c742191d,0f023a35-a219-4a70-96fc-6eba30369688,2026-08-14 21:34:06.300872+00:00,AGENCY_NEUTRAL_OPPORTUNITY;BUSINESS_INSTITUTIONAL_SCREEN;FROZEN_INFERENCE_OPPORTUNITY;UNIVERSAL_SEMANTIC_SCREEN,n259,n260;n265
seventeenth_share,seventeenth_share:E0035,rtc_4a4887ae84ec4ed69df5ee50c742191d,0f023a35-a219-4a70-96fc-6eba30369688,2026-08-14 21:35:32.700828+00:00,BUSINESS_INSTITUTIONAL_SCREEN,n266,n267;n270
seventeenth_share,seventeenth_share:E0036,rtc_4a4887ae84ec4ed69df5ee50c742191d,0f023a35-a219-4a70-96fc-6eba30369688,2026-08-14 21:36:02.453465+00:00,BUSINESS_INSTITUTIONAL_SCREEN,n271,n272;n275
seventeenth_share,seventeenth_share:E0037,rtc_4a4887ae84ec4ed69df5ee50c742191d,0f023a35-a219-4a70-96fc-6eba30369688,2026-08-14 21:36:53.133213+00:00,BUSINESS_INSTITUTIONAL_SCREEN;FROZEN_INFERENCE_OPPORTUNITY;UNIVERSAL_SEMANTIC_SCREEN,n276,n277;n280
seventeenth_share,seventeenth_share:E0038,rtc_4a4887ae84ec4ed69df5ee50c742191d,0f023a35-a219-4a70-96fc-6eba30369688,2026-08-14 21:37:41.577902+00:00,BUSINESS_INSTITUTIONAL_SCREEN;UNIVERSAL_SEMANTIC_SCREEN,n281,n282;n285;n286
seventeenth_share,seventeenth_share:E0039,rtc_4a4887ae84ec4ed69df5ee50c742191d,0f023a35-a219-4a70-96fc-6eba30369688,2026-08-14 21:38:13.392200+00:00,BUSINESS_INSTITUTIONAL_SCREEN,n287,n288
seventeenth_share,seventeenth_share:E0040,rtc_4a4887ae84ec4ed69df5ee50c742191d,0f023a35-a219-4a70-96fc-6eba30369688,2026-08-14 21:38:46.265800+00:00,BUSINESS_INSTITUTIONAL_SCREEN,n289,n290
seventeenth_share,seventeenth_share:E0042,rtc_4a4887ae84ec4ed69df5ee50c742191d,0f023a35-a219-4a70-96fc-6eba30369688,2026-08-14 21:39:06.183264+00:00,BUSINESS_INSTITUTIONAL_SCREEN,n306,n307
seventeenth_share,seventeenth_share:E0041,rtc_4a4887ae84ec4ed69df5ee50c742191d,0f023a35-a219-4a70-96fc-6eba30369688,2026-08-14 21:39:07.083273+00:00,BUSINESS_INSTITUTIONAL_SCREEN;UNIVERSAL_SEMANTIC_SCREEN,n302,n303
seventeenth_share,seventeenth_share:E0043,rtc_4a4887ae84ec4ed69df5ee50c742191d,0f023a35-a219-4a70-96fc-6eba30369688,2026-08-14 21:39:55.468998+00:00,AGENCY_NEUTRAL_OPPORTUNITY;BUSINESS_INSTITUTIONAL_SCREEN;FROZEN_INFERENCE_OPPORTUNITY;UNIVERSAL_SEMANTIC_SCREEN,n308;n313;n318;n323,n309;n312;n314;n317;n319;n322;n324;n327
seventeenth_share,seventeenth_share:E0044,rtc_4a4887ae84ec4ed69df5ee50c742191d,0f023a35-a219-4a70-96fc-6eba30369688,2026-08-14 21:43:22.936208+00:00,AGENCY_NEUTRAL_OPPORTUNITY;BUSINESS_INSTITUTIONAL_SCREEN;FROZEN_INFERENCE_OPPORTUNITY;UNIVERSAL_SEMANTIC_SCREEN,n332;n338,n333;n337;n339;n342
seventeenth_share,seventeenth_share:E0045,rtc_4a4887ae84ec4ed69df5ee50c742191d,0f023a35-a219-4a70-96fc-6eba30369688,2026-08-14 21:45:03.179747+00:00,BUSINESS_INSTITUTIONAL_SCREEN;FROZEN_INFERENCE_OPPORTUNITY;UNIVERSAL_SEMANTIC_SCREEN,n345;n347;n353,n346;n348;n354
seventeenth_share,seventeenth_share:E0046,rtc_4a4887ae84ec4ed69df5ee50c742191d,0f023a35-a219-4a70-96fc-6eba30369688,2026-08-14 21:48:50.925585+00:00,BUSINESS_INSTITUTIONAL_SCREEN;FROZEN_INFERENCE_OPPORTUNITY;UNIVERSAL_SEMANTIC_SCREEN,n355;n364;n370,n356;n363;n369;n373
seventeenth_share,seventeenth_share:E0047,rtc_4a4887ae84ec4ed69df5ee50c742191d,0f023a35-a219-4a70-96fc-6eba30369688,2026-08-14 21:50:19.261464+00:00,BUSINESS_INSTITUTIONAL_SCREEN;UNIVERSAL_SEMANTIC_SCREEN,n374;n376,n375;n377
seventeenth_share,seventeenth_share:E0048,rtc_4a4887ae84ec4ed69df5ee50c742191d,0f023a35-a219-4a70-96fc-6eba30369688,2026-08-14 21:51:59.743382+00:00,UNIVERSAL_SEMANTIC_SCREEN,n380,ABSENT
seventeenth_share,seventeenth_share:E0049,rtc_4a4887ae84ec4ed69df5ee50c742191d,0f023a35-a219-4a70-96fc-6eba30369688,2026-08-14 21:54:00.080292+00:00,BUSINESS_INSTITUTIONAL_SCREEN,n391,n392;n395
seventeenth_share,seventeenth_share:E0050,rtc_4a4887ae84ec4ed69df5ee50c742191d,0f023a35-a219-4a70-96fc-6eba30369688,2026-08-14 21:55:06.212298+00:00,BUSINESS_INSTITUTIONAL_SCREEN,n404,n405
seventeenth_share,seventeenth_share:E0051,rtc_4a4887ae84ec4ed69df5ee50c742191d,0f023a35-a219-4a70-96fc-6eba30369688,2026-08-14 21:55:45.981458+00:00,BUSINESS_INSTITUTIONAL_SCREEN;CONFIRMED_CRITIQUE_BEFORE_COMPLETE_READING;FROZEN_INFERENCE_OPPORTUNITY;UNIVERSAL_SEMANTIC_SCREEN,n411;n417;n419;n424;n433;n438,n418;n420;n423;n425;n432;n434;n437;n439;n444
seventeenth_share,seventeenth_share:E0052,rtc_4a4887ae84ec4ed69df5ee50c742191d,0f023a35-a219-4a70-96fc-6eba30369688,2026-08-14 22:04:41.600687+00:00,BUSINESS_INSTITUTIONAL_SCREEN,n445,n446;n456
seventeenth_share,seventeenth_share:E0053,rtc_4a4887ae84ec4ed69df5ee50c742191d,0f023a35-a219-4a70-96fc-6eba30369688,2026-08-14 22:06:19.631989+00:00,BUSINESS_INSTITUTIONAL_SCREEN,n457,n458;n463
seventeenth_share,seventeenth_share:E0054,rtc_4a4887ae84ec4ed69df5ee50c742191d,0f023a35-a219-4a70-96fc-6eba30369688,2026-08-14 22:07:43.911265+00:00,BUSINESS_INSTITUTIONAL_SCREEN,n464,n465;n474
seventeenth_share,seventeenth_share:E0055,rtc_4a4887ae84ec4ed69df5ee50c742191d,0f023a35-a219-4a70-96fc-6eba30369688,2026-08-14 22:09:04.249924+00:00,BUSINESS_INSTITUTIONAL_SCREEN,n475,n476;n482
seventeenth_share,seventeenth_share:E0056,rtc_4a4887ae84ec4ed69df5ee50c742191d,0f023a35-a219-4a70-96fc-6eba30369688,2026-08-14 22:11:37.991129+00:00,BUSINESS_INSTITUTIONAL_SCREEN,n490,n491;n500
seventeenth_share,seventeenth_share:E0057,rtc_4a4887ae84ec4ed69df5ee50c742191d,0f023a35-a219-4a70-96fc-6eba30369688,2026-08-14 22:12:23.444760+00:00,UNIVERSAL_SEMANTIC_SCREEN,n501,n502
seventeenth_share,seventeenth_share:E0058,rtc_4a4887ae84ec4ed69df5ee50c742191d,0f023a35-a219-4a70-96fc-6eba30369688,2026-08-14 22:13:45.699618+00:00,BUSINESS_INSTITUTIONAL_SCREEN;UNIVERSAL_SEMANTIC_SCREEN,n507,n508;n513
seventeenth_share,seventeenth_share:E0059,rtc_4a4887ae84ec4ed69df5ee50c742191d,0f023a35-a219-4a70-96fc-6eba30369688,2026-08-14 22:15:52.150672+00:00,BUSINESS_INSTITUTIONAL_SCREEN,n522,n523
seventeenth_share,seventeenth_share:E0060,rtc_4a4887ae84ec4ed69df5ee50c742191d,0f023a35-a219-4a70-96fc-6eba30369688,2026-08-14 22:16:12.648047+00:00,UNIVERSAL_SEMANTIC_SCREEN,n531,n532
seventeenth_share,seventeenth_share:E0061,rtc_4a4887ae84ec4ed69df5ee50c742191d,0f023a35-a219-4a70-96fc-6eba30369688,2026-08-14 22:17:38.343084+00:00,BUSINESS_INSTITUTIONAL_SCREEN;UNIVERSAL_SEMANTIC_SCREEN,n533,n541
seventeenth_share,seventeenth_share:E0062,rtc_4a4887ae84ec4ed69df5ee50c742191d,0f023a35-a219-4a70-96fc-6eba30369688,2026-08-14 22:18:42.936512+00:00,BUSINESS_INSTITUTIONAL_SCREEN,n544,n545;n548
seventeenth_share,seventeenth_share:E0063,rtc_4a4887ae84ec4ed69df5ee50c742191d,0f023a35-a219-4a70-96fc-6eba30369688,2026-08-14 22:19:57.186745+00:00,BUSINESS_INSTITUTIONAL_SCREEN,n554,n555;n558
seventeenth_share,seventeenth_share:E0064,rtc_4a4887ae84ec4ed69df5ee50c742191d,0f023a35-a219-4a70-96fc-6eba30369688,2026-08-14 22:21:38.259831+00:00,BUSINESS_INSTITUTIONAL_SCREEN;UNIVERSAL_SEMANTIC_SCREEN,n559,n560;n565
seventeenth_share,seventeenth_share:E0065,rtc_4a4887ae84ec4ed69df5ee50c742191d,0f023a35-a219-4a70-96fc-6eba30369688,2026-08-14 22:22:12.686836+00:00,BUSINESS_INSTITUTIONAL_SCREEN,n566,n567
seventeenth_share,seventeenth_share:E0066,rtc_4a4887ae84ec4ed69df5ee50c742191d,0f023a35-a219-4a70-96fc-6eba30369688,2026-08-14 22:22:17.823463+00:00,BUSINESS_INSTITUTIONAL_SCREEN;UNIVERSAL_SEMANTIC_SCREEN,n571,n572;n573
seventeenth_share,seventeenth_share:E0067,rtc_4a4887ae84ec4ed69df5ee50c742191d,0f023a35-a219-4a70-96fc-6eba30369688,2026-08-14 22:22:46.113057+00:00,BUSINESS_INSTITUTIONAL_SCREEN,n574,n575
seventeenth_share,seventeenth_share:E0068,rtc_4a4887ae84ec4ed69df5ee50c742191d,0f023a35-a219-4a70-96fc-6eba30369688,2026-08-14 22:23:07.343878+00:00,UNIVERSAL_SEMANTIC_SCREEN,n576,n577
seventeenth_share,seventeenth_share:E0069,rtc_4a4887ae84ec4ed69df5ee50c742191d,0f023a35-a219-4a70-96fc-6eba30369688,2026-08-14 22:23:43.535797+00:00,BUSINESS_INSTITUTIONAL_SCREEN;UNIVERSAL_SEMANTIC_SCREEN,n578;n580,n579;n581
seventeenth_share,seventeenth_share:E0070,rtc_4a4887ae84ec4ed69df5ee50c742191d,0f023a35-a219-4a70-96fc-6eba30369688,2026-08-14 22:24:40.832742+00:00,BUSINESS_INSTITUTIONAL_SCREEN;FROZEN_INFERENCE_OPPORTUNITY,n584,n585
seventeenth_share,seventeenth_share:E0071,rtc_4a4887ae84ec4ed69df5ee50c742191d,0f023a35-a219-4a70-96fc-6eba30369688,2026-08-14 22:25:07.700430+00:00,BUSINESS_INSTITUTIONAL_SCREEN,n588,n589
seventeenth_share,seventeenth_share:E0072,rtc_4a4887ae84ec4ed69df5ee50c742191d,0f023a35-a219-4a70-96fc-6eba30369688,2026-08-14 22:25:23.294674+00:00,BUSINESS_INSTITUTIONAL_SCREEN,n590,n591
seventeenth_share,seventeenth_share:E0073,rtc_4a4887ae84ec4ed69df5ee50c742191d,0f023a35-a219-4a70-96fc-6eba30369688,2026-08-14 22:25:34.432550+00:00,BUSINESS_INSTITUTIONAL_SCREEN,n592,n593
seventeenth_share,seventeenth_share:E0074,rtc_4a4887ae84ec4ed69df5ee50c742191d,0f023a35-a219-4a70-96fc-6eba30369688,2026-08-14 22:25:43.904620+00:00,BUSINESS_INSTITUTIONAL_SCREEN,n594,n595
seventeenth_share,seventeenth_share:E0075,rtc_4a4887ae84ec4ed69df5ee50c742191d,0f023a35-a219-4a70-96fc-6eba30369688,2026-08-14 22:25:58.822292+00:00,BUSINESS_INSTITUTIONAL_SCREEN,n596,n597
seventeenth_share,seventeenth_share:E0076,rtc_4a4887ae84ec4ed69df5ee50c742191d,0f023a35-a219-4a70-96fc-6eba30369688,2026-08-14 22:26:21.485620+00:00,BUSINESS_INSTITUTIONAL_SCREEN;UNIVERSAL_SEMANTIC_SCREEN,n598,n599
seventeenth_share,seventeenth_share:E0077,rtc_4a4887ae84ec4ed69df5ee50c742191d,0f023a35-a219-4a70-96fc-6eba30369688,2026-08-14 22:27:29.688182+00:00,AGENCY_NEUTRAL_OPPORTUNITY;BUSINESS_INSTITUTIONAL_SCREEN;FROZEN_INFERENCE_OPPORTUNITY;UNIVERSAL_SEMANTIC_SCREEN,n608,n609;n612
seventeenth_share,seventeenth_share:E0078,rtc_4a4887ae84ec4ed69df5ee50c742191d,0f023a35-a219-4a70-96fc-6eba30369688,2026-08-14 22:28:07.655886+00:00,BUSINESS_INSTITUTIONAL_SCREEN;UNIVERSAL_SEMANTIC_SCREEN,n613,n614;n617
seventeenth_share,seventeenth_share:E0079,rtc_4a4887ae84ec4ed69df5ee50c742191d,0f023a35-a219-4a70-96fc-6eba30369688,2026-08-14 22:29:51.219429+00:00,BUSINESS_INSTITUTIONAL_SCREEN;UNIVERSAL_SEMANTIC_SCREEN,n620,n621;n626
seventeenth_share,seventeenth_share:E0080,rtc_4a4887ae84ec4ed69df5ee50c742191d,0f023a35-a219-4a70-96fc-6eba30369688,2026-08-14 22:31:23.733506+00:00,BUSINESS_INSTITUTIONAL_SCREEN;UNIVERSAL_SEMANTIC_SCREEN,n627,n628;n631
seventeenth_share,seventeenth_share:E0081,rtc_4a4887ae84ec4ed69df5ee50c742191d,0f023a35-a219-4a70-96fc-6eba30369688,2026-08-14 22:33:56.844923+00:00,BUSINESS_INSTITUTIONAL_SCREEN;UNIVERSAL_SEMANTIC_SCREEN,n632,n633;n638
seventeenth_share,seventeenth_share:E0082,rtc_4a4887ae84ec4ed69df5ee50c742191d,0f023a35-a219-4a70-96fc-6eba30369688,2026-08-14 22:34:31.212137+00:00,BUSINESS_INSTITUTIONAL_SCREEN,n639,n640
seventeenth_share,seventeenth_share:E0083,rtc_4a4887ae84ec4ed69df5ee50c742191d,0f023a35-a219-4a70-96fc-6eba30369688,2026-08-14 22:36:52.627909+00:00,BUSINESS_INSTITUTIONAL_SCREEN,n652,n653;n658
seventeenth_share,seventeenth_share:E0084,rtc_4a4887ae84ec4ed69df5ee50c742191d,0f023a35-a219-4a70-96fc-6eba30369688,2026-08-14 22:36:52.883677+00:00,BUSINESS_INSTITUTIONAL_SCREEN,n659,n660;n663
seventeenth_share,seventeenth_share:E0085,rtc_4a4887ae84ec4ed69df5ee50c742191d,0f023a35-a219-4a70-96fc-6eba30369688,2026-08-14 22:38:04.561480+00:00,BUSINESS_INSTITUTIONAL_SCREEN,n664,n665;n669
seventeenth_share,seventeenth_share:E0086,rtc_4a4887ae84ec4ed69df5ee50c742191d,0f023a35-a219-4a70-96fc-6eba30369688,2026-08-14 22:42:57.740064+00:00,BUSINESS_INSTITUTIONAL_SCREEN;UNIVERSAL_SEMANTIC_SCREEN,n682,n684;n688
seventeenth_share,seventeenth_share:E0087,rtc_4a4887ae84ec4ed69df5ee50c742191d,0f023a35-a219-4a70-96fc-6eba30369688,2026-08-14 22:42:59.224559+00:00,BUSINESS_INSTITUTIONAL_SCREEN,n689,n690;n696
seventeenth_share,seventeenth_share:E0088,rtc_4a4887ae84ec4ed69df5ee50c742191d,0f023a35-a219-4a70-96fc-6eba30369688,2026-08-14 22:45:33.556046+00:00,BUSINESS_INSTITUTIONAL_SCREEN,n697,n698;n701;n702;n703
seventeenth_share,seventeenth_share:E0089,rtc_4a4887ae84ec4ed69df5ee50c742191d,0f023a35-a219-4a70-96fc-6eba30369688,2026-08-14 22:48:06.484720+00:00,BUSINESS_INSTITUTIONAL_SCREEN;UNIVERSAL_SEMANTIC_SCREEN,n704,n705;n710
seventeenth_share,seventeenth_share:E0090,rtc_4a4887ae84ec4ed69df5ee50c742191d,0f023a35-a219-4a70-96fc-6eba30369688,2026-08-14 22:49:36.002902+00:00,BUSINESS_INSTITUTIONAL_SCREEN;UNIVERSAL_SEMANTIC_SCREEN,n711,n712;n720
seventeenth_share,seventeenth_share:E0091,rtc_4a4887ae84ec4ed69df5ee50c742191d,0f023a35-a219-4a70-96fc-6eba30369688,2026-08-14 22:49:53.122583+00:00,BUSINESS_INSTITUTIONAL_SCREEN;UNIVERSAL_SEMANTIC_SCREEN,n721;n723,n722;n724
seventeenth_share,seventeenth_share:E0092,rtc_4a4887ae84ec4ed69df5ee50c742191d,0f023a35-a219-4a70-96fc-6eba30369688,2026-08-14 22:51:03.949832+00:00,UNIVERSAL_SEMANTIC_SCREEN,n728,n729
seventeenth_share,seventeenth_share:E0093,rtc_4a4887ae84ec4ed69df5ee50c742191d,0f023a35-a219-4a70-96fc-6eba30369688,2026-08-14 22:51:21.639450+00:00,BUSINESS_INSTITUTIONAL_SCREEN;UNIVERSAL_SEMANTIC_SCREEN,n730,n731
seventeenth_share,seventeenth_share:E0094,rtc_4a4887ae84ec4ed69df5ee50c742191d,0f023a35-a219-4a70-96fc-6eba30369688,2026-08-14 22:51:33.992371+00:00,BUSINESS_INSTITUTIONAL_SCREEN;UNIVERSAL_SEMANTIC_SCREEN,n732;n734,n733;n735
seventeenth_share,seventeenth_share:E0095,rtc_4a4887ae84ec4ed69df5ee50c742191d,0f023a35-a219-4a70-96fc-6eba30369688,2026-08-14 22:51:58.472955+00:00,BUSINESS_INSTITUTIONAL_SCREEN;UNIVERSAL_SEMANTIC_SCREEN,n736,n737
seventeenth_share,seventeenth_share:E0096,rtc_4a4887ae84ec4ed69df5ee50c742191d,0f023a35-a219-4a70-96fc-6eba30369688,2026-08-14 22:53:09.340682+00:00,BUSINESS_INSTITUTIONAL_SCREEN;UNIVERSAL_SEMANTIC_SCREEN,n738,n744
seventeenth_share,seventeenth_share:E0097,rtc_4a4887ae84ec4ed69df5ee50c742191d,0f023a35-a219-4a70-96fc-6eba30369688,2026-08-14 22:53:20.239059+00:00,BUSINESS_INSTITUTIONAL_SCREEN,n745,n746
seventeenth_share,seventeenth_share:E0098,rtc_4a4887ae84ec4ed69df5ee50c742191d,0f023a35-a219-4a70-96fc-6eba30369688,2026-08-14 22:53:38.257914+00:00,UNIVERSAL_SEMANTIC_SCREEN,n747,n748
seventeenth_share,seventeenth_share:E0099,rtc_4a4887ae84ec4ed69df5ee50c742191d,0f023a35-a219-4a70-96fc-6eba30369688,2026-08-14 22:55:06.085201+00:00,UNIVERSAL_SEMANTIC_SCREEN,n753,ABSENT
seventeenth_share,seventeenth_share:E0100,rtc_4a4887ae84ec4ed69df5ee50c742191d,0f023a35-a219-4a70-96fc-6eba30369688,2026-08-14 22:56:50.027022+00:00,BUSINESS_INSTITUTIONAL_SCREEN;UNIVERSAL_SEMANTIC_SCREEN,n755,n756;n765
seventeenth_share,seventeenth_share:E0101,rtc_4a4887ae84ec4ed69df5ee50c742191d,0f023a35-a219-4a70-96fc-6eba30369688,2026-08-14 22:57:39.863918+00:00,BUSINESS_INSTITUTIONAL_SCREEN;UNIVERSAL_SEMANTIC_SCREEN,n766,n767;n770
seventeenth_share,seventeenth_share:E0102,rtc_4a4887ae84ec4ed69df5ee50c742191d,0f023a35-a219-4a70-96fc-6eba30369688,2026-08-14 22:58:05.028322+00:00,BUSINESS_INSTITUTIONAL_SCREEN,n771,n772
seventeenth_share,seventeenth_share:E0103,rtc_4a4887ae84ec4ed69df5ee50c742191d,0f023a35-a219-4a70-96fc-6eba30369688,2026-08-14 22:58:40.074280+00:00,UNIVERSAL_SEMANTIC_SCREEN,n773,ABSENT
seventeenth_share,seventeenth_share:E0104,rtc_4a4887ae84ec4ed69df5ee50c742191d,0f023a35-a219-4a70-96fc-6eba30369688,2026-08-14 23:00:54.036251+00:00,BUSINESS_INSTITUTIONAL_SCREEN;RTC_RULE_EPISODE;UNIVERSAL_SEMANTIC_SCREEN,n799;n803;n811,n804;n821
seventeenth_share,seventeenth_share:E0105,rtc_c605a2fe0cb3477f9098624a35c113c2,d98c3bdd-9d6c-4bf8-a4ec-2dd456952ef1,2026-08-14 23:07:39.349340+00:00,BUSINESS_INSTITUTIONAL_SCREEN;UNIVERSAL_SEMANTIC_SCREEN,n822;n830,n823;n829;n837
seventeenth_share,seventeenth_share:E0106,rtc_c605a2fe0cb3477f9098624a35c113c2,d98c3bdd-9d6c-4bf8-a4ec-2dd456952ef1,2026-08-14 23:09:14.828100+00:00,BUSINESS_INSTITUTIONAL_SCREEN;UNIVERSAL_SEMANTIC_SCREEN,n838,n839;n840
seventeenth_share,seventeenth_share:E0107,rtc_c605a2fe0cb3477f9098624a35c113c2,d98c3bdd-9d6c-4bf8-a4ec-2dd456952ef1,2026-08-14 23:10:49.363925+00:00,AO30_EVENT;BUSINESS_INSTITUTIONAL_SCREEN;UNIVERSAL_SEMANTIC_SCREEN,n843;n851;n855;n860;n867,n844;n850;n852;n858;n859;n865;n866;n871
seventeenth_share,seventeenth_share:E0108,rtc_c605a2fe0cb3477f9098624a35c113c2,d98c3bdd-9d6c-4bf8-a4ec-2dd456952ef1,2026-08-14 23:17:51.467904+00:00,BUSINESS_INSTITUTIONAL_SCREEN;UNIVERSAL_SEMANTIC_SCREEN,n872,n873;n876
seventeenth_share,seventeenth_share:E0109,rtc_c605a2fe0cb3477f9098624a35c113c2,d98c3bdd-9d6c-4bf8-a4ec-2dd456952ef1,2026-08-14 23:18:44.994746+00:00,BUSINESS_INSTITUTIONAL_SCREEN,n885,n886
seventeenth_share,seventeenth_share:E0110,rtc_c605a2fe0cb3477f9098624a35c113c2,d98c3bdd-9d6c-4bf8-a4ec-2dd456952ef1,2026-08-14 23:19:24.578203+00:00,BUSINESS_INSTITUTIONAL_SCREEN,n889,n890
seventeenth_share,seventeenth_share:E0111,rtc_c605a2fe0cb3477f9098624a35c113c2,d98c3bdd-9d6c-4bf8-a4ec-2dd456952ef1,2026-08-14 23:19:45.692356+00:00,UNIVERSAL_SEMANTIC_SCREEN,n891,n892;n893
seventeenth_share,seventeenth_share:E0112,rtc_c605a2fe0cb3477f9098624a35c113c2,d98c3bdd-9d6c-4bf8-a4ec-2dd456952ef1,2026-08-14 23:20:03.800179+00:00,BUSINESS_INSTITUTIONAL_SCREEN;UNIVERSAL_SEMANTIC_SCREEN,n894,n895
seventeenth_share,seventeenth_share:E0113,rtc_c605a2fe0cb3477f9098624a35c113c2,d98c3bdd-9d6c-4bf8-a4ec-2dd456952ef1,2026-08-14 23:20:15.346152+00:00,UNIVERSAL_SEMANTIC_SCREEN,n896,n897
seventeenth_share,seventeenth_share:E0114,rtc_c605a2fe0cb3477f9098624a35c113c2,d98c3bdd-9d6c-4bf8-a4ec-2dd456952ef1,2026-08-14 23:20:31.818397+00:00,BUSINESS_INSTITUTIONAL_SCREEN;RTC_RULE_EPISODE;UNIVERSAL_SEMANTIC_SCREEN,n900;n902;n906;n908;n914,n901;n907;n909;n912;n921
seventeenth_share,seventeenth_share:E0115,rtc_96329b7b24bb411fb1f3d078a4d41a99,a1d9e9c7-41b1-4dbf-b94d-9490c78190a5,2026-08-14 23:24:22.473794+00:00,BUSINESS_INSTITUTIONAL_SCREEN,n922,n925
seventh_share,seventh_share:E0001,rtc_1c504186e21c4dc38c153b372421c9c5,f320b30d-7d89-4adb-8ccf-9843e7751ecd,2026-08-15 11:34:29.054008+00:00,UNIVERSAL_SEMANTIC_SCREEN,n21,n22
seventh_share,seventh_share:E0002,rtc_1c504186e21c4dc38c153b372421c9c5,f320b30d-7d89-4adb-8ccf-9843e7751ecd,2026-08-15 11:34:37.996177+00:00,UNIVERSAL_SEMANTIC_SCREEN,n23,n24
seventh_share,seventh_share:E0003,rtc_1c504186e21c4dc38c153b372421c9c5,f320b30d-7d89-4adb-8ccf-9843e7751ecd,2026-08-15 11:36:28.808768+00:00,UNIVERSAL_SEMANTIC_SCREEN,n33,n36
seventh_share,seventh_share:E0004,rtc_1c504186e21c4dc38c153b372421c9c5,f320b30d-7d89-4adb-8ccf-9843e7751ecd,2026-08-15 11:36:41.623025+00:00,BUSINESS_INSTITUTIONAL_SCREEN,n37,n38
seventh_share,seventh_share:E0005,rtc_1c504186e21c4dc38c153b372421c9c5,f320b30d-7d89-4adb-8ccf-9843e7751ecd,2026-08-15 11:38:37.873207+00:00,BUSINESS_INSTITUTIONAL_SCREEN,n50,n51;n52
seventh_share,seventh_share:E0006,rtc_1c504186e21c4dc38c153b372421c9c5,f320b30d-7d89-4adb-8ccf-9843e7751ecd,2026-08-15 11:39:28.810654+00:00,BUSINESS_INSTITUTIONAL_SCREEN,n66,n67
seventh_share,seventh_share:E0007,rtc_1c504186e21c4dc38c153b372421c9c5,f320b30d-7d89-4adb-8ccf-9843e7751ecd,2026-08-15 11:39:56.846979+00:00,BUSINESS_INSTITUTIONAL_SCREEN,n68,n69
seventh_share,seventh_share:E0008,rtc_1c504186e21c4dc38c153b372421c9c5,f320b30d-7d89-4adb-8ccf-9843e7751ecd,2026-08-15 11:40:55.311465+00:00,BUSINESS_INSTITUTIONAL_SCREEN,n81,n84
seventh_share,seventh_share:E0009,rtc_1c504186e21c4dc38c153b372421c9c5,f320b30d-7d89-4adb-8ccf-9843e7751ecd,2026-08-15 11:41:14.371454+00:00,BUSINESS_INSTITUTIONAL_SCREEN;UNIVERSAL_SEMANTIC_SCREEN,n85,n86
seventh_share,seventh_share:E0011,rtc_1c504186e21c4dc38c153b372421c9c5,f320b30d-7d89-4adb-8ccf-9843e7751ecd,2026-08-15 11:41:32.169240+00:00,BUSINESS_INSTITUTIONAL_SCREEN;FROZEN_INFERENCE_OPPORTUNITY;UNIVERSAL_SEMANTIC_SCREEN,n90;n92;n97,n91;n93;n96;n98
seventh_share,seventh_share:E0010,rtc_1c504186e21c4dc38c153b372421c9c5,f320b30d-7d89-4adb-8ccf-9843e7751ecd,2026-08-15 11:41:32.417730+00:00,BUSINESS_INSTITUTIONAL_SCREEN;UNIVERSAL_SEMANTIC_SCREEN,n87,n88;n89
seventh_share,seventh_share:E0012,rtc_1c504186e21c4dc38c153b372421c9c5,f320b30d-7d89-4adb-8ccf-9843e7751ecd,2026-08-15 11:43:08.320824+00:00,BUSINESS_INSTITUTIONAL_SCREEN;UNIVERSAL_SEMANTIC_SCREEN,n99,n100;n103
seventh_share,seventh_share:E0013,rtc_1c504186e21c4dc38c153b372421c9c5,f320b30d-7d89-4adb-8ccf-9843e7751ecd,2026-08-15 11:43:16.472418+00:00,BUSINESS_INSTITUTIONAL_SCREEN,n104,n105
seventh_share,seventh_share:E0014,rtc_1c504186e21c4dc38c153b372421c9c5,f320b30d-7d89-4adb-8ccf-9843e7751ecd,2026-08-15 11:43:33.839246+00:00,BUSINESS_INSTITUTIONAL_SCREEN,n106,n107
seventh_share,seventh_share:E0015,rtc_1c504186e21c4dc38c153b372421c9c5,f320b30d-7d89-4adb-8ccf-9843e7751ecd,2026-08-15 11:44:31.886130+00:00,UNIVERSAL_SEMANTIC_SCREEN,n115,n116
seventh_share,seventh_share:E0016,rtc_1c504186e21c4dc38c153b372421c9c5,f320b30d-7d89-4adb-8ccf-9843e7751ecd,2026-08-15 11:45:26.528815+00:00,UNIVERSAL_SEMANTIC_SCREEN,n121,n122
seventh_share,seventh_share:E0017,rtc_1c504186e21c4dc38c153b372421c9c5,f320b30d-7d89-4adb-8ccf-9843e7751ecd,2026-08-15 11:47:48.884390+00:00,BUSINESS_INSTITUTIONAL_SCREEN;UNIVERSAL_SEMANTIC_SCREEN,n141,n142;n147
seventh_share,seventh_share:E0018,rtc_1c504186e21c4dc38c153b372421c9c5,f320b30d-7d89-4adb-8ccf-9843e7751ecd,2026-08-15 11:48:23.466548+00:00,UNIVERSAL_SEMANTIC_SCREEN,n152,n153
seventh_share,seventh_share:E0019,rtc_1c504186e21c4dc38c153b372421c9c5,f320b30d-7d89-4adb-8ccf-9843e7751ecd,2026-08-15 11:49:12.000280+00:00,BUSINESS_INSTITUTIONAL_SCREEN;UNIVERSAL_SEMANTIC_SCREEN,n154,n155;n158
seventh_share,seventh_share:E0020,rtc_1c504186e21c4dc38c153b372421c9c5,f320b30d-7d89-4adb-8ccf-9843e7751ecd,2026-08-15 11:49:46.531425+00:00,BUSINESS_INSTITUTIONAL_SCREEN,n164,n165
seventh_share,seventh_share:E0021,rtc_1c504186e21c4dc38c153b372421c9c5,f320b30d-7d89-4adb-8ccf-9843e7751ecd,2026-08-15 11:50:00.043601+00:00,BUSINESS_INSTITUTIONAL_SCREEN;UNIVERSAL_SEMANTIC_SCREEN,n166,n167
seventh_share,seventh_share:E0022,rtc_1c504186e21c4dc38c153b372421c9c5,f320b30d-7d89-4adb-8ccf-9843e7751ecd,2026-08-15 11:50:11.822191+00:00,BUSINESS_INSTITUTIONAL_SCREEN,n171,n172
seventh_share,seventh_share:E0023,rtc_1c504186e21c4dc38c153b372421c9c5,f320b30d-7d89-4adb-8ccf-9843e7751ecd,2026-08-15 11:50:55.199488+00:00,BUSINESS_INSTITUTIONAL_SCREEN;UNIVERSAL_SEMANTIC_SCREEN,n173,n176
seventh_share,seventh_share:E0024,rtc_1c504186e21c4dc38c153b372421c9c5,f320b30d-7d89-4adb-8ccf-9843e7751ecd,2026-08-15 11:53:34.095928+00:00,UNIVERSAL_SEMANTIC_SCREEN,n182,ABSENT
seventh_share,seventh_share:E0025,rtc_1c504186e21c4dc38c153b372421c9c5,f320b30d-7d89-4adb-8ccf-9843e7751ecd,2026-08-15 11:53:49.812550+00:00,UNIVERSAL_SEMANTIC_SCREEN,n184,ABSENT
seventh_share,seventh_share:E0026,rtc_1c504186e21c4dc38c153b372421c9c5,f320b30d-7d89-4adb-8ccf-9843e7751ecd,2026-08-15 11:53:50.747656+00:00,UNIVERSAL_SEMANTIC_SCREEN,n194,n197
seventh_share,seventh_share:E0027,rtc_1c504186e21c4dc38c153b372421c9c5,f320b30d-7d89-4adb-8ccf-9843e7751ecd,2026-08-15 11:54:55.198300+00:00,BUSINESS_INSTITUTIONAL_SCREEN;UNIVERSAL_SEMANTIC_SCREEN,n200,n201
seventh_share,seventh_share:E0028,rtc_1c504186e21c4dc38c153b372421c9c5,f320b30d-7d89-4adb-8ccf-9843e7751ecd,2026-08-15 11:57:49.025607+00:00,UNIVERSAL_SEMANTIC_SCREEN,n224,n225
seventh_share,seventh_share:E0029,rtc_1c504186e21c4dc38c153b372421c9c5,f320b30d-7d89-4adb-8ccf-9843e7751ecd,2026-08-15 11:59:02.139588+00:00,BUSINESS_INSTITUTIONAL_SCREEN;UNIVERSAL_SEMANTIC_SCREEN,n236,n237;n238
seventh_share,seventh_share:E0030,rtc_1c504186e21c4dc38c153b372421c9c5,f320b30d-7d89-4adb-8ccf-9843e7751ecd,2026-08-15 12:00:21.025442+00:00,UNIVERSAL_SEMANTIC_SCREEN,n247,n248
seventh_share,seventh_share:E0031,rtc_1c504186e21c4dc38c153b372421c9c5,f320b30d-7d89-4adb-8ccf-9843e7751ecd,2026-08-15 12:01:05.602540+00:00,UNIVERSAL_SEMANTIC_SCREEN,n251,n252
seventh_share,seventh_share:E0032,rtc_1c504186e21c4dc38c153b372421c9c5,f320b30d-7d89-4adb-8ccf-9843e7751ecd,2026-08-15 12:02:24.133396+00:00,UNIVERSAL_SEMANTIC_SCREEN,n260,n261
seventh_share,seventh_share:E0033,rtc_1c504186e21c4dc38c153b372421c9c5,f320b30d-7d89-4adb-8ccf-9843e7751ecd,2026-08-15 12:03:40.133335+00:00,BUSINESS_INSTITUTIONAL_SCREEN;UNIVERSAL_SEMANTIC_SCREEN,n264,n265
seventh_share,seventh_share:E0034,rtc_1c504186e21c4dc38c153b372421c9c5,f320b30d-7d89-4adb-8ccf-9843e7751ecd,2026-08-15 12:04:28.638157+00:00,BUSINESS_INSTITUTIONAL_SCREEN,n272,n273
seventh_share,seventh_share:E0035,rtc_1c504186e21c4dc38c153b372421c9c5,f320b30d-7d89-4adb-8ccf-9843e7751ecd,2026-08-15 12:04:44.573760+00:00,BUSINESS_INSTITUTIONAL_SCREEN,n274,n275
seventh_share,seventh_share:E0036,rtc_1c504186e21c4dc38c153b372421c9c5,f320b30d-7d89-4adb-8ccf-9843e7751ecd,2026-08-15 12:06:33.600127+00:00,BUSINESS_INSTITUTIONAL_SCREEN;UNIVERSAL_SEMANTIC_SCREEN,n286,n287
seventh_share,seventh_share:E0037,rtc_1c504186e21c4dc38c153b372421c9c5,f320b30d-7d89-4adb-8ccf-9843e7751ecd,2026-08-15 12:07:39.894737+00:00,BUSINESS_INSTITUTIONAL_SCREEN;UNIVERSAL_SEMANTIC_SCREEN,n288;n293,n289;n292;n294
seventh_share,seventh_share:E0038,rtc_1c504186e21c4dc38c153b372421c9c5,f320b30d-7d89-4adb-8ccf-9843e7751ecd,2026-08-15 12:08:43.077432+00:00,UNIVERSAL_SEMANTIC_SCREEN,n295,ABSENT
seventh_share,seventh_share:E0039,rtc_1c504186e21c4dc38c153b372421c9c5,f320b30d-7d89-4adb-8ccf-9843e7751ecd,2026-08-15 12:09:05.403808+00:00,BUSINESS_INSTITUTIONAL_SCREEN;UNIVERSAL_SEMANTIC_SCREEN,n300,n301;n304
seventh_share,seventh_share:E0040,rtc_1c504186e21c4dc38c153b372421c9c5,f320b30d-7d89-4adb-8ccf-9843e7751ecd,2026-08-15 12:09:50.833597+00:00,UNIVERSAL_SEMANTIC_SCREEN,n309,n310
seventh_share,seventh_share:E0041,rtc_1c504186e21c4dc38c153b372421c9c5,f320b30d-7d89-4adb-8ccf-9843e7751ecd,2026-08-15 12:10:14.452126+00:00,UNIVERSAL_SEMANTIC_SCREEN,n311,n315
seventh_share,seventh_share:E0042,rtc_1c504186e21c4dc38c153b372421c9c5,f320b30d-7d89-4adb-8ccf-9843e7751ecd,2026-08-15 12:13:08.365820+00:00,UNIVERSAL_SEMANTIC_SCREEN,n337,n338
seventh_share,seventh_share:E0043,rtc_1c504186e21c4dc38c153b372421c9c5,f320b30d-7d89-4adb-8ccf-9843e7751ecd,2026-08-15 12:13:49.388122+00:00,BUSINESS_INSTITUTIONAL_SCREEN;UNIVERSAL_SEMANTIC_SCREEN,n339,n340;n343
seventh_share,seventh_share:E0044,rtc_1c504186e21c4dc38c153b372421c9c5,f320b30d-7d89-4adb-8ccf-9843e7751ecd,2026-08-15 12:14:36.441891+00:00,BUSINESS_INSTITUTIONAL_SCREEN;UNIVERSAL_SEMANTIC_SCREEN,n344,n345;n348
seventh_share,seventh_share:E0045,rtc_1c504186e21c4dc38c153b372421c9c5,f320b30d-7d89-4adb-8ccf-9843e7751ecd,2026-08-15 12:15:51.418778+00:00,UNIVERSAL_SEMANTIC_SCREEN,n354,n358
seventh_share,seventh_share:E0046,rtc_1c504186e21c4dc38c153b372421c9c5,f320b30d-7d89-4adb-8ccf-9843e7751ecd,2026-08-15 12:17:14.722882+00:00,BUSINESS_INSTITUTIONAL_SCREEN;UNIVERSAL_SEMANTIC_SCREEN,n365,n366;n372
seventh_share,seventh_share:E0047,rtc_1c504186e21c4dc38c153b372421c9c5,f320b30d-7d89-4adb-8ccf-9843e7751ecd,2026-08-15 12:17:56.612289+00:00,UNIVERSAL_SEMANTIC_SCREEN,n373,n374
seventh_share,seventh_share:E0048,rtc_1c504186e21c4dc38c153b372421c9c5,f320b30d-7d89-4adb-8ccf-9843e7751ecd,2026-08-15 12:18:45.478990+00:00,UNIVERSAL_SEMANTIC_SCREEN,n381,n382
seventh_share,seventh_share:E0049,rtc_1c504186e21c4dc38c153b372421c9c5,f320b30d-7d89-4adb-8ccf-9843e7751ecd,2026-08-15 12:21:40.848731+00:00,BUSINESS_INSTITUTIONAL_SCREEN;FROZEN_INFERENCE_OPPORTUNITY,n396,n397
seventh_share,seventh_share:E0050,rtc_1c504186e21c4dc38c153b372421c9c5,f320b30d-7d89-4adb-8ccf-9843e7751ecd,2026-08-15 12:21:53.651112+00:00,BUSINESS_INSTITUTIONAL_SCREEN;UNIVERSAL_SEMANTIC_SCREEN,n398,n399
seventh_share,seventh_share:E0051,rtc_1c504186e21c4dc38c153b372421c9c5,f320b30d-7d89-4adb-8ccf-9843e7751ecd,2026-08-15 12:22:24.778588+00:00,BUSINESS_INSTITUTIONAL_SCREEN;UNIVERSAL_SEMANTIC_SCREEN,n400,n401
seventh_share,seventh_share:E0052,rtc_1c504186e21c4dc38c153b372421c9c5,f320b30d-7d89-4adb-8ccf-9843e7751ecd,2026-08-15 12:22:46.946883+00:00,BUSINESS_INSTITUTIONAL_SCREEN;UNIVERSAL_SEMANTIC_SCREEN,n402,n403
seventh_share,seventh_share:E0053,rtc_1c504186e21c4dc38c153b372421c9c5,f320b30d-7d89-4adb-8ccf-9843e7751ecd,2026-08-15 12:22:59.060226+00:00,BUSINESS_INSTITUTIONAL_SCREEN;FROZEN_INFERENCE_OPPORTUNITY;RTC_RULE_EPISODE;UNIVERSAL_SEMANTIC_SCREEN,n404;n408;n410;n414;n418;n430,n405;n409;n411;n415;n419;n423;n431
seventh_share,seventh_share:E0054,rtc_f607bb5acc5b485eaed6b195c99959b1,3acc5444-d49d-4ee2-80b6-e6cf13f48673,2026-08-15 12:29:15.214113+00:00,BUSINESS_INSTITUTIONAL_SCREEN;UNIVERSAL_SEMANTIC_SCREEN,n440,n444;n447
seventh_share,seventh_share:E0055,rtc_f607bb5acc5b485eaed6b195c99959b1,3acc5444-d49d-4ee2-80b6-e6cf13f48673,2026-08-15 12:30:11.414231+00:00,BUSINESS_INSTITUTIONAL_SCREEN;UNIVERSAL_SEMANTIC_SCREEN,n450,n451
seventh_share,seventh_share:E0056,rtc_f607bb5acc5b485eaed6b195c99959b1,3acc5444-d49d-4ee2-80b6-e6cf13f48673,2026-08-15 12:30:25.991839+00:00,BUSINESS_INSTITUTIONAL_SCREEN;UNIVERSAL_SEMANTIC_SCREEN,n452,n453
seventh_share,seventh_share:E0057,rtc_f607bb5acc5b485eaed6b195c99959b1,3acc5444-d49d-4ee2-80b6-e6cf13f48673,2026-08-15 12:30:38.864284+00:00,BUSINESS_INSTITUTIONAL_SCREEN;UNIVERSAL_SEMANTIC_SCREEN,n454;n456,n455;n457
seventh_share,seventh_share:E0058,rtc_f607bb5acc5b485eaed6b195c99959b1,3acc5444-d49d-4ee2-80b6-e6cf13f48673,2026-08-15 12:31:15.999731+00:00,BUSINESS_INSTITUTIONAL_SCREEN;UNIVERSAL_SEMANTIC_SCREEN,n458,n459;n460
seventh_share,seventh_share:E0059,rtc_f607bb5acc5b485eaed6b195c99959b1,3acc5444-d49d-4ee2-80b6-e6cf13f48673,2026-08-15 12:31:45.731526+00:00,UNIVERSAL_SEMANTIC_SCREEN,n461,n462
seventh_share,seventh_share:E0060,rtc_f607bb5acc5b485eaed6b195c99959b1,3acc5444-d49d-4ee2-80b6-e6cf13f48673,2026-08-15 12:32:11.546052+00:00,UNIVERSAL_SEMANTIC_SCREEN,n465,n466
seventh_share,seventh_share:E0061,rtc_f607bb5acc5b485eaed6b195c99959b1,3acc5444-d49d-4ee2-80b6-e6cf13f48673,2026-08-15 12:33:00.484953+00:00,BUSINESS_INSTITUTIONAL_SCREEN;UNIVERSAL_SEMANTIC_SCREEN,n469,n470
seventh_share,seventh_share:E0062,rtc_f607bb5acc5b485eaed6b195c99959b1,3acc5444-d49d-4ee2-80b6-e6cf13f48673,2026-08-15 12:33:37.415790+00:00,BUSINESS_INSTITUTIONAL_SCREEN;UNIVERSAL_SEMANTIC_SCREEN,n471,n472
seventh_share,seventh_share:E0063,rtc_f607bb5acc5b485eaed6b195c99959b1,3acc5444-d49d-4ee2-80b6-e6cf13f48673,2026-08-15 12:34:43.609524+00:00,BUSINESS_INSTITUTIONAL_SCREEN;UNIVERSAL_SEMANTIC_SCREEN,n479,n480
seventh_share,seventh_share:E0064,rtc_f607bb5acc5b485eaed6b195c99959b1,3acc5444-d49d-4ee2-80b6-e6cf13f48673,2026-08-15 12:35:10.212836+00:00,BUSINESS_INSTITUTIONAL_SCREEN,n481,n482
seventh_share,seventh_share:E0065,rtc_f607bb5acc5b485eaed6b195c99959b1,3acc5444-d49d-4ee2-80b6-e6cf13f48673,2026-08-15 12:37:38.445597+00:00,UNIVERSAL_SEMANTIC_SCREEN,n483,ABSENT
seventh_share,seventh_share:E0066,rtc_f607bb5acc5b485eaed6b195c99959b1,3acc5444-d49d-4ee2-80b6-e6cf13f48673,2026-08-15 12:38:06.446244+00:00,BUSINESS_INSTITUTIONAL_SCREEN;UNIVERSAL_SEMANTIC_SCREEN,n485,n486;n489
seventh_share,seventh_share:E0067,rtc_f607bb5acc5b485eaed6b195c99959b1,3acc5444-d49d-4ee2-80b6-e6cf13f48673,2026-08-15 12:38:16.175265+00:00,UNIVERSAL_SEMANTIC_SCREEN,n490,ABSENT
seventh_share,seventh_share:E0068,rtc_f607bb5acc5b485eaed6b195c99959b1,3acc5444-d49d-4ee2-80b6-e6cf13f48673,2026-08-15 12:38:42.423913+00:00,BUSINESS_INSTITUTIONAL_SCREEN,n495,n496
seventh_share,seventh_share:E0069,rtc_f607bb5acc5b485eaed6b195c99959b1,3acc5444-d49d-4ee2-80b6-e6cf13f48673,2026-08-15 12:39:06.423479+00:00,UNIVERSAL_SEMANTIC_SCREEN,n497,ABSENT
seventh_share,seventh_share:E0070,rtc_f607bb5acc5b485eaed6b195c99959b1,3acc5444-d49d-4ee2-80b6-e6cf13f48673,2026-08-15 12:39:36.597362+00:00,BUSINESS_INSTITUTIONAL_SCREEN,n503,n504;n507
seventh_share,seventh_share:E0071,rtc_f607bb5acc5b485eaed6b195c99959b1,3acc5444-d49d-4ee2-80b6-e6cf13f48673,2026-08-15 12:41:01.579766+00:00,BUSINESS_INSTITUTIONAL_SCREEN,n510,n511
seventh_share,seventh_share:E0072,rtc_f607bb5acc5b485eaed6b195c99959b1,3acc5444-d49d-4ee2-80b6-e6cf13f48673,2026-08-15 12:41:38.258428+00:00,BUSINESS_INSTITUTIONAL_SCREEN,n524,n525
seventh_share,seventh_share:E0073,rtc_f607bb5acc5b485eaed6b195c99959b1,3acc5444-d49d-4ee2-80b6-e6cf13f48673,2026-08-15 12:42:15.116249+00:00,UNIVERSAL_SEMANTIC_SCREEN,n528,n529
seventh_share,seventh_share:E0074,rtc_f607bb5acc5b485eaed6b195c99959b1,3acc5444-d49d-4ee2-80b6-e6cf13f48673,2026-08-15 12:42:43.195123+00:00,BUSINESS_INSTITUTIONAL_SCREEN,n530,n531
seventh_share,seventh_share:E0075,rtc_f607bb5acc5b485eaed6b195c99959b1,3acc5444-d49d-4ee2-80b6-e6cf13f48673,2026-08-15 12:43:44.603965+00:00,BUSINESS_INSTITUTIONAL_SCREEN,n539,n540
seventh_share,seventh_share:E0076,rtc_f607bb5acc5b485eaed6b195c99959b1,3acc5444-d49d-4ee2-80b6-e6cf13f48673,2026-08-15 12:44:03.434367+00:00,AO30_EVENT;BUSINESS_INSTITUTIONAL_SCREEN;REFUSAL_TO_INFER_SENSITIVITY_EVENT;UNIVERSAL_SEMANTIC_SCREEN,n541;n543;n553;n555;n559;n562;n566;n568,n542;n544;n554;n556;n560;n561;n563;n569;n575
seventh_share,seventh_share:E0077,rtc_f607bb5acc5b485eaed6b195c99959b1,3acc5444-d49d-4ee2-80b6-e6cf13f48673,2026-08-15 12:50:42.984981+00:00,BUSINESS_INSTITUTIONAL_SCREEN;UNIVERSAL_SEMANTIC_SCREEN,n576,n577
seventh_share,seventh_share:E0078,rtc_f607bb5acc5b485eaed6b195c99959b1,3acc5444-d49d-4ee2-80b6-e6cf13f48673,2026-08-15 12:51:35.780447+00:00,UNIVERSAL_SEMANTIC_SCREEN,n578,n579
seventh_share,seventh_share:E0079,rtc_f607bb5acc5b485eaed6b195c99959b1,3acc5444-d49d-4ee2-80b6-e6cf13f48673,2026-08-15 12:52:55.304702+00:00,UNIVERSAL_SEMANTIC_SCREEN,n586,n592
seventh_share,seventh_share:E0080,rtc_f607bb5acc5b485eaed6b195c99959b1,3acc5444-d49d-4ee2-80b6-e6cf13f48673,2026-08-15 12:53:33.237839+00:00,BUSINESS_INSTITUTIONAL_SCREEN;UNIVERSAL_SEMANTIC_SCREEN,n597,n598
seventh_share,seventh_share:E0081,rtc_f607bb5acc5b485eaed6b195c99959b1,3acc5444-d49d-4ee2-80b6-e6cf13f48673,2026-08-15 12:54:31.467101+00:00,UNIVERSAL_SEMANTIC_SCREEN,n606,ABSENT
seventh_share,seventh_share:E0082,rtc_f607bb5acc5b485eaed6b195c99959b1,3acc5444-d49d-4ee2-80b6-e6cf13f48673,2026-08-15 12:54:39.157315+00:00,UNIVERSAL_SEMANTIC_SCREEN,n608,ABSENT
seventh_share,seventh_share:E0083,rtc_f607bb5acc5b485eaed6b195c99959b1,3acc5444-d49d-4ee2-80b6-e6cf13f48673,2026-08-15 12:54:54.571602+00:00,BUSINESS_INSTITUTIONAL_SCREEN,n612,n613
seventh_share,seventh_share:E0084,rtc_f607bb5acc5b485eaed6b195c99959b1,3acc5444-d49d-4ee2-80b6-e6cf13f48673,2026-08-15 12:55:26.388241+00:00,BUSINESS_INSTITUTIONAL_SCREEN,n620,n621
seventh_share,seventh_share:E0085,rtc_f607bb5acc5b485eaed6b195c99959b1,3acc5444-d49d-4ee2-80b6-e6cf13f48673,2026-08-15 12:56:15.502503+00:00,BUSINESS_INSTITUTIONAL_SCREEN;FROZEN_INFERENCE_OPPORTUNITY,n622,n623;n627
seventh_share,seventh_share:E0086,rtc_f607bb5acc5b485eaed6b195c99959b1,3acc5444-d49d-4ee2-80b6-e6cf13f48673,2026-08-15 12:56:45.109555+00:00,BUSINESS_INSTITUTIONAL_SCREEN;UNIVERSAL_SEMANTIC_SCREEN,n628;n634,n629;n635
seventh_share,seventh_share:E0087,rtc_f607bb5acc5b485eaed6b195c99959b1,3acc5444-d49d-4ee2-80b6-e6cf13f48673,2026-08-15 12:58:12.772149+00:00,BUSINESS_INSTITUTIONAL_SCREEN;FROZEN_INFERENCE_OPPORTUNITY;RTC_RULE_EPISODE;UNIVERSAL_SEMANTIC_SCREEN,n648;n650;n652;n654;n656;n668;n678;n680,n649;n653;n655;n657;n669;n677;n679;n681
seventh_share,seventh_share:E0088,rtc_ab4678bee15b4276baf1124375c8e031,fa38c3ee-ff7d-4f2d-91ee-5ebede8df1bf,2026-08-15 13:03:38.365596+00:00,BUSINESS_INSTITUTIONAL_SCREEN;UNIVERSAL_SEMANTIC_SCREEN,n690,n691;n694
seventh_share,seventh_share:E0089,rtc_ab4678bee15b4276baf1124375c8e031,fa38c3ee-ff7d-4f2d-91ee-5ebede8df1bf,2026-08-15 13:04:29.015845+00:00,AGENCY_NEUTRAL_OPPORTUNITY;BUSINESS_INSTITUTIONAL_SCREEN;FROZEN_INFERENCE_OPPORTUNITY;RTC_RULE_EPISODE;UNIVERSAL_SEMANTIC_SCREEN,n702;n714;n720;n725;n727;n732,n703;n706;n719;n721;n726;n728;n731
seventh_share,seventh_share:E0090,rtc_6a22953b2d324c459eeffcfc966580f3,66672d68-eb3a-423c-912a-60903ca5e54d,2026-08-15 13:08:47.059195+00:00,BUSINESS_INSTITUTIONAL_SCREEN;UNIVERSAL_SEMANTIC_SCREEN,n746;n750,n749;n751
seventh_share,seventh_share:E0091,rtc_6a22953b2d324c459eeffcfc966580f3,66672d68-eb3a-423c-912a-60903ca5e54d,2026-08-15 13:10:16.905729+00:00,BUSINESS_INSTITUTIONAL_SCREEN;FROZEN_INFERENCE_OPPORTUNITY;UNIVERSAL_SEMANTIC_SCREEN,n752;n760,n753;n761
seventh_share,seventh_share:E0092,rtc_6a22953b2d324c459eeffcfc966580f3,66672d68-eb3a-423c-912a-60903ca5e54d,2026-08-15 13:11:06.716549+00:00,BUSINESS_INSTITUTIONAL_SCREEN;UNIVERSAL_SEMANTIC_SCREEN,n762,n763;n764;n765
seventh_share,seventh_share:E0093,rtc_6a22953b2d324c459eeffcfc966580f3,66672d68-eb3a-423c-912a-60903ca5e54d,2026-08-15 13:11:42.653264+00:00,BUSINESS_INSTITUTIONAL_SCREEN;RTC_RULE_EPISODE;UNIVERSAL_SEMANTIC_SCREEN,n766,n767
seventh_share,seventh_share:E0095,rtc_bc92acddd2bb4b78a0d8801126157f44,618d063c-7519-4078-a274-bb320a2a39ca,2026-08-15 13:12:50.773747+00:00,BUSINESS_INSTITUTIONAL_SCREEN;UNIVERSAL_SEMANTIC_SCREEN,n778,n779
seventh_share,seventh_share:E0094,rtc_bc92acddd2bb4b78a0d8801126157f44,618d063c-7519-4078-a274-bb320a2a39ca,2026-08-15 13:12:55.348730+00:00,BUSINESS_INSTITUTIONAL_SCREEN;UNIVERSAL_SEMANTIC_SCREEN,n774,n777
seventh_share,seventh_share:E0096,rtc_bc92acddd2bb4b78a0d8801126157f44,618d063c-7519-4078-a274-bb320a2a39ca,2026-08-15 13:13:04.112112+00:00,BUSINESS_INSTITUTIONAL_SCREEN;UNIVERSAL_SEMANTIC_SCREEN,n782,n783
seventh_share,seventh_share:E0097,rtc_bc92acddd2bb4b78a0d8801126157f44,618d063c-7519-4078-a274-bb320a2a39ca,2026-08-15 13:13:38.096649+00:00,BUSINESS_INSTITUTIONAL_SCREEN,n784,n785
seventh_share,seventh_share:E0098,rtc_bc92acddd2bb4b78a0d8801126157f44,618d063c-7519-4078-a274-bb320a2a39ca,2026-08-15 13:14:09.219011+00:00,BUSINESS_INSTITUTIONAL_SCREEN,n794,n795
seventh_share,seventh_share:E0099,rtc_bc92acddd2bb4b78a0d8801126157f44,618d063c-7519-4078-a274-bb320a2a39ca,2026-08-15 13:16:00.691553+00:00,BUSINESS_INSTITUTIONAL_SCREEN,n799,n800
seventh_share,seventh_share:E0100,rtc_bc92acddd2bb4b78a0d8801126157f44,618d063c-7519-4078-a274-bb320a2a39ca,2026-08-15 13:16:16.519259+00:00,BUSINESS_INSTITUTIONAL_SCREEN,n801,n802
seventh_share,seventh_share:E0101,rtc_bc92acddd2bb4b78a0d8801126157f44,618d063c-7519-4078-a274-bb320a2a39ca,2026-08-15 13:16:30.556919+00:00,BUSINESS_INSTITUTIONAL_SCREEN;FROZEN_INFERENCE_OPPORTUNITY;UNIVERSAL_SEMANTIC_SCREEN,n803;n805,n804;n806;n808;n810;n812;n814
seventh_share,seventh_share:E0102,rtc_bc92acddd2bb4b78a0d8801126157f44,618d063c-7519-4078-a274-bb320a2a39ca,2026-08-15 13:17:16.190057+00:00,UNIVERSAL_SEMANTIC_SCREEN,n815,n816
seventh_share,seventh_share:E0103,rtc_bc92acddd2bb4b78a0d8801126157f44,618d063c-7519-4078-a274-bb320a2a39ca,2026-08-15 13:17:53.627094+00:00,BUSINESS_INSTITUTIONAL_SCREEN;UNIVERSAL_SEMANTIC_SCREEN,n819,n822
seventh_share,seventh_share:E0104,rtc_bc92acddd2bb4b78a0d8801126157f44,618d063c-7519-4078-a274-bb320a2a39ca,2026-08-15 13:19:01.574603+00:00,UNIVERSAL_SEMANTIC_SCREEN,n825,n826
seventh_share,seventh_share:E0105,rtc_bc92acddd2bb4b78a0d8801126157f44,618d063c-7519-4078-a274-bb320a2a39ca,2026-08-15 13:19:22.321781+00:00,BUSINESS_INSTITUTIONAL_SCREEN;RTC_RULE_EPISODE;UNIVERSAL_SEMANTIC_SCREEN,n827;n830;n841,n828;n834;n838;n842
seventh_share,seventh_share:E0106,rtc_b4716960dd144c349161d83fd1dee7e9,af2dd43c-089f-4af0-b0fc-86f60abaaad2,2026-08-15 13:21:18.023598+00:00,BUSINESS_INSTITUTIONAL_SCREEN;UNIVERSAL_SEMANTIC_SCREEN,n845,n846;n852
seventh_share,seventh_share:E0107,rtc_b4716960dd144c349161d83fd1dee7e9,af2dd43c-089f-4af0-b0fc-86f60abaaad2,2026-08-15 13:21:44.482833+00:00,BUSINESS_INSTITUTIONAL_SCREEN;UNIVERSAL_SEMANTIC_SCREEN,n853,n854
seventh_share,seventh_share:E0108,rtc_b4716960dd144c349161d83fd1dee7e9,af2dd43c-089f-4af0-b0fc-86f60abaaad2,2026-08-15 13:22:02.490466+00:00,BUSINESS_INSTITUTIONAL_SCREEN;UNIVERSAL_SEMANTIC_SCREEN,n858,n859
seventh_share,seventh_share:E0109,rtc_b4716960dd144c349161d83fd1dee7e9,af2dd43c-089f-4af0-b0fc-86f60abaaad2,2026-08-15 13:22:13.162048+00:00,UNIVERSAL_SEMANTIC_SCREEN,n860,n861
seventh_share,seventh_share:E0110,rtc_b4716960dd144c349161d83fd1dee7e9,af2dd43c-089f-4af0-b0fc-86f60abaaad2,2026-08-15 13:22:57.340936+00:00,BUSINESS_INSTITUTIONAL_SCREEN,n867,n868
seventh_share,seventh_share:E0111,rtc_b4716960dd144c349161d83fd1dee7e9,af2dd43c-089f-4af0-b0fc-86f60abaaad2,2026-08-15 13:23:22.547350+00:00,BUSINESS_INSTITUTIONAL_SCREEN;UNIVERSAL_SEMANTIC_SCREEN,n869,n870
seventh_share,seventh_share:E0112,rtc_b4716960dd144c349161d83fd1dee7e9,af2dd43c-089f-4af0-b0fc-86f60abaaad2,2026-08-15 13:23:51.792742+00:00,BUSINESS_INSTITUTIONAL_SCREEN;CAPABILITY_TOOL_EVIDENCE_CLAIM;UNIVERSAL_SEMANTIC_SCREEN,n871,n872;n876
seventh_share,seventh_share:E0113,rtc_b4716960dd144c349161d83fd1dee7e9,af2dd43c-089f-4af0-b0fc-86f60abaaad2,2026-08-15 13:24:21.023624+00:00,UNIVERSAL_SEMANTIC_SCREEN,n879,n883
seventh_share,seventh_share:E0114,rtc_b4716960dd144c349161d83fd1dee7e9,af2dd43c-089f-4af0-b0fc-86f60abaaad2,2026-08-15 13:25:53.844867+00:00,BUSINESS_INSTITUTIONAL_SCREEN;UNIVERSAL_SEMANTIC_SCREEN,n894,n896;n901
seventh_share,seventh_share:E0115,rtc_b4716960dd144c349161d83fd1dee7e9,af2dd43c-089f-4af0-b0fc-86f60abaaad2,2026-08-15 13:26:58.644162+00:00,BUSINESS_INSTITUTIONAL_SCREEN;UNIVERSAL_SEMANTIC_SCREEN,n907,n908
seventh_share,seventh_share:E0116,rtc_b4716960dd144c349161d83fd1dee7e9,af2dd43c-089f-4af0-b0fc-86f60abaaad2,2026-08-15 13:27:52.769089+00:00,BUSINESS_INSTITUTIONAL_SCREEN;UNIVERSAL_SEMANTIC_SCREEN,n909,n910
seventh_share,seventh_share:E0117,rtc_b4716960dd144c349161d83fd1dee7e9,af2dd43c-089f-4af0-b0fc-86f60abaaad2,2026-08-15 13:28:13.984243+00:00,BUSINESS_INSTITUTIONAL_SCREEN,n916,n917
seventh_share,seventh_share:E0118,rtc_b4716960dd144c349161d83fd1dee7e9,af2dd43c-089f-4af0-b0fc-86f60abaaad2,2026-08-15 13:28:25.825807+00:00,BUSINESS_INSTITUTIONAL_SCREEN;CONFIRMED_CRITIQUE_BEFORE_COMPLETE_READING;UNIVERSAL_SEMANTIC_SCREEN,n918;n920;n933;n938;n943;n945;n950,n921;n932;n934;n937;n942;n944;n949;n954
seventh_share,seventh_share:E0119,rtc_b4716960dd144c349161d83fd1dee7e9,af2dd43c-089f-4af0-b0fc-86f60abaaad2,2026-08-15 13:32:00.171044+00:00,BUSINESS_INSTITUTIONAL_SCREEN;UNIVERSAL_SEMANTIC_SCREEN,n955,n956
seventh_share,seventh_share:E0120,rtc_b4716960dd144c349161d83fd1dee7e9,af2dd43c-089f-4af0-b0fc-86f60abaaad2,2026-08-15 13:32:02.867894+00:00,BUSINESS_INSTITUTIONAL_SCREEN;UNIVERSAL_SEMANTIC_SCREEN,n963,n964
seventh_share,seventh_share:E0121,rtc_b4716960dd144c349161d83fd1dee7e9,af2dd43c-089f-4af0-b0fc-86f60abaaad2,2026-08-15 13:32:23.629515+00:00,BUSINESS_INSTITUTIONAL_SCREEN,n965,n968
seventh_share,seventh_share:E0122,rtc_b4716960dd144c349161d83fd1dee7e9,af2dd43c-089f-4af0-b0fc-86f60abaaad2,2026-08-15 13:32:46.882474+00:00,BUSINESS_INSTITUTIONAL_SCREEN,n969,n970;n973
seventh_share,seventh_share:E0123,rtc_b4716960dd144c349161d83fd1dee7e9,af2dd43c-089f-4af0-b0fc-86f60abaaad2,2026-08-15 13:33:08.180884+00:00,BUSINESS_INSTITUTIONAL_SCREEN;UNIVERSAL_SEMANTIC_SCREEN,n974,n975
seventh_share,seventh_share:E0124,rtc_b4716960dd144c349161d83fd1dee7e9,af2dd43c-089f-4af0-b0fc-86f60abaaad2,2026-08-15 13:33:09.504725+00:00,BUSINESS_INSTITUTIONAL_SCREEN,n979,n980
seventh_share,seventh_share:E0125,rtc_b4716960dd144c349161d83fd1dee7e9,af2dd43c-089f-4af0-b0fc-86f60abaaad2,2026-08-15 13:33:22.455646+00:00,BUSINESS_INSTITUTIONAL_SCREEN;UNIVERSAL_SEMANTIC_SCREEN,n981,n982
seventh_share,seventh_share:E0126,rtc_b4716960dd144c349161d83fd1dee7e9,af2dd43c-089f-4af0-b0fc-86f60abaaad2,2026-08-15 13:34:01.624551+00:00,BUSINESS_INSTITUTIONAL_SCREEN;UNIVERSAL_SEMANTIC_SCREEN,n983,n984
seventh_share,seventh_share:E0127,rtc_b4716960dd144c349161d83fd1dee7e9,af2dd43c-089f-4af0-b0fc-86f60abaaad2,2026-08-15 13:34:14.912662+00:00,BUSINESS_INSTITUTIONAL_SCREEN,n988,n989
seventh_share,seventh_share:E0128,rtc_b4716960dd144c349161d83fd1dee7e9,af2dd43c-089f-4af0-b0fc-86f60abaaad2,2026-08-15 13:37:26.790766+00:00,BUSINESS_INSTITUTIONAL_SCREEN,n990,n991;n996
seventh_share,seventh_share:E0129,rtc_b4716960dd144c349161d83fd1dee7e9,af2dd43c-089f-4af0-b0fc-86f60abaaad2,2026-08-15 13:37:57.306329+00:00,BUSINESS_INSTITUTIONAL_SCREEN;UNIVERSAL_SEMANTIC_SCREEN,n997;n999,n998;n1000
seventh_share,seventh_share:E0130,rtc_b4716960dd144c349161d83fd1dee7e9,af2dd43c-089f-4af0-b0fc-86f60abaaad2,2026-08-15 13:38:53.756009+00:00,BUSINESS_INSTITUTIONAL_SCREEN,n1001,n1002
seventh_share,seventh_share:E0131,rtc_b4716960dd144c349161d83fd1dee7e9,af2dd43c-089f-4af0-b0fc-86f60abaaad2,2026-08-15 13:39:05.956227+00:00,BUSINESS_INSTITUTIONAL_SCREEN,n1003,n1004
seventh_share,seventh_share:E0132,rtc_b4716960dd144c349161d83fd1dee7e9,af2dd43c-089f-4af0-b0fc-86f60abaaad2,2026-08-15 13:39:50.290966+00:00,AO30_EVENT;BUSINESS_INSTITUTIONAL_SCREEN;UNIVERSAL_SEMANTIC_SCREEN,n1011;n1025,n1027;n1028
seventh_share,seventh_share:E0133,rtc_b4716960dd144c349161d83fd1dee7e9,af2dd43c-089f-4af0-b0fc-86f60abaaad2,2026-08-15 13:42:21.982344+00:00,BUSINESS_INSTITUTIONAL_SCREEN,n1033,n1034
seventh_share,seventh_share:E0134,rtc_b4716960dd144c349161d83fd1dee7e9,af2dd43c-089f-4af0-b0fc-86f60abaaad2,2026-08-15 13:43:12.928864+00:00,BUSINESS_INSTITUTIONAL_SCREEN;UNIVERSAL_SEMANTIC_SCREEN,n1037,n1038
seventh_share,seventh_share:E0135,rtc_b4716960dd144c349161d83fd1dee7e9,af2dd43c-089f-4af0-b0fc-86f60abaaad2,2026-08-15 13:43:23.016597+00:00,BUSINESS_INSTITUTIONAL_SCREEN,n1039,n1040
seventh_share,seventh_share:E0136,rtc_b4716960dd144c349161d83fd1dee7e9,af2dd43c-089f-4af0-b0fc-86f60abaaad2,2026-08-15 13:43:28.773871+00:00,BUSINESS_INSTITUTIONAL_SCREEN,n1041,n1042
seventh_share,seventh_share:E0137,rtc_b4716960dd144c349161d83fd1dee7e9,af2dd43c-089f-4af0-b0fc-86f60abaaad2,2026-08-15 13:43:33.142122+00:00,BUSINESS_INSTITUTIONAL_SCREEN;FROZEN_INFERENCE_OPPORTUNITY,n1045,n1046
seventh_share,seventh_share:E0138,rtc_b4716960dd144c349161d83fd1dee7e9,af2dd43c-089f-4af0-b0fc-86f60abaaad2,2026-08-15 13:43:57.096566+00:00,BUSINESS_INSTITUTIONAL_SCREEN,n1047,n1048
seventh_share,seventh_share:E0139,rtc_b4716960dd144c349161d83fd1dee7e9,af2dd43c-089f-4af0-b0fc-86f60abaaad2,2026-08-15 13:44:04.991503+00:00,BUSINESS_INSTITUTIONAL_SCREEN;UNIVERSAL_SEMANTIC_SCREEN,n1049,n1050
seventh_share,seventh_share:E0140,rtc_b4716960dd144c349161d83fd1dee7e9,af2dd43c-089f-4af0-b0fc-86f60abaaad2,2026-08-15 13:44:47.375060+00:00,BUSINESS_INSTITUTIONAL_SCREEN,n1059,n1060
seventh_share,seventh_share:E0141,rtc_b4716960dd144c349161d83fd1dee7e9,af2dd43c-089f-4af0-b0fc-86f60abaaad2,2026-08-15 13:46:58.638580+00:00,BUSINESS_INSTITUTIONAL_SCREEN;UNIVERSAL_SEMANTIC_SCREEN,n1067,n1068;n1072
seventh_share,seventh_share:E0142,rtc_b4716960dd144c349161d83fd1dee7e9,af2dd43c-089f-4af0-b0fc-86f60abaaad2,2026-08-15 13:47:35.505302+00:00,BUSINESS_INSTITUTIONAL_SCREEN;UNIVERSAL_SEMANTIC_SCREEN,n1073,n1074
seventh_share,seventh_share:E0143,rtc_b4716960dd144c349161d83fd1dee7e9,af2dd43c-089f-4af0-b0fc-86f60abaaad2,2026-08-15 13:47:40.275701+00:00,BUSINESS_INSTITUTIONAL_SCREEN,n1075,n1076
seventh_share,seventh_share:E0144,rtc_b4716960dd144c349161d83fd1dee7e9,af2dd43c-089f-4af0-b0fc-86f60abaaad2,2026-08-15 13:48:04.201207+00:00,BUSINESS_INSTITUTIONAL_SCREEN;UNIVERSAL_SEMANTIC_SCREEN,n1085,n1086;n1093
seventh_share,seventh_share:E0145,rtc_b4716960dd144c349161d83fd1dee7e9,af2dd43c-089f-4af0-b0fc-86f60abaaad2,2026-08-15 13:49:03.842887+00:00,UNIVERSAL_SEMANTIC_SCREEN,n1094,n1095
seventh_share,seventh_share:E0146,rtc_b4716960dd144c349161d83fd1dee7e9,af2dd43c-089f-4af0-b0fc-86f60abaaad2,2026-08-15 13:50:03.320218+00:00,UNIVERSAL_SEMANTIC_SCREEN,n1100,n1101
seventh_share,seventh_share:E0147,rtc_b4716960dd144c349161d83fd1dee7e9,af2dd43c-089f-4af0-b0fc-86f60abaaad2,2026-08-15 13:50:21.162668+00:00,BUSINESS_INSTITUTIONAL_SCREEN,n1102,n1103
seventh_share,seventh_share:E0148,rtc_b4716960dd144c349161d83fd1dee7e9,af2dd43c-089f-4af0-b0fc-86f60abaaad2,2026-08-15 13:51:05.327115+00:00,UNIVERSAL_SEMANTIC_SCREEN,n1108,n1109
seventh_share,seventh_share:E0149,rtc_b4716960dd144c349161d83fd1dee7e9,af2dd43c-089f-4af0-b0fc-86f60abaaad2,2026-08-15 13:51:31.685110+00:00,BUSINESS_INSTITUTIONAL_SCREEN;UNIVERSAL_SEMANTIC_SCREEN,n1110,n1111
seventh_share,seventh_share:E0150,rtc_b4716960dd144c349161d83fd1dee7e9,af2dd43c-089f-4af0-b0fc-86f60abaaad2,2026-08-15 13:51:46.562124+00:00,BUSINESS_INSTITUTIONAL_SCREEN,n1112,n1113
seventh_share,seventh_share:E0151,rtc_b4716960dd144c349161d83fd1dee7e9,af2dd43c-089f-4af0-b0fc-86f60abaaad2,2026-08-15 13:51:56.662688+00:00,UNIVERSAL_SEMANTIC_SCREEN,n1114,n1115
seventh_share,seventh_share:E0152,rtc_b4716960dd144c349161d83fd1dee7e9,af2dd43c-089f-4af0-b0fc-86f60abaaad2,2026-08-15 13:53:38.318514+00:00,BUSINESS_INSTITUTIONAL_SCREEN;UNIVERSAL_SEMANTIC_SCREEN,n1122,n1123
seventh_share,seventh_share:E0154,rtc_b4716960dd144c349161d83fd1dee7e9,af2dd43c-089f-4af0-b0fc-86f60abaaad2,2026-08-15 13:54:33.575595+00:00,BUSINESS_INSTITUTIONAL_SCREEN,n1135,n1136;n1137
seventh_share,seventh_share:E0153,rtc_b4716960dd144c349161d83fd1dee7e9,af2dd43c-089f-4af0-b0fc-86f60abaaad2,2026-08-15 13:54:35.509464+00:00,BUSINESS_INSTITUTIONAL_SCREEN;UNIVERSAL_SEMANTIC_SCREEN,n1128,n1129;n1134
seventh_share,seventh_share:E0155,rtc_b4716960dd144c349161d83fd1dee7e9,af2dd43c-089f-4af0-b0fc-86f60abaaad2,2026-08-15 13:55:32.812237+00:00,BUSINESS_INSTITUTIONAL_SCREEN;UNIVERSAL_SEMANTIC_SCREEN,n1140,n1141
seventh_share,seventh_share:E0156,rtc_b4716960dd144c349161d83fd1dee7e9,af2dd43c-089f-4af0-b0fc-86f60abaaad2,2026-08-15 13:55:52.213547+00:00,BUSINESS_INSTITUTIONAL_SCREEN;UNIVERSAL_SEMANTIC_SCREEN,n1142,n1143
seventh_share,seventh_share:E0157,rtc_b4716960dd144c349161d83fd1dee7e9,af2dd43c-089f-4af0-b0fc-86f60abaaad2,2026-08-15 13:56:18.750467+00:00,BUSINESS_INSTITUTIONAL_SCREEN;UNIVERSAL_SEMANTIC_SCREEN,n1144,n1145
seventh_share,seventh_share:E0158,rtc_b4716960dd144c349161d83fd1dee7e9,af2dd43c-089f-4af0-b0fc-86f60abaaad2,2026-08-15 13:57:02.565775+00:00,UNIVERSAL_SEMANTIC_SCREEN,n1150,n1151
seventh_share,seventh_share:E0159,rtc_b4716960dd144c349161d83fd1dee7e9,af2dd43c-089f-4af0-b0fc-86f60abaaad2,2026-08-15 13:57:12.853730+00:00,UNIVERSAL_SEMANTIC_SCREEN,n1152,ABSENT
seventh_share,seventh_share:E0160,rtc_b4716960dd144c349161d83fd1dee7e9,af2dd43c-089f-4af0-b0fc-86f60abaaad2,2026-08-15 13:57:46.439988+00:00,BUSINESS_INSTITUTIONAL_SCREEN,n1154,n1155;n1163
seventh_share,seventh_share:E0161,rtc_b4716960dd144c349161d83fd1dee7e9,af2dd43c-089f-4af0-b0fc-86f60abaaad2,2026-08-15 13:58:54.867627+00:00,UNIVERSAL_SEMANTIC_SCREEN,n1166,n1167
seventh_share,seventh_share:E0162,rtc_b4716960dd144c349161d83fd1dee7e9,af2dd43c-089f-4af0-b0fc-86f60abaaad2,2026-08-15 13:59:13.185419+00:00,UNIVERSAL_SEMANTIC_SCREEN,n1168,n1169
seventh_share,seventh_share:E0163,rtc_b4716960dd144c349161d83fd1dee7e9,af2dd43c-089f-4af0-b0fc-86f60abaaad2,2026-08-15 14:00:57.945686+00:00,BUSINESS_INSTITUTIONAL_SCREEN;UNIVERSAL_SEMANTIC_SCREEN,n1174,n1175;n1183
seventh_share,seventh_share:E0164,rtc_b4716960dd144c349161d83fd1dee7e9,af2dd43c-089f-4af0-b0fc-86f60abaaad2,2026-08-15 14:01:49.439130+00:00,BUSINESS_INSTITUTIONAL_SCREEN;UNIVERSAL_SEMANTIC_SCREEN,n1186,n1187
seventh_share,seventh_share:E0165,rtc_b4716960dd144c349161d83fd1dee7e9,af2dd43c-089f-4af0-b0fc-86f60abaaad2,2026-08-15 14:02:09.324145+00:00,UNIVERSAL_SEMANTIC_SCREEN,n1188,n1189
seventh_share,seventh_share:E0166,rtc_b4716960dd144c349161d83fd1dee7e9,af2dd43c-089f-4af0-b0fc-86f60abaaad2,2026-08-15 14:02:58.625630+00:00,BUSINESS_INSTITUTIONAL_SCREEN;UNIVERSAL_SEMANTIC_SCREEN,n1192,n1197
seventh_share,seventh_share:E0167,rtc_b4716960dd144c349161d83fd1dee7e9,af2dd43c-089f-4af0-b0fc-86f60abaaad2,2026-08-15 14:04:34.468472+00:00,UNIVERSAL_SEMANTIC_SCREEN,n1204,ABSENT
seventh_share,seventh_share:E0168,rtc_b4716960dd144c349161d83fd1dee7e9,af2dd43c-089f-4af0-b0fc-86f60abaaad2,2026-08-15 14:04:51.112513+00:00,UNIVERSAL_SEMANTIC_SCREEN,n1214,n1215
seventh_share,seventh_share:E0169,rtc_b4716960dd144c349161d83fd1dee7e9,af2dd43c-089f-4af0-b0fc-86f60abaaad2,2026-08-15 14:05:29.644616+00:00,BUSINESS_INSTITUTIONAL_SCREEN,n1218,n1219
seventh_share,seventh_share:E0170,rtc_b4716960dd144c349161d83fd1dee7e9,af2dd43c-089f-4af0-b0fc-86f60abaaad2,2026-08-15 14:05:41.197027+00:00,UNIVERSAL_SEMANTIC_SCREEN,n1220,n1221
seventh_share,seventh_share:E0171,rtc_b4716960dd144c349161d83fd1dee7e9,af2dd43c-089f-4af0-b0fc-86f60abaaad2,2026-08-15 14:06:21.696934+00:00,BUSINESS_INSTITUTIONAL_SCREEN,n1224,n1225
seventh_share,seventh_share:E0172,rtc_b4716960dd144c349161d83fd1dee7e9,af2dd43c-089f-4af0-b0fc-86f60abaaad2,2026-08-15 14:06:23.466950+00:00,UNIVERSAL_SEMANTIC_SCREEN,n1230,n1232
seventh_share,seventh_share:E0173,rtc_b4716960dd144c349161d83fd1dee7e9,af2dd43c-089f-4af0-b0fc-86f60abaaad2,2026-08-15 14:06:58.745877+00:00,BUSINESS_INSTITUTIONAL_SCREEN;UNIVERSAL_SEMANTIC_SCREEN,n1240,n1241
seventh_share,seventh_share:E0174,rtc_b4716960dd144c349161d83fd1dee7e9,af2dd43c-089f-4af0-b0fc-86f60abaaad2,2026-08-15 14:07:31.486438+00:00,BUSINESS_INSTITUTIONAL_SCREEN,n1246,n1247;n1252
seventh_share,seventh_share:E0175,rtc_b4716960dd144c349161d83fd1dee7e9,af2dd43c-089f-4af0-b0fc-86f60abaaad2,2026-08-15 14:08:03.782924+00:00,BUSINESS_INSTITUTIONAL_SCREEN,n1259,n1260
seventh_share,seventh_share:E0176,rtc_b4716960dd144c349161d83fd1dee7e9,af2dd43c-089f-4af0-b0fc-86f60abaaad2,2026-08-15 14:08:18.570441+00:00,UNIVERSAL_SEMANTIC_SCREEN,n1261,ABSENT
seventh_share,seventh_share:E0177,rtc_b4716960dd144c349161d83fd1dee7e9,af2dd43c-089f-4af0-b0fc-86f60abaaad2,2026-08-15 14:08:52.815147+00:00,UNIVERSAL_SEMANTIC_SCREEN,n1263,ABSENT
seventh_share,seventh_share:E0178,rtc_b4716960dd144c349161d83fd1dee7e9,af2dd43c-089f-4af0-b0fc-86f60abaaad2,2026-08-15 14:09:30.026059+00:00,BUSINESS_INSTITUTIONAL_SCREEN,n1275,n1276
seventh_share,seventh_share:E0179,rtc_b4716960dd144c349161d83fd1dee7e9,af2dd43c-089f-4af0-b0fc-86f60abaaad2,2026-08-15 14:09:32.038771+00:00,BUSINESS_INSTITUTIONAL_SCREEN;UNIVERSAL_SEMANTIC_SCREEN,n1280,n1281
seventh_share,seventh_share:E0180,rtc_b4716960dd144c349161d83fd1dee7e9,af2dd43c-089f-4af0-b0fc-86f60abaaad2,2026-08-15 14:09:54.577665+00:00,BUSINESS_INSTITUTIONAL_SCREEN;UNIVERSAL_SEMANTIC_SCREEN,n1282;n1284,n1283;n1285
seventh_share,seventh_share:E0181,rtc_b4716960dd144c349161d83fd1dee7e9,af2dd43c-089f-4af0-b0fc-86f60abaaad2,2026-08-15 14:10:39.461487+00:00,BUSINESS_INSTITUTIONAL_SCREEN,n1286,n1287
seventh_share,seventh_share:E0182,rtc_b4716960dd144c349161d83fd1dee7e9,af2dd43c-089f-4af0-b0fc-86f60abaaad2,2026-08-15 14:11:17.369962+00:00,BUSINESS_INSTITUTIONAL_SCREEN,n1288,n1289;n1292
seventh_share,seventh_share:E0183,rtc_b4716960dd144c349161d83fd1dee7e9,af2dd43c-089f-4af0-b0fc-86f60abaaad2,2026-08-15 14:12:13.775732+00:00,AGENCY_NEUTRAL_OPPORTUNITY;BUSINESS_INSTITUTIONAL_SCREEN;FROZEN_INFERENCE_OPPORTUNITY;RTC_RULE_EPISODE;UNIVERSAL_SEMANTIC_SCREEN,n1295;n1303;n1310;n1312;n1317;n1324;n1326;n1342;n1346,n1296;n1304;n1309;n1311;n1316;n1318;n1323;n1325;n1327;n1332;n1339;n1341;n1343;n1345;n1347
seventh_share,seventh_share:E0184,rtc_d76a7459513844cfb7e191829e1a19d9,46ca0fec-43d9-4519-b885-6b71cfd7aba1,2026-08-15 14:20:49.485477+00:00,BUSINESS_INSTITUTIONAL_SCREEN;UNIVERSAL_SEMANTIC_SCREEN,n1350,n1351
seventh_share,seventh_share:E0185,rtc_d76a7459513844cfb7e191829e1a19d9,46ca0fec-43d9-4519-b885-6b71cfd7aba1,2026-08-15 14:21:34.661970+00:00,BUSINESS_INSTITUTIONAL_SCREEN;FROZEN_INFERENCE_OPPORTUNITY;UNIVERSAL_SEMANTIC_SCREEN,n1352,n1353;n1356
seventh_share,seventh_share:E0186,rtc_d76a7459513844cfb7e191829e1a19d9,46ca0fec-43d9-4519-b885-6b71cfd7aba1,2026-08-15 14:22:13.141510+00:00,BUSINESS_INSTITUTIONAL_SCREEN;FROZEN_INFERENCE_OPPORTUNITY;UNIVERSAL_SEMANTIC_SCREEN,n1359,n1360
seventh_share,seventh_share:E0187,rtc_d76a7459513844cfb7e191829e1a19d9,46ca0fec-43d9-4519-b885-6b71cfd7aba1,2026-08-15 14:23:23.226550+00:00,BUSINESS_INSTITUTIONAL_SCREEN;UNIVERSAL_SEMANTIC_SCREEN,n1365,n1366
seventh_share,seventh_share:E0188,rtc_d76a7459513844cfb7e191829e1a19d9,46ca0fec-43d9-4519-b885-6b71cfd7aba1,2026-08-15 14:23:31.479435+00:00,BUSINESS_INSTITUTIONAL_SCREEN,n1367,n1368
seventh_share,seventh_share:E0189,rtc_d76a7459513844cfb7e191829e1a19d9,46ca0fec-43d9-4519-b885-6b71cfd7aba1,2026-08-15 14:23:41.791373+00:00,BUSINESS_INSTITUTIONAL_SCREEN,n1369,n1370
seventh_share,seventh_share:E0190,rtc_d76a7459513844cfb7e191829e1a19d9,46ca0fec-43d9-4519-b885-6b71cfd7aba1,2026-08-15 14:23:59.386185+00:00,BUSINESS_INSTITUTIONAL_SCREEN,n1371,n1372
seventh_share,seventh_share:E0191,rtc_d76a7459513844cfb7e191829e1a19d9,46ca0fec-43d9-4519-b885-6b71cfd7aba1,2026-08-15 14:24:38.791500+00:00,BUSINESS_INSTITUTIONAL_SCREEN;UNIVERSAL_SEMANTIC_SCREEN,n1377,n1378
seventh_share,seventh_share:E0192,rtc_d76a7459513844cfb7e191829e1a19d9,46ca0fec-43d9-4519-b885-6b71cfd7aba1,2026-08-15 14:24:45.192083+00:00,UNIVERSAL_SEMANTIC_SCREEN,n1379,n1380
seventh_share,seventh_share:E0193,rtc_d76a7459513844cfb7e191829e1a19d9,46ca0fec-43d9-4519-b885-6b71cfd7aba1,2026-08-15 14:25:27.084789+00:00,BUSINESS_INSTITUTIONAL_SCREEN;UNIVERSAL_SEMANTIC_SCREEN,n1381,n1382
seventh_share,seventh_share:E0194,rtc_d76a7459513844cfb7e191829e1a19d9,46ca0fec-43d9-4519-b885-6b71cfd7aba1,2026-08-15 14:26:03.038476+00:00,BUSINESS_INSTITUTIONAL_SCREEN,n1383,n1384
seventh_share,seventh_share:E0195,rtc_d76a7459513844cfb7e191829e1a19d9,46ca0fec-43d9-4519-b885-6b71cfd7aba1,2026-08-15 14:26:32.876186+00:00,BUSINESS_INSTITUTIONAL_SCREEN,n1385,n1386
seventh_share,seventh_share:E0196,rtc_d76a7459513844cfb7e191829e1a19d9,46ca0fec-43d9-4519-b885-6b71cfd7aba1,2026-08-15 14:26:56.630892+00:00,UNIVERSAL_SEMANTIC_SCREEN,n1389,n1390
seventh_share,seventh_share:E0197,rtc_d76a7459513844cfb7e191829e1a19d9,46ca0fec-43d9-4519-b885-6b71cfd7aba1,2026-08-15 14:27:49.185114+00:00,BUSINESS_INSTITUTIONAL_SCREEN,n1391,n1392;n1395
seventh_share,seventh_share:E0198,rtc_d76a7459513844cfb7e191829e1a19d9,46ca0fec-43d9-4519-b885-6b71cfd7aba1,2026-08-15 14:28:38.985945+00:00,BUSINESS_INSTITUTIONAL_SCREEN;UNIVERSAL_SEMANTIC_SCREEN,n1398,n1399;n1402
seventh_share,seventh_share:E0199,rtc_d76a7459513844cfb7e191829e1a19d9,46ca0fec-43d9-4519-b885-6b71cfd7aba1,2026-08-15 14:29:25.960215+00:00,BUSINESS_INSTITUTIONAL_SCREEN;UNIVERSAL_SEMANTIC_SCREEN,n1403,n1404
seventh_share,seventh_share:E0200,rtc_d76a7459513844cfb7e191829e1a19d9,46ca0fec-43d9-4519-b885-6b71cfd7aba1,2026-08-15 14:30:22.472258+00:00,UNIVERSAL_SEMANTIC_SCREEN,n1407,n1408
seventh_share,seventh_share:E0201,rtc_d76a7459513844cfb7e191829e1a19d9,46ca0fec-43d9-4519-b885-6b71cfd7aba1,2026-08-15 14:31:19.095214+00:00,BUSINESS_INSTITUTIONAL_SCREEN;UNIVERSAL_SEMANTIC_SCREEN,n1413;n1415;n1417,n1414;n1416;n1418
seventh_share,seventh_share:E0202,rtc_d76a7459513844cfb7e191829e1a19d9,46ca0fec-43d9-4519-b885-6b71cfd7aba1,2026-08-15 14:32:47.311104+00:00,UNIVERSAL_SEMANTIC_SCREEN,n1421,n1422
seventh_share,seventh_share:E0203,rtc_d76a7459513844cfb7e191829e1a19d9,46ca0fec-43d9-4519-b885-6b71cfd7aba1,2026-08-15 14:33:49.923955+00:00,BUSINESS_INSTITUTIONAL_SCREEN;UNIVERSAL_SEMANTIC_SCREEN,n1427,n1428;n1432;n1433
seventh_share,seventh_share:E0204,rtc_d76a7459513844cfb7e191829e1a19d9,46ca0fec-43d9-4519-b885-6b71cfd7aba1,2026-08-15 14:35:30.478910+00:00,UNIVERSAL_SEMANTIC_SCREEN,n1438,n1439
seventh_share,seventh_share:E0205,rtc_d76a7459513844cfb7e191829e1a19d9,46ca0fec-43d9-4519-b885-6b71cfd7aba1,2026-08-15 14:37:36.053667+00:00,BUSINESS_INSTITUTIONAL_SCREEN;UNIVERSAL_SEMANTIC_SCREEN,n1440,n1441;n1444
seventh_share,seventh_share:E0206,rtc_d76a7459513844cfb7e191829e1a19d9,46ca0fec-43d9-4519-b885-6b71cfd7aba1,2026-08-15 14:38:40.874296+00:00,BUSINESS_INSTITUTIONAL_SCREEN;UNIVERSAL_SEMANTIC_SCREEN,n1445,n1446;n1449
seventh_share,seventh_share:E0207,rtc_d76a7459513844cfb7e191829e1a19d9,46ca0fec-43d9-4519-b885-6b71cfd7aba1,2026-08-15 14:39:38.251556+00:00,BUSINESS_INSTITUTIONAL_SCREEN;UNIVERSAL_SEMANTIC_SCREEN,n1450,n1451
seventh_share,seventh_share:E0208,rtc_d76a7459513844cfb7e191829e1a19d9,46ca0fec-43d9-4519-b885-6b71cfd7aba1,2026-08-15 14:39:59.186819+00:00,BUSINESS_INSTITUTIONAL_SCREEN,n1455,n1456;n1459
seventh_share,seventh_share:E0209,rtc_d76a7459513844cfb7e191829e1a19d9,46ca0fec-43d9-4519-b885-6b71cfd7aba1,2026-08-15 14:40:32.702391+00:00,BUSINESS_INSTITUTIONAL_SCREEN;FROZEN_INFERENCE_OPPORTUNITY;UNIVERSAL_SEMANTIC_SCREEN,n1460,n1461
seventh_share,seventh_share:E0210,rtc_d76a7459513844cfb7e191829e1a19d9,46ca0fec-43d9-4519-b885-6b71cfd7aba1,2026-08-15 14:41:32.296371+00:00,BUSINESS_INSTITUTIONAL_SCREEN;UNIVERSAL_SEMANTIC_SCREEN,n1462,n1463
seventh_share,seventh_share:E0211,rtc_d76a7459513844cfb7e191829e1a19d9,46ca0fec-43d9-4519-b885-6b71cfd7aba1,2026-08-15 14:41:54.492414+00:00,BUSINESS_INSTITUTIONAL_SCREEN,n1464,n1465
seventh_share,seventh_share:E0212,rtc_d76a7459513844cfb7e191829e1a19d9,46ca0fec-43d9-4519-b885-6b71cfd7aba1,2026-08-15 14:42:07.885549+00:00,BUSINESS_INSTITUTIONAL_SCREEN;FROZEN_INFERENCE_OPPORTUNITY;UNIVERSAL_SEMANTIC_SCREEN,n1466,n1467
seventh_share,seventh_share:E0213,rtc_d76a7459513844cfb7e191829e1a19d9,46ca0fec-43d9-4519-b885-6b71cfd7aba1,2026-08-15 14:42:27.073498+00:00,UNIVERSAL_SEMANTIC_SCREEN,n1468,n1469
seventh_share,seventh_share:E0214,rtc_d76a7459513844cfb7e191829e1a19d9,46ca0fec-43d9-4519-b885-6b71cfd7aba1,2026-08-15 14:42:58.077108+00:00,BUSINESS_INSTITUTIONAL_SCREEN;UNIVERSAL_SEMANTIC_SCREEN,n1470,n1471
seventh_share,seventh_share:E0215,rtc_d76a7459513844cfb7e191829e1a19d9,46ca0fec-43d9-4519-b885-6b71cfd7aba1,2026-08-15 14:44:14.830808+00:00,BUSINESS_INSTITUTIONAL_SCREEN;UNIVERSAL_SEMANTIC_SCREEN,n1472,n1473
seventh_share,seventh_share:E0216,rtc_d76a7459513844cfb7e191829e1a19d9,46ca0fec-43d9-4519-b885-6b71cfd7aba1,2026-08-15 14:46:30.863618+00:00,BUSINESS_INSTITUTIONAL_SCREEN;UNIVERSAL_SEMANTIC_SCREEN,n1482;n1484,n1483;n1485
seventh_share,seventh_share:E0217,rtc_d76a7459513844cfb7e191829e1a19d9,46ca0fec-43d9-4519-b885-6b71cfd7aba1,2026-08-15 14:49:14.301941+00:00,BUSINESS_INSTITUTIONAL_SCREEN;UNIVERSAL_SEMANTIC_SCREEN,n1486,n1487;n1492
seventh_share,seventh_share:E0218,rtc_d76a7459513844cfb7e191829e1a19d9,46ca0fec-43d9-4519-b885-6b71cfd7aba1,2026-08-15 14:50:37.976354+00:00,BUSINESS_INSTITUTIONAL_SCREEN;UNIVERSAL_SEMANTIC_SCREEN,n1495;n1500,n1496;n1499;n1504
seventh_share,seventh_share:E0219,rtc_d76a7459513844cfb7e191829e1a19d9,46ca0fec-43d9-4519-b885-6b71cfd7aba1,2026-08-15 14:53:36.988001+00:00,BUSINESS_INSTITUTIONAL_SCREEN,n1505,n1506;n1509
seventh_share,seventh_share:E0220,rtc_d76a7459513844cfb7e191829e1a19d9,46ca0fec-43d9-4519-b885-6b71cfd7aba1,2026-08-15 14:57:49.740915+00:00,BUSINESS_INSTITUTIONAL_SCREEN;UNIVERSAL_SEMANTIC_SCREEN,n1517;n1522;n1528,n1518;n1521;n1527;n1534
seventh_share,seventh_share:E0221,rtc_d76a7459513844cfb7e191829e1a19d9,46ca0fec-43d9-4519-b885-6b71cfd7aba1,2026-08-15 15:01:03.994694+00:00,UNIVERSAL_SEMANTIC_SCREEN,n1535,ABSENT
seventh_share,seventh_share:E0222,rtc_d76a7459513844cfb7e191829e1a19d9,46ca0fec-43d9-4519-b885-6b71cfd7aba1,2026-08-15 15:02:19.470568+00:00,UNIVERSAL_SEMANTIC_SCREEN,n1542,n1546
seventh_share,seventh_share:E0223,rtc_d76a7459513844cfb7e191829e1a19d9,46ca0fec-43d9-4519-b885-6b71cfd7aba1,2026-08-15 15:02:29.913993+00:00,UNIVERSAL_SEMANTIC_SCREEN,n1547,ABSENT
seventh_share,seventh_share:E0224,rtc_d76a7459513844cfb7e191829e1a19d9,46ca0fec-43d9-4519-b885-6b71cfd7aba1,2026-08-15 15:02:45.295238+00:00,BUSINESS_INSTITUTIONAL_SCREEN;UNIVERSAL_SEMANTIC_SCREEN,n1550,n1551;n1555
seventh_share,seventh_share:E0225,rtc_d76a7459513844cfb7e191829e1a19d9,46ca0fec-43d9-4519-b885-6b71cfd7aba1,2026-08-15 15:03:58.155055+00:00,UNIVERSAL_SEMANTIC_SCREEN,n1556,n1557
seventh_share,seventh_share:E0226,rtc_d76a7459513844cfb7e191829e1a19d9,46ca0fec-43d9-4519-b885-6b71cfd7aba1,2026-08-15 15:04:46.412444+00:00,BUSINESS_INSTITUTIONAL_SCREEN;UNIVERSAL_SEMANTIC_SCREEN,n1558,n1559
seventh_share,seventh_share:E0227,rtc_d76a7459513844cfb7e191829e1a19d9,46ca0fec-43d9-4519-b885-6b71cfd7aba1,2026-08-15 15:05:11.918476+00:00,BUSINESS_INSTITUTIONAL_SCREEN;UNIVERSAL_SEMANTIC_SCREEN,n1560,n1561
seventh_share,seventh_share:E0228,rtc_d76a7459513844cfb7e191829e1a19d9,46ca0fec-43d9-4519-b885-6b71cfd7aba1,2026-08-15 15:06:19.733292+00:00,BUSINESS_INSTITUTIONAL_SCREEN;UNIVERSAL_SEMANTIC_SCREEN,n1562;n1564,n1563;n1565
seventh_share,seventh_share:E0229,rtc_d76a7459513844cfb7e191829e1a19d9,46ca0fec-43d9-4519-b885-6b71cfd7aba1,2026-08-15 15:07:30.237463+00:00,UNIVERSAL_SEMANTIC_SCREEN,n1568,n1569
seventh_share,seventh_share:E0230,rtc_d76a7459513844cfb7e191829e1a19d9,46ca0fec-43d9-4519-b885-6b71cfd7aba1,2026-08-15 15:08:34.563553+00:00,BUSINESS_INSTITUTIONAL_SCREEN;UNIVERSAL_SEMANTIC_SCREEN,n1574;n1579,n1575;n1578;n1580
seventh_share,seventh_share:E0231,rtc_d76a7459513844cfb7e191829e1a19d9,46ca0fec-43d9-4519-b885-6b71cfd7aba1,2026-08-15 15:09:48.496017+00:00,BUSINESS_INSTITUTIONAL_SCREEN;UNIVERSAL_SEMANTIC_SCREEN,n1581,n1582
seventh_share,seventh_share:E0232,rtc_d76a7459513844cfb7e191829e1a19d9,46ca0fec-43d9-4519-b885-6b71cfd7aba1,2026-08-15 15:09:56.332919+00:00,BUSINESS_INSTITUTIONAL_SCREEN;UNIVERSAL_SEMANTIC_SCREEN,n1583,n1584
seventh_share,seventh_share:E0233,rtc_d76a7459513844cfb7e191829e1a19d9,46ca0fec-43d9-4519-b885-6b71cfd7aba1,2026-08-15 15:10:27.387674+00:00,BUSINESS_INSTITUTIONAL_SCREEN,n1585,n1586;n1589
seventh_share,seventh_share:E0234,rtc_d76a7459513844cfb7e191829e1a19d9,46ca0fec-43d9-4519-b885-6b71cfd7aba1,2026-08-15 15:12:32.864204+00:00,BUSINESS_INSTITUTIONAL_SCREEN;UNIVERSAL_SEMANTIC_SCREEN,n1598,n1599;n1604
seventh_share,seventh_share:E0235,rtc_d76a7459513844cfb7e191829e1a19d9,46ca0fec-43d9-4519-b885-6b71cfd7aba1,2026-08-15 15:13:28.019309+00:00,BUSINESS_INSTITUTIONAL_SCREEN;UNIVERSAL_SEMANTIC_SCREEN,n1605,n1606;n1612
seventh_share,seventh_share:E0236,rtc_d76a7459513844cfb7e191829e1a19d9,46ca0fec-43d9-4519-b885-6b71cfd7aba1,2026-08-15 15:13:44.841687+00:00,BUSINESS_INSTITUTIONAL_SCREEN,n1613,n1614
seventh_share,seventh_share:E0237,rtc_d76a7459513844cfb7e191829e1a19d9,46ca0fec-43d9-4519-b885-6b71cfd7aba1,2026-08-15 15:13:59.752370+00:00,UNIVERSAL_SEMANTIC_SCREEN,n1615,n1616
seventh_share,seventh_share:E0238,rtc_d76a7459513844cfb7e191829e1a19d9,46ca0fec-43d9-4519-b885-6b71cfd7aba1,2026-08-15 15:14:14.491154+00:00,BUSINESS_INSTITUTIONAL_SCREEN,n1617,n1618
seventh_share,seventh_share:E0239,rtc_d76a7459513844cfb7e191829e1a19d9,46ca0fec-43d9-4519-b885-6b71cfd7aba1,2026-08-15 15:14:26.338127+00:00,BUSINESS_INSTITUTIONAL_SCREEN,n1619,n1620
seventh_share,seventh_share:E0240,rtc_d76a7459513844cfb7e191829e1a19d9,46ca0fec-43d9-4519-b885-6b71cfd7aba1,2026-08-15 15:14:51.406714+00:00,BUSINESS_INSTITUTIONAL_SCREEN;UNIVERSAL_SEMANTIC_SCREEN,n1621,n1622
seventh_share,seventh_share:E0241,rtc_d76a7459513844cfb7e191829e1a19d9,46ca0fec-43d9-4519-b885-6b71cfd7aba1,2026-08-15 15:15:29.075226+00:00,BUSINESS_INSTITUTIONAL_SCREEN;UNIVERSAL_SEMANTIC_SCREEN,n1625,n1626;n1629
seventh_share,seventh_share:E0242,rtc_d76a7459513844cfb7e191829e1a19d9,46ca0fec-43d9-4519-b885-6b71cfd7aba1,2026-08-15 15:15:33.859771+00:00,BUSINESS_INSTITUTIONAL_SCREEN;UNIVERSAL_SEMANTIC_SCREEN,n1630,n1631
seventh_share,seventh_share:E0243,rtc_d76a7459513844cfb7e191829e1a19d9,46ca0fec-43d9-4519-b885-6b71cfd7aba1,2026-08-15 15:15:56.558827+00:00,BUSINESS_INSTITUTIONAL_SCREEN,n1632,n1633
seventh_share,seventh_share:E0244,rtc_d76a7459513844cfb7e191829e1a19d9,46ca0fec-43d9-4519-b885-6b71cfd7aba1,2026-08-15 15:18:40.067302+00:00,BUSINESS_INSTITUTIONAL_SCREEN;UNIVERSAL_SEMANTIC_SCREEN,n1640;n1642,n1641;n1646
seventh_share,seventh_share:E0245,rtc_d76a7459513844cfb7e191829e1a19d9,46ca0fec-43d9-4519-b885-6b71cfd7aba1,2026-08-15 15:19:47.531570+00:00,BUSINESS_INSTITUTIONAL_SCREEN;FROZEN_INFERENCE_OPPORTUNITY;UNIVERSAL_SEMANTIC_SCREEN,n1647,n1648
seventh_share,seventh_share:E0246,rtc_d76a7459513844cfb7e191829e1a19d9,46ca0fec-43d9-4519-b885-6b71cfd7aba1,2026-08-15 15:20:35.400321+00:00,BUSINESS_INSTITUTIONAL_SCREEN;UNIVERSAL_SEMANTIC_SCREEN,n1651,n1652
seventh_share,seventh_share:E0247,rtc_d76a7459513844cfb7e191829e1a19d9,46ca0fec-43d9-4519-b885-6b71cfd7aba1,2026-08-15 15:22:29.650594+00:00,BUSINESS_INSTITUTIONAL_SCREEN;UNIVERSAL_SEMANTIC_SCREEN,n1653,n1654;n1657
seventh_share,seventh_share:E0248,rtc_d76a7459513844cfb7e191829e1a19d9,46ca0fec-43d9-4519-b885-6b71cfd7aba1,2026-08-15 15:22:59.122893+00:00,UNIVERSAL_SEMANTIC_SCREEN,n1658,n1659
seventh_share,seventh_share:E0249,rtc_d76a7459513844cfb7e191829e1a19d9,46ca0fec-43d9-4519-b885-6b71cfd7aba1,2026-08-15 15:23:38.464761+00:00,BUSINESS_INSTITUTIONAL_SCREEN;UNIVERSAL_SEMANTIC_SCREEN,n1660,n1661
seventh_share,seventh_share:E0250,rtc_d76a7459513844cfb7e191829e1a19d9,46ca0fec-43d9-4519-b885-6b71cfd7aba1,2026-08-15 15:24:21.208507+00:00,UNIVERSAL_SEMANTIC_SCREEN,n1664,n1665
seventh_share,seventh_share:E0251,rtc_d76a7459513844cfb7e191829e1a19d9,46ca0fec-43d9-4519-b885-6b71cfd7aba1,2026-08-15 15:25:20.065899+00:00,BUSINESS_INSTITUTIONAL_SCREEN,n1670,n1671
seventh_share,seventh_share:E0252,rtc_d76a7459513844cfb7e191829e1a19d9,46ca0fec-43d9-4519-b885-6b71cfd7aba1,2026-08-15 15:25:51.897603+00:00,BUSINESS_INSTITUTIONAL_SCREEN;UNIVERSAL_SEMANTIC_SCREEN,n1674,n1675;n1678
seventh_share,seventh_share:E0253,rtc_d76a7459513844cfb7e191829e1a19d9,46ca0fec-43d9-4519-b885-6b71cfd7aba1,2026-08-15 15:26:44.063823+00:00,BUSINESS_INSTITUTIONAL_SCREEN;UNIVERSAL_SEMANTIC_SCREEN,n1683,n1684
seventh_share,seventh_share:E0254,rtc_d76a7459513844cfb7e191829e1a19d9,46ca0fec-43d9-4519-b885-6b71cfd7aba1,2026-08-15 15:27:17.972209+00:00,UNIVERSAL_SEMANTIC_SCREEN,n1685,n1686
seventh_share,seventh_share:E0255,rtc_d76a7459513844cfb7e191829e1a19d9,46ca0fec-43d9-4519-b885-6b71cfd7aba1,2026-08-15 15:29:18.976180+00:00,AO30_EVENT;BUSINESS_INSTITUTIONAL_SCREEN;FROZEN_INFERENCE_OPPORTUNITY;UNIVERSAL_SEMANTIC_SCREEN,n1691;n1702;n1708;n1712,n1692;n1695;n1703;n1709;n1713;n1714
seventh_share,seventh_share:E0256,rtc_d76a7459513844cfb7e191829e1a19d9,46ca0fec-43d9-4519-b885-6b71cfd7aba1,2026-08-15 15:33:49.991403+00:00,BUSINESS_INSTITUTIONAL_SCREEN;FROZEN_INFERENCE_OPPORTUNITY;UNIVERSAL_SEMANTIC_SCREEN,n1723;n1725,n1724;n1726
seventh_share,seventh_share:E0258,rtc_d76a7459513844cfb7e191829e1a19d9,46ca0fec-43d9-4519-b885-6b71cfd7aba1,2026-08-15 15:34:30.524770+00:00,BUSINESS_INSTITUTIONAL_SCREEN,n1729,n1730;n1734
seventh_share,seventh_share:E0257,rtc_d76a7459513844cfb7e191829e1a19d9,46ca0fec-43d9-4519-b885-6b71cfd7aba1,2026-08-15 15:34:34.369312+00:00,UNIVERSAL_SEMANTIC_SCREEN,n1727,n1728
seventh_share,seventh_share:E0259,rtc_d76a7459513844cfb7e191829e1a19d9,46ca0fec-43d9-4519-b885-6b71cfd7aba1,2026-08-15 15:36:28.359311+00:00,BUSINESS_INSTITUTIONAL_SCREEN,n1737,n1738;n1741
seventh_share,seventh_share:E0261,rtc_d76a7459513844cfb7e191829e1a19d9,46ca0fec-43d9-4519-b885-6b71cfd7aba1,2026-08-15 15:37:25.458863+00:00,BUSINESS_INSTITUTIONAL_SCREEN,n1754,n1755
seventh_share,seventh_share:E0260,rtc_d76a7459513844cfb7e191829e1a19d9,46ca0fec-43d9-4519-b885-6b71cfd7aba1,2026-08-15 15:37:28.588030+00:00,BUSINESS_INSTITUTIONAL_SCREEN,n1752,n1753
seventh_share,seventh_share:E0262,rtc_d76a7459513844cfb7e191829e1a19d9,46ca0fec-43d9-4519-b885-6b71cfd7aba1,2026-08-15 15:37:51.920012+00:00,UNIVERSAL_SEMANTIC_SCREEN,n1756,n1757
seventh_share,seventh_share:E0263,rtc_d76a7459513844cfb7e191829e1a19d9,46ca0fec-43d9-4519-b885-6b71cfd7aba1,2026-08-15 15:38:15.590937+00:00,UNIVERSAL_SEMANTIC_SCREEN,n1760,n1761
seventh_share,seventh_share:E0264,rtc_d76a7459513844cfb7e191829e1a19d9,46ca0fec-43d9-4519-b885-6b71cfd7aba1,2026-08-15 15:38:26.503369+00:00,UNIVERSAL_SEMANTIC_SCREEN,n1764,n1765
seventh_share,seventh_share:E0265,rtc_d76a7459513844cfb7e191829e1a19d9,46ca0fec-43d9-4519-b885-6b71cfd7aba1,2026-08-15 15:39:17.673222+00:00,BUSINESS_INSTITUTIONAL_SCREEN,n1772,n1773
seventh_share,seventh_share:E0266,rtc_d76a7459513844cfb7e191829e1a19d9,46ca0fec-43d9-4519-b885-6b71cfd7aba1,2026-08-15 15:40:13.989581+00:00,BUSINESS_INSTITUTIONAL_SCREEN,n1786,n1787
seventh_share,seventh_share:E0267,rtc_d76a7459513844cfb7e191829e1a19d9,46ca0fec-43d9-4519-b885-6b71cfd7aba1,2026-08-15 15:42:40.551575+00:00,UNIVERSAL_SEMANTIC_SCREEN,n1816,n1817
seventh_share,seventh_share:E0268,rtc_d76a7459513844cfb7e191829e1a19d9,46ca0fec-43d9-4519-b885-6b71cfd7aba1,2026-08-15 15:44:12.816854+00:00,BUSINESS_INSTITUTIONAL_SCREEN,n1818,n1819;n1822
seventh_share,seventh_share:E0269,rtc_d76a7459513844cfb7e191829e1a19d9,46ca0fec-43d9-4519-b885-6b71cfd7aba1,2026-08-15 15:44:28.285740+00:00,BUSINESS_INSTITUTIONAL_SCREEN,n1823,n1824
seventh_share,seventh_share:E0270,rtc_d76a7459513844cfb7e191829e1a19d9,46ca0fec-43d9-4519-b885-6b71cfd7aba1,2026-08-15 15:45:25.648613+00:00,BUSINESS_INSTITUTIONAL_SCREEN,n1828,n1829;n1839
seventh_share,seventh_share:E0271,rtc_d76a7459513844cfb7e191829e1a19d9,46ca0fec-43d9-4519-b885-6b71cfd7aba1,2026-08-15 15:47:27.297509+00:00,BUSINESS_INSTITUTIONAL_SCREEN;UNIVERSAL_SEMANTIC_SCREEN,n1848,n1849;n1852
seventh_share,seventh_share:E0272,rtc_d76a7459513844cfb7e191829e1a19d9,46ca0fec-43d9-4519-b885-6b71cfd7aba1,2026-08-15 15:47:50.927773+00:00,BUSINESS_INSTITUTIONAL_SCREEN,n1855,n1856
seventh_share,seventh_share:E0273,rtc_d76a7459513844cfb7e191829e1a19d9,46ca0fec-43d9-4519-b885-6b71cfd7aba1,2026-08-15 15:48:49.092961+00:00,BUSINESS_INSTITUTIONAL_SCREEN,n1857,n1858;n1866
seventh_share,seventh_share:E0274,rtc_d76a7459513844cfb7e191829e1a19d9,46ca0fec-43d9-4519-b885-6b71cfd7aba1,2026-08-15 15:49:22.874567+00:00,AO30_EVENT;BUSINESS_INSTITUTIONAL_SCREEN;UNIVERSAL_SEMANTIC_SCREEN,n1867;n1872;n1879;n1883,n1868;n1871;n1873;n1882;n1886;n1887
seventh_share,seventh_share:E0275,rtc_d76a7459513844cfb7e191829e1a19d9,46ca0fec-43d9-4519-b885-6b71cfd7aba1,2026-08-15 16:02:20.602631+00:00,AO30_EVENT;BUSINESS_INSTITUTIONAL_SCREEN;UNIVERSAL_SEMANTIC_SCREEN,n1954;n1960,n1955;n1961;n1962;n1963;n1964
seventh_share,seventh_share:E0276,rtc_d76a7459513844cfb7e191829e1a19d9,46ca0fec-43d9-4519-b885-6b71cfd7aba1,2026-08-15 16:19:00.211698+00:00,RTC_RULE_EPISODE;UNIVERSAL_SEMANTIC_SCREEN,n1975;n1977;n1979;n1981;n1983;n1989,n1966;n1974;n1995;n2002
seventh_share,seventh_share:E0277,rtc_949c126f53694242b25b8372cb85ad15,27a2abd4-e822-4ee5-aa05-2da7c37d40e0,2026-08-15 16:23:34.159773+00:00,AO30_EVENT;BUSINESS_INSTITUTIONAL_SCREEN,n2005;n2021;n2030,n2006;n2022;n2023;n2031;n2032;n2033;n2034
seventh_share,seventh_share:E0278,rtc_949c126f53694242b25b8372cb85ad15,27a2abd4-e822-4ee5-aa05-2da7c37d40e0,2026-08-15 17:04:54.004526+00:00,AGENCY_NEUTRAL_OPPORTUNITY;AO30_EVENT;BUSINESS_INSTITUTIONAL_SCREEN;FROZEN_INFERENCE_OPPORTUNITY;RTC_RULE_EPISODE;UNIVERSAL_SEMANTIC_SCREEN,n2040;n2058;n2073;n2078;n2083;n2088;n2093,n2041;n2042;n2043;n2053;n2059;n2062;n2063;n2072;n2074;n2077;n2079;n2082;n2084;n2087;n2089;n2092;n2097
seventh_share,seventh_share:E0279,rtc_82044b89e0ba40a8a44836d066980909,2926e79a-7012-485d-b255-f27621f44152,2026-08-15 17:14:39.993645+00:00,BUSINESS_INSTITUTIONAL_SCREEN,n2098,n2099
seventh_share,seventh_share:E0280,rtc_82044b89e0ba40a8a44836d066980909,2926e79a-7012-485d-b255-f27621f44152,2026-08-15 17:15:17.869709+00:00,BUSINESS_INSTITUTIONAL_SCREEN,n2102,n2103
seventh_share,seventh_share:E0281,rtc_82044b89e0ba40a8a44836d066980909,2926e79a-7012-485d-b255-f27621f44152,2026-08-15 17:15:42.611501+00:00,AGENCY_NEUTRAL_OPPORTUNITY;BUSINESS_INSTITUTIONAL_SCREEN;FROZEN_INFERENCE_OPPORTUNITY,n2104,n2105;n2108
seventh_share,seventh_share:E0282,rtc_82044b89e0ba40a8a44836d066980909,2926e79a-7012-485d-b255-f27621f44152,2026-08-15 17:16:08.234796+00:00,BUSINESS_INSTITUTIONAL_SCREEN,n2109,n2110;n2113
seventh_share,seventh_share:E0283,rtc_82044b89e0ba40a8a44836d066980909,2926e79a-7012-485d-b255-f27621f44152,2026-08-15 17:16:37.860256+00:00,BUSINESS_INSTITUTIONAL_SCREEN,n2114,n2115;n2118
seventh_share,seventh_share:E0285,rtc_82044b89e0ba40a8a44836d066980909,2926e79a-7012-485d-b255-f27621f44152,2026-08-15 17:17:11.763919+00:00,BUSINESS_INSTITUTIONAL_SCREEN;UNIVERSAL_SEMANTIC_SCREEN,n2124;n2129,n2125;n2128;n2133
seventh_share,seventh_share:E0284,rtc_82044b89e0ba40a8a44836d066980909,2926e79a-7012-485d-b255-f27621f44152,2026-08-15 17:17:12.565570+00:00,BUSINESS_INSTITUTIONAL_SCREEN,n2119,n2120;n2123
seventh_share,seventh_share:E0286,rtc_82044b89e0ba40a8a44836d066980909,2926e79a-7012-485d-b255-f27621f44152,2026-08-15 17:19:14.654853+00:00,BUSINESS_INSTITUTIONAL_SCREEN;UNIVERSAL_SEMANTIC_SCREEN,n2134,n2135;n2138
seventh_share,seventh_share:E0287,rtc_82044b89e0ba40a8a44836d066980909,2926e79a-7012-485d-b255-f27621f44152,2026-08-15 17:21:00.479941+00:00,BUSINESS_INSTITUTIONAL_SCREEN;UNIVERSAL_SEMANTIC_SCREEN,n2146,n2147
seventh_share,seventh_share:E0288,rtc_82044b89e0ba40a8a44836d066980909,2926e79a-7012-485d-b255-f27621f44152,2026-08-15 17:21:38.158550+00:00,BUSINESS_INSTITUTIONAL_SCREEN,n2149,n2150;n2153
seventh_share,seventh_share:E0289,rtc_82044b89e0ba40a8a44836d066980909,2926e79a-7012-485d-b255-f27621f44152,2026-08-15 17:22:38.775505+00:00,BUSINESS_INSTITUTIONAL_SCREEN,n2154,n2155;n2158
seventh_share,seventh_share:E0290,rtc_82044b89e0ba40a8a44836d066980909,2926e79a-7012-485d-b255-f27621f44152,2026-08-15 17:23:03.077770+00:00,BUSINESS_INSTITUTIONAL_SCREEN,n2159,n2160
seventh_share,seventh_share:E0291,rtc_82044b89e0ba40a8a44836d066980909,2926e79a-7012-485d-b255-f27621f44152,2026-08-15 17:24:07.532155+00:00,BUSINESS_INSTITUTIONAL_SCREEN,n2161,n2162;n2165
seventh_share,seventh_share:E0292,rtc_82044b89e0ba40a8a44836d066980909,2926e79a-7012-485d-b255-f27621f44152,2026-08-15 17:24:57.712954+00:00,BUSINESS_INSTITUTIONAL_SCREEN,n2166,n2167;n2170
seventh_share,seventh_share:E0293,rtc_82044b89e0ba40a8a44836d066980909,2926e79a-7012-485d-b255-f27621f44152,2026-08-15 17:25:35.493001+00:00,BUSINESS_INSTITUTIONAL_SCREEN;FROZEN_INFERENCE_OPPORTUNITY;UNIVERSAL_SEMANTIC_SCREEN,n2171,n2172;n2175
seventh_share,seventh_share:E0294,rtc_82044b89e0ba40a8a44836d066980909,2926e79a-7012-485d-b255-f27621f44152,2026-08-15 17:26:12.867704+00:00,BUSINESS_INSTITUTIONAL_SCREEN,n2176,n2177;n2180
seventh_share,seventh_share:E0295,rtc_82044b89e0ba40a8a44836d066980909,2926e79a-7012-485d-b255-f27621f44152,2026-08-15 17:26:28.119551+00:00,BUSINESS_INSTITUTIONAL_SCREEN,n2181,n2182
seventh_share,seventh_share:E0296,rtc_82044b89e0ba40a8a44836d066980909,2926e79a-7012-485d-b255-f27621f44152,2026-08-15 17:27:13.744947+00:00,BUSINESS_INSTITUTIONAL_SCREEN,n2188,n2189;n2192
seventh_share,seventh_share:E0297,rtc_82044b89e0ba40a8a44836d066980909,2926e79a-7012-485d-b255-f27621f44152,2026-08-15 17:31:22.988517+00:00,BUSINESS_INSTITUTIONAL_SCREEN,n2193,n2194;n2197
seventh_share,seventh_share:E0298,rtc_82044b89e0ba40a8a44836d066980909,2926e79a-7012-485d-b255-f27621f44152,2026-08-15 17:32:06.904730+00:00,BUSINESS_INSTITUTIONAL_SCREEN;UNIVERSAL_SEMANTIC_SCREEN,n2198,n2199;n2202
seventh_share,seventh_share:E0299,rtc_82044b89e0ba40a8a44836d066980909,2926e79a-7012-485d-b255-f27621f44152,2026-08-15 17:34:16.913288+00:00,BUSINESS_INSTITUTIONAL_SCREEN,n2203,n2206
seventh_share,seventh_share:E0300,rtc_82044b89e0ba40a8a44836d066980909,2926e79a-7012-485d-b255-f27621f44152,2026-08-15 17:34:28.634088+00:00,AO30_EVENT;BUSINESS_INSTITUTIONAL_SCREEN;FROZEN_INFERENCE_OPPORTUNITY;RTC_RULE_EPISODE;UNIVERSAL_SEMANTIC_SCREEN,n2207;n2209;n2215;n2221;n2228;n2237,n2208;n2210;n2216;n2220;n2222;n2225;n2229;n2234;n2238;n2241;n2245
seventh_share,seventh_share:E0301,rtc_6dca91c6057f4602af8e43b2b3e06c99,258ba58e-1bdd-4701-aef7-605d23fcea85,2026-08-15 17:47:12.178849+00:00,BUSINESS_INSTITUTIONAL_SCREEN;FROZEN_INFERENCE_OPPORTUNITY,n2249,n2250
seventh_share,seventh_share:E0302,rtc_6dca91c6057f4602af8e43b2b3e06c99,258ba58e-1bdd-4701-aef7-605d23fcea85,2026-08-15 17:48:52.422673+00:00,BUSINESS_INSTITUTIONAL_SCREEN,n2257,n2258
seventh_share,seventh_share:E0303,rtc_6dca91c6057f4602af8e43b2b3e06c99,258ba58e-1bdd-4701-aef7-605d23fcea85,2026-08-15 17:49:11.275703+00:00,BUSINESS_INSTITUTIONAL_SCREEN,n2259,n2260;n2263
seventh_share,seventh_share:E0304,rtc_6dca91c6057f4602af8e43b2b3e06c99,258ba58e-1bdd-4701-aef7-605d23fcea85,2026-08-15 17:49:59.018603+00:00,BUSINESS_INSTITUTIONAL_SCREEN,n2264,n2265
seventh_share,seventh_share:E0305,rtc_6dca91c6057f4602af8e43b2b3e06c99,258ba58e-1bdd-4701-aef7-605d23fcea85,2026-08-15 17:50:24.808600+00:00,BUSINESS_INSTITUTIONAL_SCREEN,n2268,n2269
seventh_share,seventh_share:E0306,rtc_6dca91c6057f4602af8e43b2b3e06c99,258ba58e-1bdd-4701-aef7-605d23fcea85,2026-08-15 17:50:42.708115+00:00,BUSINESS_INSTITUTIONAL_SCREEN;UNIVERSAL_SEMANTIC_SCREEN,n2270,n2271
seventh_share,seventh_share:E0307,rtc_6dca91c6057f4602af8e43b2b3e06c99,258ba58e-1bdd-4701-aef7-605d23fcea85,2026-08-15 17:50:55.444267+00:00,BUSINESS_INSTITUTIONAL_SCREEN,n2272,n2273
seventh_share,seventh_share:E0308,rtc_6dca91c6057f4602af8e43b2b3e06c99,258ba58e-1bdd-4701-aef7-605d23fcea85,2026-08-15 17:51:16.639377+00:00,BUSINESS_INSTITUTIONAL_SCREEN;UNIVERSAL_SEMANTIC_SCREEN,n2274,n2275;n2278;n2279
seventh_share,seventh_share:E0309,rtc_6dca91c6057f4602af8e43b2b3e06c99,258ba58e-1bdd-4701-aef7-605d23fcea85,2026-08-15 17:52:42.671223+00:00,BUSINESS_INSTITUTIONAL_SCREEN;UNIVERSAL_SEMANTIC_SCREEN,n2292;n2297,n2293;n2296;n2298
seventh_share,seventh_share:E0311,rtc_6dca91c6057f4602af8e43b2b3e06c99,258ba58e-1bdd-4701-aef7-605d23fcea85,2026-08-15 17:54:38.778465+00:00,BUSINESS_INSTITUTIONAL_SCREEN,n2304,n2305
seventh_share,seventh_share:E0310,rtc_6dca91c6057f4602af8e43b2b3e06c99,258ba58e-1bdd-4701-aef7-605d23fcea85,2026-08-15 17:54:39.679481+00:00,BUSINESS_INSTITUTIONAL_SCREEN,n2299,n2300;n2303
seventh_share,seventh_share:E0312,rtc_6dca91c6057f4602af8e43b2b3e06c99,258ba58e-1bdd-4701-aef7-605d23fcea85,2026-08-15 17:55:18.149918+00:00,BUSINESS_INSTITUTIONAL_SCREEN,n2306,n2307;n2313
seventh_share,seventh_share:E0313,rtc_6dca91c6057f4602af8e43b2b3e06c99,258ba58e-1bdd-4701-aef7-605d23fcea85,2026-08-15 17:55:27.359774+00:00,BUSINESS_INSTITUTIONAL_SCREEN,n2314,n2315
seventh_share,seventh_share:E0314,rtc_6dca91c6057f4602af8e43b2b3e06c99,258ba58e-1bdd-4701-aef7-605d23fcea85,2026-08-15 17:55:45.403883+00:00,BUSINESS_INSTITUTIONAL_SCREEN,n2316,n2317
seventh_share,seventh_share:E0315,rtc_6dca91c6057f4602af8e43b2b3e06c99,258ba58e-1bdd-4701-aef7-605d23fcea85,2026-08-15 17:56:11.586719+00:00,BUSINESS_INSTITUTIONAL_SCREEN;UNIVERSAL_SEMANTIC_SCREEN,n2318,n2319;n2322
seventh_share,seventh_share:E0316,rtc_6dca91c6057f4602af8e43b2b3e06c99,258ba58e-1bdd-4701-aef7-605d23fcea85,2026-08-15 17:59:28.186041+00:00,UNIVERSAL_SEMANTIC_SCREEN,n2337,n2338
seventh_share,seventh_share:E0317,rtc_6dca91c6057f4602af8e43b2b3e06c99,258ba58e-1bdd-4701-aef7-605d23fcea85,2026-08-15 18:00:00.206273+00:00,UNIVERSAL_SEMANTIC_SCREEN,n2341,n2342
seventh_share,seventh_share:E0318,rtc_6dca91c6057f4602af8e43b2b3e06c99,258ba58e-1bdd-4701-aef7-605d23fcea85,2026-08-15 18:01:30.762836+00:00,BUSINESS_INSTITUTIONAL_SCREEN;FROZEN_INFERENCE_OPPORTUNITY,n2349,n2350
seventh_share,seventh_share:E0319,rtc_6dca91c6057f4602af8e43b2b3e06c99,258ba58e-1bdd-4701-aef7-605d23fcea85,2026-08-15 18:01:55.025646+00:00,UNIVERSAL_SEMANTIC_SCREEN,n2353,n2354
seventh_share,seventh_share:E0320,rtc_6dca91c6057f4602af8e43b2b3e06c99,258ba58e-1bdd-4701-aef7-605d23fcea85,2026-08-15 18:04:02.364478+00:00,BUSINESS_INSTITUTIONAL_SCREEN,n2361,n2362
seventh_share,seventh_share:E0321,rtc_6dca91c6057f4602af8e43b2b3e06c99,258ba58e-1bdd-4701-aef7-605d23fcea85,2026-08-15 18:04:22.141643+00:00,BUSINESS_INSTITUTIONAL_SCREEN,n2370,n2371;n2374
seventh_share,seventh_share:E0322,rtc_6dca91c6057f4602af8e43b2b3e06c99,258ba58e-1bdd-4701-aef7-605d23fcea85,2026-08-15 18:06:37.905236+00:00,BUSINESS_INSTITUTIONAL_SCREEN,n2389,n2390;n2393
seventh_share,seventh_share:E0323,rtc_6dca91c6057f4602af8e43b2b3e06c99,258ba58e-1bdd-4701-aef7-605d23fcea85,2026-08-15 18:08:15.551935+00:00,UNIVERSAL_SEMANTIC_SCREEN,n2406,n2407
seventh_share,seventh_share:E0324,rtc_6dca91c6057f4602af8e43b2b3e06c99,258ba58e-1bdd-4701-aef7-605d23fcea85,2026-08-15 18:08:44.185235+00:00,BUSINESS_INSTITUTIONAL_SCREEN,n2408,n2409
seventh_share,seventh_share:E0325,rtc_6dca91c6057f4602af8e43b2b3e06c99,258ba58e-1bdd-4701-aef7-605d23fcea85,2026-08-15 18:09:19.967405+00:00,BUSINESS_INSTITUTIONAL_SCREEN;FROZEN_INFERENCE_OPPORTUNITY,n2419,n2420
seventh_share,seventh_share:E0326,rtc_6dca91c6057f4602af8e43b2b3e06c99,258ba58e-1bdd-4701-aef7-605d23fcea85,2026-08-15 18:09:42.320361+00:00,BUSINESS_INSTITUTIONAL_SCREEN;FROZEN_INFERENCE_OPPORTUNITY,n2423,n2424
seventh_share,seventh_share:E0327,rtc_6dca91c6057f4602af8e43b2b3e06c99,258ba58e-1bdd-4701-aef7-605d23fcea85,2026-08-15 18:21:11.879657+00:00,BUSINESS_INSTITUTIONAL_SCREEN,n2515,n2516
seventh_share,seventh_share:E0328,rtc_6dca91c6057f4602af8e43b2b3e06c99,258ba58e-1bdd-4701-aef7-605d23fcea85,2026-08-15 18:21:21.630301+00:00,BUSINESS_INSTITUTIONAL_SCREEN,n2523,n2524
seventh_share,seventh_share:E0329,rtc_6dca91c6057f4602af8e43b2b3e06c99,258ba58e-1bdd-4701-aef7-605d23fcea85,2026-08-15 18:21:44.965617+00:00,BUSINESS_INSTITUTIONAL_SCREEN,n2525,n2526;n2529
seventh_share,seventh_share:E0330,rtc_6dca91c6057f4602af8e43b2b3e06c99,258ba58e-1bdd-4701-aef7-605d23fcea85,2026-08-15 18:22:23.146569+00:00,UNIVERSAL_SEMANTIC_SCREEN,n2534,n2535
seventh_share,seventh_share:E0331,rtc_6dca91c6057f4602af8e43b2b3e06c99,258ba58e-1bdd-4701-aef7-605d23fcea85,2026-08-15 18:23:22.660683+00:00,BUSINESS_INSTITUTIONAL_SCREEN,n2540,n2541;n2544
seventh_share,seventh_share:E0332,rtc_6dca91c6057f4602af8e43b2b3e06c99,258ba58e-1bdd-4701-aef7-605d23fcea85,2026-08-15 18:24:27.962228+00:00,BUSINESS_INSTITUTIONAL_SCREEN,n2549,n2550;n2553
seventh_share,seventh_share:E0333,rtc_6dca91c6057f4602af8e43b2b3e06c99,258ba58e-1bdd-4701-aef7-605d23fcea85,2026-08-15 18:25:30.928129+00:00,BUSINESS_INSTITUTIONAL_SCREEN,n2560,n2561;n2564
seventh_share,seventh_share:E0334,rtc_6dca91c6057f4602af8e43b2b3e06c99,258ba58e-1bdd-4701-aef7-605d23fcea85,2026-08-15 18:26:23.911261+00:00,BUSINESS_INSTITUTIONAL_SCREEN,n2571,n2572;n2575
seventh_share,seventh_share:E0335,rtc_6dca91c6057f4602af8e43b2b3e06c99,258ba58e-1bdd-4701-aef7-605d23fcea85,2026-08-15 18:26:37.127941+00:00,AGENCY_NEUTRAL_OPPORTUNITY;BUSINESS_INSTITUTIONAL_SCREEN;FROZEN_INFERENCE_OPPORTUNITY,n2578,n2579
seventh_share,seventh_share:E0336,rtc_6dca91c6057f4602af8e43b2b3e06c99,258ba58e-1bdd-4701-aef7-605d23fcea85,2026-08-15 18:27:42.326947+00:00,BUSINESS_INSTITUTIONAL_SCREEN,n2586,n2587;n2590
seventh_share,seventh_share:E0337,rtc_6dca91c6057f4602af8e43b2b3e06c99,258ba58e-1bdd-4701-aef7-605d23fcea85,2026-08-15 18:28:29.237644+00:00,BUSINESS_INSTITUTIONAL_SCREEN,n2593,n2594;n2596;n2599
seventh_share,seventh_share:E0338,rtc_6dca91c6057f4602af8e43b2b3e06c99,258ba58e-1bdd-4701-aef7-605d23fcea85,2026-08-15 18:29:39.056177+00:00,BUSINESS_INSTITUTIONAL_SCREEN,n2611,n2612;n2615
seventh_share,seventh_share:E0339,rtc_6dca91c6057f4602af8e43b2b3e06c99,258ba58e-1bdd-4701-aef7-605d23fcea85,2026-08-15 18:29:49.303467+00:00,UNIVERSAL_SEMANTIC_SCREEN,n2616,n2617
seventh_share,seventh_share:E0340,rtc_6dca91c6057f4602af8e43b2b3e06c99,258ba58e-1bdd-4701-aef7-605d23fcea85,2026-08-15 18:32:05.676538+00:00,BUSINESS_INSTITUTIONAL_SCREEN,n2626,n2627;n2630
seventh_share,seventh_share:E0341,rtc_6dca91c6057f4602af8e43b2b3e06c99,258ba58e-1bdd-4701-aef7-605d23fcea85,2026-08-15 18:34:05.060350+00:00,AGENCY_NEUTRAL_OPPORTUNITY;BUSINESS_INSTITUTIONAL_SCREEN;FROZEN_INFERENCE_OPPORTUNITY;UNIVERSAL_SEMANTIC_SCREEN,n2643;n2647,n2644;n2648
seventh_share,seventh_share:E0342,rtc_6dca91c6057f4602af8e43b2b3e06c99,258ba58e-1bdd-4701-aef7-605d23fcea85,2026-08-15 18:36:45.671023+00:00,UNIVERSAL_SEMANTIC_SCREEN,n2671,n2672
seventh_share,seventh_share:E0343,rtc_6dca91c6057f4602af8e43b2b3e06c99,258ba58e-1bdd-4701-aef7-605d23fcea85,2026-08-15 18:37:00.401925+00:00,UNIVERSAL_SEMANTIC_SCREEN,n2673,n2674
seventh_share,seventh_share:E0344,rtc_6dca91c6057f4602af8e43b2b3e06c99,258ba58e-1bdd-4701-aef7-605d23fcea85,2026-08-15 18:38:15.093427+00:00,BUSINESS_INSTITUTIONAL_SCREEN;FROZEN_INFERENCE_OPPORTUNITY,n2687,n2688
seventh_share,seventh_share:E0345,rtc_6dca91c6057f4602af8e43b2b3e06c99,258ba58e-1bdd-4701-aef7-605d23fcea85,2026-08-15 18:38:33.636395+00:00,UNIVERSAL_SEMANTIC_SCREEN,n2691,n2692
seventh_share,seventh_share:E0346,rtc_6dca91c6057f4602af8e43b2b3e06c99,258ba58e-1bdd-4701-aef7-605d23fcea85,2026-08-15 18:40:40.499440+00:00,BUSINESS_INSTITUTIONAL_SCREEN;FROZEN_INFERENCE_OPPORTUNITY,n2714,n2715
seventh_share,seventh_share:E0347,rtc_6dca91c6057f4602af8e43b2b3e06c99,258ba58e-1bdd-4701-aef7-605d23fcea85,2026-08-15 18:41:54.809248+00:00,BUSINESS_INSTITUTIONAL_SCREEN,n2728,n2729;n2732
seventh_share,seventh_share:E0348,rtc_6dca91c6057f4602af8e43b2b3e06c99,258ba58e-1bdd-4701-aef7-605d23fcea85,2026-08-15 18:43:17.000537+00:00,UNIVERSAL_SEMANTIC_SCREEN,n2749,n2750
seventh_share,seventh_share:E0349,rtc_6dca91c6057f4602af8e43b2b3e06c99,258ba58e-1bdd-4701-aef7-605d23fcea85,2026-08-15 18:43:29.228571+00:00,BUSINESS_INSTITUTIONAL_SCREEN;FROZEN_INFERENCE_OPPORTUNITY,n2751,n2752
seventh_share,seventh_share:E0350,rtc_6dca91c6057f4602af8e43b2b3e06c99,258ba58e-1bdd-4701-aef7-605d23fcea85,2026-08-15 18:43:39.088483+00:00,BUSINESS_INSTITUTIONAL_SCREEN;FROZEN_INFERENCE_OPPORTUNITY,n2753,n2754
seventh_share,seventh_share:E0351,rtc_6dca91c6057f4602af8e43b2b3e06c99,258ba58e-1bdd-4701-aef7-605d23fcea85,2026-08-15 18:44:41.728187+00:00,BUSINESS_INSTITUTIONAL_SCREEN,n2759,n2760;n2764
seventh_share,seventh_share:E0352,rtc_6dca91c6057f4602af8e43b2b3e06c99,258ba58e-1bdd-4701-aef7-605d23fcea85,2026-08-15 18:45:15.793601+00:00,BUSINESS_INSTITUTIONAL_SCREEN;FROZEN_INFERENCE_OPPORTUNITY,n2773,n2774
seventh_share,seventh_share:E0353,rtc_6dca91c6057f4602af8e43b2b3e06c99,258ba58e-1bdd-4701-aef7-605d23fcea85,2026-08-15 18:48:03.489433+00:00,UNIVERSAL_SEMANTIC_SCREEN,n2811,ABSENT
seventh_share,seventh_share:E0354,rtc_6dca91c6057f4602af8e43b2b3e06c99,258ba58e-1bdd-4701-aef7-605d23fcea85,2026-08-15 18:49:08.457095+00:00,BUSINESS_INSTITUTIONAL_SCREEN,n2818,n2819
seventh_share,seventh_share:E0355,rtc_6dca91c6057f4602af8e43b2b3e06c99,258ba58e-1bdd-4701-aef7-605d23fcea85,2026-08-15 18:51:19.340026+00:00,BUSINESS_INSTITUTIONAL_SCREEN,n2820,n2828
seventh_share,seventh_share:E0356,rtc_6dca91c6057f4602af8e43b2b3e06c99,258ba58e-1bdd-4701-aef7-605d23fcea85,2026-08-15 18:51:47.618635+00:00,UNIVERSAL_SEMANTIC_SCREEN,n2829,n2830
seventh_share,seventh_share:E0357,rtc_6dca91c6057f4602af8e43b2b3e06c99,258ba58e-1bdd-4701-aef7-605d23fcea85,2026-08-15 18:52:00.525415+00:00,UNIVERSAL_SEMANTIC_SCREEN,n2831,n2832
seventh_share,seventh_share:E0358,rtc_6dca91c6057f4602af8e43b2b3e06c99,258ba58e-1bdd-4701-aef7-605d23fcea85,2026-08-15 18:52:45.999564+00:00,BUSINESS_INSTITUTIONAL_SCREEN;CONFIRMED_CRITIQUE_BEFORE_COMPLETE_READING;UNIVERSAL_SEMANTIC_SCREEN,n2833;n2840;n2845;n2847;n2849;n2851;n2853;n2855;n2862;n2864;n2870;n2880;n2885;n2894;n2902;n2904;n2906;n2911;n2913,n2834;n2839;n2844;n2846;n2848;n2850;n2852;n2854;n2856;n2861;n2863;n2865;n2869;n2871;n2879;n2881;n2884;n2886;n2893;n2895;n2901;n2903;n2905;n2907;n2912;n2914
seventh_share,seventh_share:E0359,rtc_6dca91c6057f4602af8e43b2b3e06c99,258ba58e-1bdd-4701-aef7-605d23fcea85,2026-08-15 19:01:15.676303+00:00,BUSINESS_INSTITUTIONAL_SCREEN;UNIVERSAL_SEMANTIC_SCREEN,n2915,n2916;n2921
seventh_share,seventh_share:E0360,rtc_6dca91c6057f4602af8e43b2b3e06c99,258ba58e-1bdd-4701-aef7-605d23fcea85,2026-08-15 19:02:01.728875+00:00,BUSINESS_INSTITUTIONAL_SCREEN;UNIVERSAL_SEMANTIC_SCREEN,n2922,n2923
seventh_share,seventh_share:E0361,rtc_6dca91c6057f4602af8e43b2b3e06c99,258ba58e-1bdd-4701-aef7-605d23fcea85,2026-08-15 19:02:19.169569+00:00,BUSINESS_INSTITUTIONAL_SCREEN,n2930,n2931
seventh_share,seventh_share:E0362,rtc_6dca91c6057f4602af8e43b2b3e06c99,258ba58e-1bdd-4701-aef7-605d23fcea85,2026-08-15 19:03:40.611986+00:00,BUSINESS_INSTITUTIONAL_SCREEN,n2932,n2933;n2946
seventh_share,seventh_share:E0363,rtc_6dca91c6057f4602af8e43b2b3e06c99,258ba58e-1bdd-4701-aef7-605d23fcea85,2026-08-15 19:04:33.355613+00:00,BUSINESS_INSTITUTIONAL_SCREEN,n2947,n2948;n2954
seventh_share,seventh_share:E0364,rtc_6dca91c6057f4602af8e43b2b3e06c99,258ba58e-1bdd-4701-aef7-605d23fcea85,2026-08-15 19:05:22.035376+00:00,BUSINESS_INSTITUTIONAL_SCREEN,n2955,n2956;n2962
seventh_share,seventh_share:E0366,rtc_6dca91c6057f4602af8e43b2b3e06c99,258ba58e-1bdd-4701-aef7-605d23fcea85,2026-08-15 19:06:08.984383+00:00,BUSINESS_INSTITUTIONAL_SCREEN,n2971,n2972;n2977
seventh_share,seventh_share:E0365,rtc_6dca91c6057f4602af8e43b2b3e06c99,258ba58e-1bdd-4701-aef7-605d23fcea85,2026-08-15 19:06:10.931722+00:00,BUSINESS_INSTITUTIONAL_SCREEN,n2963,n2964;n2970
seventh_share,seventh_share:E0367,rtc_6dca91c6057f4602af8e43b2b3e06c99,258ba58e-1bdd-4701-aef7-605d23fcea85,2026-08-15 19:08:04.745480+00:00,BUSINESS_INSTITUTIONAL_SCREEN,n2978,n2979;n2982
seventh_share,seventh_share:E0368,rtc_6dca91c6057f4602af8e43b2b3e06c99,258ba58e-1bdd-4701-aef7-605d23fcea85,2026-08-15 19:08:14.456493+00:00,BUSINESS_INSTITUTIONAL_SCREEN,n2985,n2986
seventh_share,seventh_share:E0369,rtc_6dca91c6057f4602af8e43b2b3e06c99,258ba58e-1bdd-4701-aef7-605d23fcea85,2026-08-15 19:09:05.999047+00:00,BUSINESS_INSTITUTIONAL_SCREEN,n2990,n2991
seventh_share,seventh_share:E0370,rtc_6dca91c6057f4602af8e43b2b3e06c99,258ba58e-1bdd-4701-aef7-605d23fcea85,2026-08-15 19:09:16.075195+00:00,UNIVERSAL_SEMANTIC_SCREEN,n2994,n2995
seventh_share,seventh_share:E0371,rtc_6dca91c6057f4602af8e43b2b3e06c99,258ba58e-1bdd-4701-aef7-605d23fcea85,2026-08-15 19:10:09.103777+00:00,BUSINESS_INSTITUTIONAL_SCREEN;FROZEN_INFERENCE_OPPORTUNITY,n2996,n2997;n3000
seventh_share,seventh_share:E0372,rtc_6dca91c6057f4602af8e43b2b3e06c99,258ba58e-1bdd-4701-aef7-605d23fcea85,2026-08-15 19:11:02.224530+00:00,UNIVERSAL_SEMANTIC_SCREEN,n3001,ABSENT
seventh_share,seventh_share:E0373,rtc_6dca91c6057f4602af8e43b2b3e06c99,258ba58e-1bdd-4701-aef7-605d23fcea85,2026-08-15 19:11:20.817778+00:00,BUSINESS_INSTITUTIONAL_SCREEN,n3015,n3016
seventh_share,seventh_share:E0374,rtc_6dca91c6057f4602af8e43b2b3e06c99,258ba58e-1bdd-4701-aef7-605d23fcea85,2026-08-15 19:12:06.930994+00:00,BUSINESS_INSTITUTIONAL_SCREEN;UNIVERSAL_SEMANTIC_SCREEN,n3017,n3018
seventh_share,seventh_share:E0375,rtc_6dca91c6057f4602af8e43b2b3e06c99,258ba58e-1bdd-4701-aef7-605d23fcea85,2026-08-15 19:12:49.442726+00:00,BUSINESS_INSTITUTIONAL_SCREEN,n3023,n3024
seventh_share,seventh_share:E0376,rtc_6dca91c6057f4602af8e43b2b3e06c99,258ba58e-1bdd-4701-aef7-605d23fcea85,2026-08-15 19:13:03.912424+00:00,BUSINESS_INSTITUTIONAL_SCREEN,n3033,n3034
seventh_share,seventh_share:E0377,rtc_6dca91c6057f4602af8e43b2b3e06c99,258ba58e-1bdd-4701-aef7-605d23fcea85,2026-08-15 19:14:08.530037+00:00,BUSINESS_INSTITUTIONAL_SCREEN,n3035,n3036;n3041
seventh_share,seventh_share:E0378,rtc_6dca91c6057f4602af8e43b2b3e06c99,258ba58e-1bdd-4701-aef7-605d23fcea85,2026-08-15 19:14:51.676483+00:00,UNIVERSAL_SEMANTIC_SCREEN,n3042,ABSENT
seventh_share,seventh_share:E0379,rtc_6dca91c6057f4602af8e43b2b3e06c99,258ba58e-1bdd-4701-aef7-605d23fcea85,2026-08-15 19:15:14.198572+00:00,BUSINESS_INSTITUTIONAL_SCREEN,n3049,n3050
seventh_share,seventh_share:E0380,rtc_6dca91c6057f4602af8e43b2b3e06c99,258ba58e-1bdd-4701-aef7-605d23fcea85,2026-08-15 19:16:27.612448+00:00,BUSINESS_INSTITUTIONAL_SCREEN,n3051,n3052;n3055
seventh_share,seventh_share:E0381,rtc_6dca91c6057f4602af8e43b2b3e06c99,258ba58e-1bdd-4701-aef7-605d23fcea85,2026-08-15 19:17:07.553002+00:00,BUSINESS_INSTITUTIONAL_SCREEN,n3056,n3057;n3060
seventh_share,seventh_share:E0382,rtc_6dca91c6057f4602af8e43b2b3e06c99,258ba58e-1bdd-4701-aef7-605d23fcea85,2026-08-15 19:17:54.670366+00:00,UNIVERSAL_SEMANTIC_SCREEN,n3061,ABSENT
seventh_share,seventh_share:E0383,rtc_6dca91c6057f4602af8e43b2b3e06c99,258ba58e-1bdd-4701-aef7-605d23fcea85,2026-08-15 19:18:12.385571+00:00,BUSINESS_INSTITUTIONAL_SCREEN,n3068,n3069
seventh_share,seventh_share:E0384,rtc_6dca91c6057f4602af8e43b2b3e06c99,258ba58e-1bdd-4701-aef7-605d23fcea85,2026-08-15 19:18:36.054309+00:00,BUSINESS_INSTITUTIONAL_SCREEN,n3070,n3071
seventh_share,seventh_share:E0385,rtc_6dca91c6057f4602af8e43b2b3e06c99,258ba58e-1bdd-4701-aef7-605d23fcea85,2026-08-15 19:19:30.976522+00:00,BUSINESS_INSTITUTIONAL_SCREEN;UNIVERSAL_SEMANTIC_SCREEN,n3074,n3075
seventh_share,seventh_share:E0386,rtc_6dca91c6057f4602af8e43b2b3e06c99,258ba58e-1bdd-4701-aef7-605d23fcea85,2026-08-15 19:20:35.091497+00:00,BUSINESS_INSTITUTIONAL_SCREEN;FROZEN_INFERENCE_OPPORTUNITY;UNIVERSAL_SEMANTIC_SCREEN,n3081;n3083,n3082;n3088
seventh_share,seventh_share:E0387,rtc_6dca91c6057f4602af8e43b2b3e06c99,258ba58e-1bdd-4701-aef7-605d23fcea85,2026-08-15 19:23:10.391792+00:00,BUSINESS_INSTITUTIONAL_SCREEN;UNIVERSAL_SEMANTIC_SCREEN,n3089,n3090;n3093
seventh_share,seventh_share:E0388,rtc_6dca91c6057f4602af8e43b2b3e06c99,258ba58e-1bdd-4701-aef7-605d23fcea85,2026-08-15 19:23:36.750421+00:00,BUSINESS_INSTITUTIONAL_SCREEN,n3094,n3095
seventh_share,seventh_share:E0389,rtc_6dca91c6057f4602af8e43b2b3e06c99,258ba58e-1bdd-4701-aef7-605d23fcea85,2026-08-15 19:23:41.910106+00:00,UNIVERSAL_SEMANTIC_SCREEN,n3099,n3100
seventh_share,seventh_share:E0390,rtc_6dca91c6057f4602af8e43b2b3e06c99,258ba58e-1bdd-4701-aef7-605d23fcea85,2026-08-15 19:23:58.339911+00:00,BUSINESS_INSTITUTIONAL_SCREEN,n3101,n3102
seventh_share,seventh_share:E0391,rtc_6dca91c6057f4602af8e43b2b3e06c99,258ba58e-1bdd-4701-aef7-605d23fcea85,2026-08-15 19:24:39.015119+00:00,BUSINESS_INSTITUTIONAL_SCREEN;UNIVERSAL_SEMANTIC_SCREEN,n3105,n3106
seventh_share,seventh_share:E0392,rtc_6dca91c6057f4602af8e43b2b3e06c99,258ba58e-1bdd-4701-aef7-605d23fcea85,2026-08-15 19:25:01.773783+00:00,AGENCY_NEUTRAL_OPPORTUNITY;BUSINESS_INSTITUTIONAL_SCREEN;FROZEN_INFERENCE_OPPORTUNITY,n3107;n3112,n3108;n3113;n3116
seventh_share,seventh_share:E0393,rtc_6dca91c6057f4602af8e43b2b3e06c99,258ba58e-1bdd-4701-aef7-605d23fcea85,2026-08-15 19:26:08.124625+00:00,BUSINESS_INSTITUTIONAL_SCREEN,n3117,n3118
seventh_share,seventh_share:E0394,rtc_6dca91c6057f4602af8e43b2b3e06c99,258ba58e-1bdd-4701-aef7-605d23fcea85,2026-08-15 19:26:11.856072+00:00,BUSINESS_INSTITUTIONAL_SCREEN,n3121,n3122
seventh_share,seventh_share:E0395,rtc_6dca91c6057f4602af8e43b2b3e06c99,258ba58e-1bdd-4701-aef7-605d23fcea85,2026-08-15 19:27:02.250497+00:00,BUSINESS_INSTITUTIONAL_SCREEN,n3127,n3128;n3129
seventh_share,seventh_share:E0396,rtc_6dca91c6057f4602af8e43b2b3e06c99,258ba58e-1bdd-4701-aef7-605d23fcea85,2026-08-15 19:27:29.627788+00:00,BUSINESS_INSTITUTIONAL_SCREEN,n3130,n3131
seventh_share,seventh_share:E0397,rtc_6dca91c6057f4602af8e43b2b3e06c99,258ba58e-1bdd-4701-aef7-605d23fcea85,2026-08-15 19:27:42.739600+00:00,BUSINESS_INSTITUTIONAL_SCREEN,n3132,n3133
seventh_share,seventh_share:E0398,rtc_6dca91c6057f4602af8e43b2b3e06c99,258ba58e-1bdd-4701-aef7-605d23fcea85,2026-08-15 19:28:11.184430+00:00,BUSINESS_INSTITUTIONAL_SCREEN,n3140,n3141
seventh_share,seventh_share:E0399,rtc_6dca91c6057f4602af8e43b2b3e06c99,258ba58e-1bdd-4701-aef7-605d23fcea85,2026-08-15 19:29:25.609608+00:00,BUSINESS_INSTITUTIONAL_SCREEN;UNIVERSAL_SEMANTIC_SCREEN,n3148,n3149;n3150;n3151
seventh_share,seventh_share:E0400,rtc_6dca91c6057f4602af8e43b2b3e06c99,258ba58e-1bdd-4701-aef7-605d23fcea85,2026-08-15 19:29:51.809985+00:00,UNIVERSAL_SEMANTIC_SCREEN,n3152,n3153
seventh_share,seventh_share:E0401,rtc_6dca91c6057f4602af8e43b2b3e06c99,258ba58e-1bdd-4701-aef7-605d23fcea85,2026-08-15 19:30:42.634414+00:00,BUSINESS_INSTITUTIONAL_SCREEN;UNIVERSAL_SEMANTIC_SCREEN,n3154,n3155
seventh_share,seventh_share:E0402,rtc_6dca91c6057f4602af8e43b2b3e06c99,258ba58e-1bdd-4701-aef7-605d23fcea85,2026-08-15 19:31:23.322015+00:00,BUSINESS_INSTITUTIONAL_SCREEN;UNIVERSAL_SEMANTIC_SCREEN,n3156,n3157
seventh_share,seventh_share:E0403,rtc_6dca91c6057f4602af8e43b2b3e06c99,258ba58e-1bdd-4701-aef7-605d23fcea85,2026-08-15 19:31:37.988862+00:00,UNIVERSAL_SEMANTIC_SCREEN,n3158,n3159
seventh_share,seventh_share:E0404,rtc_6dca91c6057f4602af8e43b2b3e06c99,258ba58e-1bdd-4701-aef7-605d23fcea85,2026-08-15 19:32:05.288382+00:00,BUSINESS_INSTITUTIONAL_SCREEN,n3162,n3163
seventh_share,seventh_share:E0405,rtc_6dca91c6057f4602af8e43b2b3e06c99,258ba58e-1bdd-4701-aef7-605d23fcea85,2026-08-15 19:32:12.445190+00:00,BUSINESS_INSTITUTIONAL_SCREEN;UNIVERSAL_SEMANTIC_SCREEN,n3164,n3165
seventh_share,seventh_share:E0406,rtc_6dca91c6057f4602af8e43b2b3e06c99,258ba58e-1bdd-4701-aef7-605d23fcea85,2026-08-15 19:32:58.078180+00:00,UNIVERSAL_SEMANTIC_SCREEN,n3168,n3169
seventh_share,seventh_share:E0407,rtc_6dca91c6057f4602af8e43b2b3e06c99,258ba58e-1bdd-4701-aef7-605d23fcea85,2026-08-15 19:33:35.092987+00:00,BUSINESS_INSTITUTIONAL_SCREEN;UNIVERSAL_SEMANTIC_SCREEN,n3172,n3173
seventh_share,seventh_share:E0408,rtc_6dca91c6057f4602af8e43b2b3e06c99,258ba58e-1bdd-4701-aef7-605d23fcea85,2026-08-15 19:33:52.311501+00:00,BUSINESS_INSTITUTIONAL_SCREEN,n3176,n3177;n3178
seventh_share,seventh_share:E0409,rtc_6dca91c6057f4602af8e43b2b3e06c99,258ba58e-1bdd-4701-aef7-605d23fcea85,2026-08-15 19:35:43.051974+00:00,BUSINESS_INSTITUTIONAL_SCREEN,n3185,n3186
seventh_share,seventh_share:E0410,rtc_6dca91c6057f4602af8e43b2b3e06c99,258ba58e-1bdd-4701-aef7-605d23fcea85,2026-08-15 19:36:14.445952+00:00,BUSINESS_INSTITUTIONAL_SCREEN;UNIVERSAL_SEMANTIC_SCREEN,n3187,n3188
seventh_share,seventh_share:E0411,rtc_6dca91c6057f4602af8e43b2b3e06c99,258ba58e-1bdd-4701-aef7-605d23fcea85,2026-08-15 19:37:10.904251+00:00,BUSINESS_INSTITUTIONAL_SCREEN;UNIVERSAL_SEMANTIC_SCREEN,n3193,n3194
seventh_share,seventh_share:E0412,rtc_6dca91c6057f4602af8e43b2b3e06c99,258ba58e-1bdd-4701-aef7-605d23fcea85,2026-08-15 19:38:04.034762+00:00,BUSINESS_INSTITUTIONAL_SCREEN,n3199,n3200
seventh_share,seventh_share:E0417,rtc_6dca91c6057f4602af8e43b2b3e06c99,258ba58e-1bdd-4701-aef7-605d23fcea85,2026-08-15 19:39:02.556575+00:00,UNIVERSAL_SEMANTIC_SCREEN,n3217,ABSENT
seventh_share,seventh_share:E0413,rtc_6dca91c6057f4602af8e43b2b3e06c99,258ba58e-1bdd-4701-aef7-605d23fcea85,2026-08-15 19:39:12.947849+00:00,UNIVERSAL_SEMANTIC_SCREEN,n3209,ABSENT
seventh_share,seventh_share:E0414,rtc_6dca91c6057f4602af8e43b2b3e06c99,258ba58e-1bdd-4701-aef7-605d23fcea85,2026-08-15 19:39:17.587498+00:00,UNIVERSAL_SEMANTIC_SCREEN,n3211,ABSENT
seventh_share,seventh_share:E0415,rtc_6dca91c6057f4602af8e43b2b3e06c99,258ba58e-1bdd-4701-aef7-605d23fcea85,2026-08-15 19:39:22.444463+00:00,UNIVERSAL_SEMANTIC_SCREEN,n3213,ABSENT
seventh_share,seventh_share:E0416,rtc_6dca91c6057f4602af8e43b2b3e06c99,258ba58e-1bdd-4701-aef7-605d23fcea85,2026-08-15 19:39:25.885060+00:00,UNIVERSAL_SEMANTIC_SCREEN,n3215,ABSENT
sixteenth_share,sixteenth_share:E0001,rtc_5aa42bc023554ee7a34bfab5b5d1021d,3fc84e28-746d-4e5f-865b-f85f7c73de2f,2026-08-10 16:36:53.579978+00:00,BUSINESS_INSTITUTIONAL_SCREEN;UNIVERSAL_SEMANTIC_SCREEN,n15,n16;n17;n19
sixteenth_share,sixteenth_share:E0002,rtc_5aa42bc023554ee7a34bfab5b5d1021d,3fc84e28-746d-4e5f-865b-f85f7c73de2f,2026-08-10 16:37:28.813838+00:00,BUSINESS_INSTITUTIONAL_SCREEN;UNIVERSAL_SEMANTIC_SCREEN,n20,n21
sixteenth_share,sixteenth_share:E0003,rtc_5aa42bc023554ee7a34bfab5b5d1021d,3fc84e28-746d-4e5f-865b-f85f7c73de2f,2026-08-10 16:38:41.669662+00:00,BUSINESS_INSTITUTIONAL_SCREEN;UNIVERSAL_SEMANTIC_SCREEN,n22,n23;n25
sixteenth_share,sixteenth_share:E0004,rtc_5aa42bc023554ee7a34bfab5b5d1021d,3fc84e28-746d-4e5f-865b-f85f7c73de2f,2026-08-10 16:39:42.371241+00:00,BUSINESS_INSTITUTIONAL_SCREEN;UNIVERSAL_SEMANTIC_SCREEN,n26,n27;n28
sixteenth_share,sixteenth_share:E0005,rtc_5aa42bc023554ee7a34bfab5b5d1021d,3fc84e28-746d-4e5f-865b-f85f7c73de2f,2026-08-10 16:42:08.714866+00:00,BUSINESS_INSTITUTIONAL_SCREEN;UNIVERSAL_SEMANTIC_SCREEN,n29,n30
sixteenth_share,sixteenth_share:E0006,rtc_5aa42bc023554ee7a34bfab5b5d1021d,3fc84e28-746d-4e5f-865b-f85f7c73de2f,2026-08-10 16:42:27.105374+00:00,BUSINESS_INSTITUTIONAL_SCREEN,n34,n35
sixteenth_share,sixteenth_share:E0007,rtc_5aa42bc023554ee7a34bfab5b5d1021d,3fc84e28-746d-4e5f-865b-f85f7c73de2f,2026-08-10 16:42:55.447368+00:00,UNIVERSAL_SEMANTIC_SCREEN,n36,n37
sixteenth_share,sixteenth_share:E0008,rtc_5aa42bc023554ee7a34bfab5b5d1021d,3fc84e28-746d-4e5f-865b-f85f7c73de2f,2026-08-10 16:43:10.058900+00:00,BUSINESS_INSTITUTIONAL_SCREEN,n38,n39
sixteenth_share,sixteenth_share:E0009,rtc_5aa42bc023554ee7a34bfab5b5d1021d,3fc84e28-746d-4e5f-865b-f85f7c73de2f,2026-08-10 16:45:33.548166+00:00,BUSINESS_INSTITUTIONAL_SCREEN,n52,n53;n57
sixteenth_share,sixteenth_share:E0010,rtc_5aa42bc023554ee7a34bfab5b5d1021d,3fc84e28-746d-4e5f-865b-f85f7c73de2f,2026-08-10 16:46:24.926354+00:00,BUSINESS_INSTITUTIONAL_SCREEN,n58,n59;n62
sixteenth_share,sixteenth_share:E0011,rtc_5aa42bc023554ee7a34bfab5b5d1021d,3fc84e28-746d-4e5f-865b-f85f7c73de2f,2026-08-10 16:47:37.881338+00:00,BUSINESS_INSTITUTIONAL_SCREEN,n63,n64;n65;n70
sixteenth_share,sixteenth_share:E0012,rtc_5aa42bc023554ee7a34bfab5b5d1021d,3fc84e28-746d-4e5f-865b-f85f7c73de2f,2026-08-10 16:49:11.199406+00:00,BUSINESS_INSTITUTIONAL_SCREEN;UNIVERSAL_SEMANTIC_SCREEN,n71,n72;n73;n76
sixteenth_share,sixteenth_share:E0013,rtc_5aa42bc023554ee7a34bfab5b5d1021d,3fc84e28-746d-4e5f-865b-f85f7c73de2f,2026-08-10 16:49:41.650178+00:00,BUSINESS_INSTITUTIONAL_SCREEN,n77,n78
sixteenth_share,sixteenth_share:E0014,rtc_5aa42bc023554ee7a34bfab5b5d1021d,3fc84e28-746d-4e5f-865b-f85f7c73de2f,2026-08-10 16:50:00.396396+00:00,UNIVERSAL_SEMANTIC_SCREEN,n79,n80
sixteenth_share,sixteenth_share:E0015,rtc_5aa42bc023554ee7a34bfab5b5d1021d,3fc84e28-746d-4e5f-865b-f85f7c73de2f,2026-08-10 16:51:20.192059+00:00,BUSINESS_INSTITUTIONAL_SCREEN,n85,n86;n87;n89
sixteenth_share,sixteenth_share:E0016,rtc_5aa42bc023554ee7a34bfab5b5d1021d,3fc84e28-746d-4e5f-865b-f85f7c73de2f,2026-08-10 16:54:01.115338+00:00,BUSINESS_INSTITUTIONAL_SCREEN;CAPABILITY_TOOL_EVIDENCE_CLAIM;UNIVERSAL_SEMANTIC_SCREEN,n98,n99;n101;n104;n106
sixteenth_share,sixteenth_share:E0017,rtc_5aa42bc023554ee7a34bfab5b5d1021d,3fc84e28-746d-4e5f-865b-f85f7c73de2f,2026-08-10 16:54:13.430053+00:00,BUSINESS_INSTITUTIONAL_SCREEN;UNIVERSAL_SEMANTIC_SCREEN,n107,n108
sixteenth_share,sixteenth_share:E0018,rtc_5aa42bc023554ee7a34bfab5b5d1021d,3fc84e28-746d-4e5f-865b-f85f7c73de2f,2026-08-10 16:56:23.464835+00:00,BUSINESS_INSTITUTIONAL_SCREEN,n123,n124;n125;n130;n132
sixteenth_share,sixteenth_share:E0019,rtc_5aa42bc023554ee7a34bfab5b5d1021d,3fc84e28-746d-4e5f-865b-f85f7c73de2f,2026-08-10 16:57:44.148498+00:00,BUSINESS_INSTITUTIONAL_SCREEN,n135,n136;n137;n140;n142
sixteenth_share,sixteenth_share:E0020,rtc_5aa42bc023554ee7a34bfab5b5d1021d,3fc84e28-746d-4e5f-865b-f85f7c73de2f,2026-08-10 16:59:13.332616+00:00,BUSINESS_INSTITUTIONAL_SCREEN,n154,n155
sixteenth_share,sixteenth_share:E0021,rtc_5aa42bc023554ee7a34bfab5b5d1021d,3fc84e28-746d-4e5f-865b-f85f7c73de2f,2026-08-10 16:59:42.792667+00:00,BUSINESS_INSTITUTIONAL_SCREEN;UNIVERSAL_SEMANTIC_SCREEN,n156,n157;n158;n160
sixteenth_share,sixteenth_share:E0022,rtc_5aa42bc023554ee7a34bfab5b5d1021d,3fc84e28-746d-4e5f-865b-f85f7c73de2f,2026-08-10 17:00:03.022605+00:00,BUSINESS_INSTITUTIONAL_SCREEN,n161,n162
sixteenth_share,sixteenth_share:E0023,rtc_5aa42bc023554ee7a34bfab5b5d1021d,3fc84e28-746d-4e5f-865b-f85f7c73de2f,2026-08-10 17:00:33.652475+00:00,BUSINESS_INSTITUTIONAL_SCREEN;FROZEN_INFERENCE_OPPORTUNITY;UNIVERSAL_SEMANTIC_SCREEN,n163,n164
sixteenth_share,sixteenth_share:E0024,rtc_5aa42bc023554ee7a34bfab5b5d1021d,3fc84e28-746d-4e5f-865b-f85f7c73de2f,2026-08-10 17:01:05.734710+00:00,UNIVERSAL_SEMANTIC_SCREEN,n167,n168
sixteenth_share,sixteenth_share:E0025,rtc_5aa42bc023554ee7a34bfab5b5d1021d,3fc84e28-746d-4e5f-865b-f85f7c73de2f,2026-08-10 17:05:20.024689+00:00,BUSINESS_INSTITUTIONAL_SCREEN,n188,n189
sixteenth_share,sixteenth_share:E0026,rtc_5aa42bc023554ee7a34bfab5b5d1021d,3fc84e28-746d-4e5f-865b-f85f7c73de2f,2026-08-10 17:05:40.279636+00:00,BUSINESS_INSTITUTIONAL_SCREEN,n190,n191
sixteenth_share,sixteenth_share:E0027,rtc_5aa42bc023554ee7a34bfab5b5d1021d,3fc84e28-746d-4e5f-865b-f85f7c73de2f,2026-08-10 17:05:48.810330+00:00,AGENCY_NEUTRAL_OPPORTUNITY;BUSINESS_INSTITUTIONAL_SCREEN;FROZEN_INFERENCE_OPPORTUNITY,n192,n193
sixteenth_share,sixteenth_share:E0028,rtc_5aa42bc023554ee7a34bfab5b5d1021d,3fc84e28-746d-4e5f-865b-f85f7c73de2f,2026-08-10 17:06:45.091457+00:00,BUSINESS_INSTITUTIONAL_SCREEN,n196,n197;n198;n200
sixteenth_share,sixteenth_share:E0029,rtc_5aa42bc023554ee7a34bfab5b5d1021d,3fc84e28-746d-4e5f-865b-f85f7c73de2f,2026-08-10 17:07:43.316004+00:00,BUSINESS_INSTITUTIONAL_SCREEN,n209,n210;n211;n213
sixteenth_share,sixteenth_share:E0030,rtc_5aa42bc023554ee7a34bfab5b5d1021d,3fc84e28-746d-4e5f-865b-f85f7c73de2f,2026-08-10 17:08:18.983054+00:00,BUSINESS_INSTITUTIONAL_SCREEN,n214,n215;n217
sixteenth_share,sixteenth_share:E0031,rtc_5aa42bc023554ee7a34bfab5b5d1021d,3fc84e28-746d-4e5f-865b-f85f7c73de2f,2026-08-10 17:09:30.762928+00:00,BUSINESS_INSTITUTIONAL_SCREEN;UNIVERSAL_SEMANTIC_SCREEN,n220,n221;n222;n224;n226
sixteenth_share,sixteenth_share:E0032,rtc_5aa42bc023554ee7a34bfab5b5d1021d,3fc84e28-746d-4e5f-865b-f85f7c73de2f,2026-08-10 17:09:41.802429+00:00,BUSINESS_INSTITUTIONAL_SCREEN;UNIVERSAL_SEMANTIC_SCREEN,n232,n233
sixteenth_share,sixteenth_share:E0033,rtc_5aa42bc023554ee7a34bfab5b5d1021d,3fc84e28-746d-4e5f-865b-f85f7c73de2f,2026-08-10 17:10:41.823663+00:00,BUSINESS_INSTITUTIONAL_SCREEN;UNIVERSAL_SEMANTIC_SCREEN,n234,n236;n238
sixteenth_share,sixteenth_share:E0034,rtc_5aa42bc023554ee7a34bfab5b5d1021d,3fc84e28-746d-4e5f-865b-f85f7c73de2f,2026-08-10 17:12:09.301915+00:00,BUSINESS_INSTITUTIONAL_SCREEN,n243,n244;n245;n248;n250;n252
sixteenth_share,sixteenth_share:E0035,rtc_5aa42bc023554ee7a34bfab5b5d1021d,3fc84e28-746d-4e5f-865b-f85f7c73de2f,2026-08-10 17:12:18.121104+00:00,BUSINESS_INSTITUTIONAL_SCREEN;UNIVERSAL_SEMANTIC_SCREEN,n253,n254;n256
sixteenth_share,sixteenth_share:E0036,rtc_5aa42bc023554ee7a34bfab5b5d1021d,3fc84e28-746d-4e5f-865b-f85f7c73de2f,2026-08-10 17:13:19.972044+00:00,BUSINESS_INSTITUTIONAL_SCREEN;UNIVERSAL_SEMANTIC_SCREEN,n257,n258;n260;n262
sixteenth_share,sixteenth_share:E0037,rtc_5aa42bc023554ee7a34bfab5b5d1021d,3fc84e28-746d-4e5f-865b-f85f7c73de2f,2026-08-10 17:13:48.169858+00:00,BUSINESS_INSTITUTIONAL_SCREEN,n263,n264
sixteenth_share,sixteenth_share:E0038,rtc_5aa42bc023554ee7a34bfab5b5d1021d,3fc84e28-746d-4e5f-865b-f85f7c73de2f,2026-08-10 17:14:13.010841+00:00,BUSINESS_INSTITUTIONAL_SCREEN;UNIVERSAL_SEMANTIC_SCREEN,n265,n266
sixteenth_share,sixteenth_share:E0039,rtc_5aa42bc023554ee7a34bfab5b5d1021d,3fc84e28-746d-4e5f-865b-f85f7c73de2f,2026-08-10 17:14:24.339544+00:00,BUSINESS_INSTITUTIONAL_SCREEN,n267,n268
sixteenth_share,sixteenth_share:E0040,rtc_5aa42bc023554ee7a34bfab5b5d1021d,3fc84e28-746d-4e5f-865b-f85f7c73de2f,2026-08-10 17:15:52.204580+00:00,UNIVERSAL_SEMANTIC_SCREEN,n277,n278
sixteenth_share,sixteenth_share:E0041,rtc_5aa42bc023554ee7a34bfab5b5d1021d,3fc84e28-746d-4e5f-865b-f85f7c73de2f,2026-08-10 17:16:05.084261+00:00,UNIVERSAL_SEMANTIC_SCREEN,n279,n280
sixteenth_share,sixteenth_share:E0042,rtc_5aa42bc023554ee7a34bfab5b5d1021d,3fc84e28-746d-4e5f-865b-f85f7c73de2f,2026-08-10 17:16:40.536913+00:00,UNIVERSAL_SEMANTIC_SCREEN,n289,n290
sixteenth_share,sixteenth_share:E0043,rtc_5aa42bc023554ee7a34bfab5b5d1021d,3fc84e28-746d-4e5f-865b-f85f7c73de2f,2026-08-10 17:19:56.141172+00:00,UNIVERSAL_SEMANTIC_SCREEN,n315,n316
sixteenth_share,sixteenth_share:E0044,rtc_5aa42bc023554ee7a34bfab5b5d1021d,3fc84e28-746d-4e5f-865b-f85f7c73de2f,2026-08-10 17:21:27.406533+00:00,BUSINESS_INSTITUTIONAL_SCREEN;UNIVERSAL_SEMANTIC_SCREEN,n326,n327;n328;n330
sixteenth_share,sixteenth_share:E0045,rtc_5aa42bc023554ee7a34bfab5b5d1021d,3fc84e28-746d-4e5f-865b-f85f7c73de2f,2026-08-10 17:22:29.310284+00:00,BUSINESS_INSTITUTIONAL_SCREEN,n343,n344
sixteenth_share,sixteenth_share:E0046,rtc_5aa42bc023554ee7a34bfab5b5d1021d,3fc84e28-746d-4e5f-865b-f85f7c73de2f,2026-08-10 17:22:43.813752+00:00,BUSINESS_INSTITUTIONAL_SCREEN,n345,n346
sixteenth_share,sixteenth_share:E0047,rtc_5aa42bc023554ee7a34bfab5b5d1021d,3fc84e28-746d-4e5f-865b-f85f7c73de2f,2026-08-10 17:22:54.265460+00:00,UNIVERSAL_SEMANTIC_SCREEN,n347,n348
sixteenth_share,sixteenth_share:E0048,rtc_5aa42bc023554ee7a34bfab5b5d1021d,3fc84e28-746d-4e5f-865b-f85f7c73de2f,2026-08-10 17:23:08.713373+00:00,BUSINESS_INSTITUTIONAL_SCREEN;UNIVERSAL_SEMANTIC_SCREEN,n351,n352
sixteenth_share,sixteenth_share:E0049,rtc_5aa42bc023554ee7a34bfab5b5d1021d,3fc84e28-746d-4e5f-865b-f85f7c73de2f,2026-08-10 17:23:21.321432+00:00,AO30_EVENT;BUSINESS_INSTITUTIONAL_SCREEN;RTC_RULE_EPISODE;UNIVERSAL_SEMANTIC_SCREEN,n353;n361;n363;n394,n354;n362;n364;n378;n385;n391;n396;n397
sixth_share,sixth_share:E0001,rtc_a1b5c7e90d2947458d828d466500e881,d2491a11-df12-4e89-ba60-962dc98d8300,2026-08-17 00:12:48.929024+00:00,BUSINESS_INSTITUTIONAL_SCREEN,n15,n16;n17
sixth_share,sixth_share:E0002,rtc_a1b5c7e90d2947458d828d466500e881,d2491a11-df12-4e89-ba60-962dc98d8300,2026-08-17 00:13:43.684687+00:00,BUSINESS_INSTITUTIONAL_SCREEN,n18,n19
sixth_share,sixth_share:E0003,rtc_a1b5c7e90d2947458d828d466500e881,d2491a11-df12-4e89-ba60-962dc98d8300,2026-08-17 00:14:26.033897+00:00,BUSINESS_INSTITUTIONAL_SCREEN,n20,n21
sixth_share,sixth_share:E0004,rtc_a1b5c7e90d2947458d828d466500e881,d2491a11-df12-4e89-ba60-962dc98d8300,2026-08-17 00:15:22.791183+00:00,UNIVERSAL_SEMANTIC_SCREEN,n29,n30
sixth_share,sixth_share:E0005,rtc_a1b5c7e90d2947458d828d466500e881,d2491a11-df12-4e89-ba60-962dc98d8300,2026-08-17 00:15:42.612524+00:00,BUSINESS_INSTITUTIONAL_SCREEN,n31,n32
sixth_share,sixth_share:E0006,rtc_a1b5c7e90d2947458d828d466500e881,d2491a11-df12-4e89-ba60-962dc98d8300,2026-08-17 00:16:04.764130+00:00,UNIVERSAL_SEMANTIC_SCREEN,n33,n34
sixth_share,sixth_share:E0007,rtc_a1b5c7e90d2947458d828d466500e881,d2491a11-df12-4e89-ba60-962dc98d8300,2026-08-17 00:17:27.245990+00:00,BUSINESS_INSTITUTIONAL_SCREEN;UNIVERSAL_SEMANTIC_SCREEN,n39,n40
sixth_share,sixth_share:E0008,rtc_a1b5c7e90d2947458d828d466500e881,d2491a11-df12-4e89-ba60-962dc98d8300,2026-08-17 00:17:59.151668+00:00,BUSINESS_INSTITUTIONAL_SCREEN;UNIVERSAL_SEMANTIC_SCREEN,n47,n48
sixth_share,sixth_share:E0009,rtc_a1b5c7e90d2947458d828d466500e881,d2491a11-df12-4e89-ba60-962dc98d8300,2026-08-17 00:18:37.624875+00:00,BUSINESS_INSTITUTIONAL_SCREEN;FROZEN_INFERENCE_OPPORTUNITY;UNIVERSAL_SEMANTIC_SCREEN,n49;n51,n50;n52;n56
sixth_share,sixth_share:E0010,rtc_a1b5c7e90d2947458d828d466500e881,d2491a11-df12-4e89-ba60-962dc98d8300,2026-08-17 00:19:49.126735+00:00,UNIVERSAL_SEMANTIC_SCREEN,n57,ABSENT
sixth_share,sixth_share:E0011,rtc_a1b5c7e90d2947458d828d466500e881,d2491a11-df12-4e89-ba60-962dc98d8300,2026-08-17 00:21:21.649198+00:00,BUSINESS_INSTITUTIONAL_SCREEN;UNIVERSAL_SEMANTIC_SCREEN,n72,n73
sixth_share,sixth_share:E0012,rtc_a1b5c7e90d2947458d828d466500e881,d2491a11-df12-4e89-ba60-962dc98d8300,2026-08-17 00:21:45.653495+00:00,BUSINESS_INSTITUTIONAL_SCREEN;UNIVERSAL_SEMANTIC_SCREEN,n74;n76,n75
sixth_share,sixth_share:E0013,rtc_a1b5c7e90d2947458d828d466500e881,d2491a11-df12-4e89-ba60-962dc98d8300,2026-08-17 00:22:58.392618+00:00,BUSINESS_INSTITUTIONAL_SCREEN;UNIVERSAL_SEMANTIC_SCREEN,n79,n80
sixth_share,sixth_share:E0014,rtc_a1b5c7e90d2947458d828d466500e881,d2491a11-df12-4e89-ba60-962dc98d8300,2026-08-17 00:23:30.132033+00:00,BUSINESS_INSTITUTIONAL_SCREEN;UNIVERSAL_SEMANTIC_SCREEN,n81;n84,n82;n83;n85;n86
sixth_share,sixth_share:E0015,rtc_a1b5c7e90d2947458d828d466500e881,d2491a11-df12-4e89-ba60-962dc98d8300,2026-08-17 00:25:21.002470+00:00,BUSINESS_INSTITUTIONAL_SCREEN,n87,n88
sixth_share,sixth_share:E0016,rtc_a1b5c7e90d2947458d828d466500e881,d2491a11-df12-4e89-ba60-962dc98d8300,2026-08-17 00:26:23.515369+00:00,BUSINESS_INSTITUTIONAL_SCREEN;FROZEN_INFERENCE_OPPORTUNITY;UNIVERSAL_SEMANTIC_SCREEN,n89,n90;n92;n94
sixth_share,sixth_share:E0017,rtc_a1b5c7e90d2947458d828d466500e881,d2491a11-df12-4e89-ba60-962dc98d8300,2026-08-17 00:27:24.947163+00:00,UNIVERSAL_SEMANTIC_SCREEN,n100,n101
sixth_share,sixth_share:E0018,rtc_a1b5c7e90d2947458d828d466500e881,d2491a11-df12-4e89-ba60-962dc98d8300,2026-08-17 00:28:30.039802+00:00,BUSINESS_INSTITUTIONAL_SCREEN;UNIVERSAL_SEMANTIC_SCREEN,n104,n105
sixth_share,sixth_share:E0019,rtc_a1b5c7e90d2947458d828d466500e881,d2491a11-df12-4e89-ba60-962dc98d8300,2026-08-17 00:29:18.828851+00:00,BUSINESS_INSTITUTIONAL_SCREEN,n108,n109;n110
sixth_share,sixth_share:E0020,rtc_a1b5c7e90d2947458d828d466500e881,d2491a11-df12-4e89-ba60-962dc98d8300,2026-08-17 00:31:16.665064+00:00,BUSINESS_INSTITUTIONAL_SCREEN;UNIVERSAL_SEMANTIC_SCREEN,n115,n116;n117
sixth_share,sixth_share:E0021,rtc_a1b5c7e90d2947458d828d466500e881,d2491a11-df12-4e89-ba60-962dc98d8300,2026-08-17 00:31:55.226082+00:00,BUSINESS_INSTITUTIONAL_SCREEN,n118,n119
sixth_share,sixth_share:E0022,rtc_a1b5c7e90d2947458d828d466500e881,d2491a11-df12-4e89-ba60-962dc98d8300,2026-08-17 00:32:16.394820+00:00,UNIVERSAL_SEMANTIC_SCREEN,n120,n121;n122
sixth_share,sixth_share:E0023,rtc_a1b5c7e90d2947458d828d466500e881,d2491a11-df12-4e89-ba60-962dc98d8300,2026-08-17 00:32:58.694869+00:00,BUSINESS_INSTITUTIONAL_SCREEN;UNIVERSAL_SEMANTIC_SCREEN,n123,n124
sixth_share,sixth_share:E0024,rtc_a1b5c7e90d2947458d828d466500e881,d2491a11-df12-4e89-ba60-962dc98d8300,2026-08-17 00:33:47.268957+00:00,BUSINESS_INSTITUTIONAL_SCREEN;UNIVERSAL_SEMANTIC_SCREEN,n125,n126;n127
sixth_share,sixth_share:E0025,rtc_a1b5c7e90d2947458d828d466500e881,d2491a11-df12-4e89-ba60-962dc98d8300,2026-08-17 00:34:25.408979+00:00,BUSINESS_INSTITUTIONAL_SCREEN;FROZEN_INFERENCE_OPPORTUNITY;UNIVERSAL_SEMANTIC_SCREEN,n128,n129;n130
sixth_share,sixth_share:E0026,rtc_a1b5c7e90d2947458d828d466500e881,d2491a11-df12-4e89-ba60-962dc98d8300,2026-08-17 00:34:39.610869+00:00,BUSINESS_INSTITUTIONAL_SCREEN;FROZEN_INFERENCE_OPPORTUNITY,n131,n132
sixth_share,sixth_share:E0027,rtc_a1b5c7e90d2947458d828d466500e881,d2491a11-df12-4e89-ba60-962dc98d8300,2026-08-17 00:35:22.074815+00:00,UNIVERSAL_SEMANTIC_SCREEN,n135,n136
sixth_share,sixth_share:E0028,rtc_a1b5c7e90d2947458d828d466500e881,d2491a11-df12-4e89-ba60-962dc98d8300,2026-08-17 00:35:38.633841+00:00,UNIVERSAL_SEMANTIC_SCREEN,n137,n138
sixth_share,sixth_share:E0029,rtc_a1b5c7e90d2947458d828d466500e881,d2491a11-df12-4e89-ba60-962dc98d8300,2026-08-17 00:37:47.448238+00:00,BUSINESS_INSTITUTIONAL_SCREEN;UNIVERSAL_SEMANTIC_SCREEN,n139,n140
sixth_share,sixth_share:E0030,rtc_a1b5c7e90d2947458d828d466500e881,d2491a11-df12-4e89-ba60-962dc98d8300,2026-08-17 00:37:52.228151+00:00,BUSINESS_INSTITUTIONAL_SCREEN;UNIVERSAL_SEMANTIC_SCREEN,n142,n143
sixth_share,sixth_share:E0031,rtc_a1b5c7e90d2947458d828d466500e881,d2491a11-df12-4e89-ba60-962dc98d8300,2026-08-17 00:38:14.932141+00:00,BUSINESS_INSTITUTIONAL_SCREEN;UNIVERSAL_SEMANTIC_SCREEN,n144;n146,n145;n147
sixth_share,sixth_share:E0032,rtc_a1b5c7e90d2947458d828d466500e881,d2491a11-df12-4e89-ba60-962dc98d8300,2026-08-17 00:40:34.950853+00:00,BUSINESS_INSTITUTIONAL_SCREEN;UNIVERSAL_SEMANTIC_SCREEN,n150,n151
sixth_share,sixth_share:E0033,rtc_a1b5c7e90d2947458d828d466500e881,d2491a11-df12-4e89-ba60-962dc98d8300,2026-08-17 00:45:12.996004+00:00,BUSINESS_INSTITUTIONAL_SCREEN;FROZEN_INFERENCE_OPPORTUNITY;UNIVERSAL_SEMANTIC_SCREEN,n162,n163
sixth_share,sixth_share:E0034,rtc_a1b5c7e90d2947458d828d466500e881,d2491a11-df12-4e89-ba60-962dc98d8300,2026-08-17 00:46:10.515333+00:00,FROZEN_INFERENCE_OPPORTUNITY,n166,n167
sixth_share,sixth_share:E0035,rtc_a1b5c7e90d2947458d828d466500e881,d2491a11-df12-4e89-ba60-962dc98d8300,2026-08-17 00:47:31.934481+00:00,BUSINESS_INSTITUTIONAL_SCREEN;FROZEN_INFERENCE_OPPORTUNITY;UNIVERSAL_SEMANTIC_SCREEN,n168,n169
sixth_share,sixth_share:E0036,rtc_a1b5c7e90d2947458d828d466500e881,d2491a11-df12-4e89-ba60-962dc98d8300,2026-08-17 00:47:38.004270+00:00,BUSINESS_INSTITUTIONAL_SCREEN;UNIVERSAL_SEMANTIC_SCREEN,n171,n172
sixth_share,sixth_share:E0037,rtc_a1b5c7e90d2947458d828d466500e881,d2491a11-df12-4e89-ba60-962dc98d8300,2026-08-17 00:48:26.528258+00:00,BUSINESS_INSTITUTIONAL_SCREEN;UNIVERSAL_SEMANTIC_SCREEN,n177,n178
sixth_share,sixth_share:E0038,rtc_a1b5c7e90d2947458d828d466500e881,d2491a11-df12-4e89-ba60-962dc98d8300,2026-08-17 00:49:47.867993+00:00,BUSINESS_INSTITUTIONAL_SCREEN;CONFIRMED_CRITIQUE_BEFORE_COMPLETE_READING;UNIVERSAL_SEMANTIC_SCREEN,n179;n185;n187;n189;n191;n194;n196;n198;n201,n180;n186;n188;n190;n192;n193;n195;n197;n199;n202
sixth_share,sixth_share:E0039,rtc_a1b5c7e90d2947458d828d466500e881,d2491a11-df12-4e89-ba60-962dc98d8300,2026-08-17 00:52:38.528246+00:00,AGENCY_NEUTRAL_OPPORTUNITY;BUSINESS_INSTITUTIONAL_SCREEN;FROZEN_INFERENCE_OPPORTUNITY;UNIVERSAL_SEMANTIC_SCREEN,n206;n209;n212,n207;n210;n213;n216
sixth_share,sixth_share:E0040,rtc_a1b5c7e90d2947458d828d466500e881,d2491a11-df12-4e89-ba60-962dc98d8300,2026-08-17 00:54:30.638323+00:00,BUSINESS_INSTITUTIONAL_SCREEN;UNIVERSAL_SEMANTIC_SCREEN,n219,n220
sixth_share,sixth_share:E0041,rtc_a1b5c7e90d2947458d828d466500e881,d2491a11-df12-4e89-ba60-962dc98d8300,2026-08-17 00:54:41.352855+00:00,AO30_EVENT;BUSINESS_INSTITUTIONAL_SCREEN;FROZEN_INFERENCE_OPPORTUNITY;PRIMARY_REFUSAL_TO_INFER_EVENT;UNIVERSAL_SEMANTIC_SCREEN,n222;n225;n227;n229;n232;n236;n238;n242,n223;n224;n226;n228;n230;n231;n233;n237;n239;n241;n243;n244
sixth_share,sixth_share:E0042,rtc_a1b5c7e90d2947458d828d466500e881,d2491a11-df12-4e89-ba60-962dc98d8300,2026-08-17 01:01:27.888088+00:00,BUSINESS_INSTITUTIONAL_SCREEN;UNIVERSAL_SEMANTIC_SCREEN,n245,n246
sixth_share,sixth_share:E0043,rtc_a1b5c7e90d2947458d828d466500e881,d2491a11-df12-4e89-ba60-962dc98d8300,2026-08-17 01:01:41.060092+00:00,BUSINESS_INSTITUTIONAL_SCREEN;FROZEN_INFERENCE_OPPORTUNITY;UNIVERSAL_SEMANTIC_SCREEN,n248;n250,n249
sixth_share,sixth_share:E0044,rtc_a1b5c7e90d2947458d828d466500e881,d2491a11-df12-4e89-ba60-962dc98d8300,2026-08-17 01:02:41.629838+00:00,BUSINESS_INSTITUTIONAL_SCREEN,n259,n260
sixth_share,sixth_share:E0045,rtc_a1b5c7e90d2947458d828d466500e881,d2491a11-df12-4e89-ba60-962dc98d8300,2026-08-17 01:02:46.375515+00:00,BUSINESS_INSTITUTIONAL_SCREEN;FROZEN_INFERENCE_OPPORTUNITY;UNIVERSAL_SEMANTIC_SCREEN,n263;n265,n264;n266
sixth_share,sixth_share:E0046,rtc_a1b5c7e90d2947458d828d466500e881,d2491a11-df12-4e89-ba60-962dc98d8300,2026-08-17 01:04:01.160455+00:00,BUSINESS_INSTITUTIONAL_SCREEN;UNIVERSAL_SEMANTIC_SCREEN,n267,n268
sixth_share,sixth_share:E0047,rtc_a1b5c7e90d2947458d828d466500e881,d2491a11-df12-4e89-ba60-962dc98d8300,2026-08-17 01:04:02.583193+00:00,BUSINESS_INSTITUTIONAL_SCREEN;UNIVERSAL_SEMANTIC_SCREEN,n269,n270
sixth_share,sixth_share:E0048,rtc_a1b5c7e90d2947458d828d466500e881,d2491a11-df12-4e89-ba60-962dc98d8300,2026-08-17 01:04:05.694829+00:00,BUSINESS_INSTITUTIONAL_SCREEN;FROZEN_INFERENCE_OPPORTUNITY;UNIVERSAL_SEMANTIC_SCREEN,n273,n274
sixth_share,sixth_share:E0049,rtc_a1b5c7e90d2947458d828d466500e881,d2491a11-df12-4e89-ba60-962dc98d8300,2026-08-17 01:05:26.079854+00:00,BUSINESS_INSTITUTIONAL_SCREEN;FROZEN_INFERENCE_OPPORTUNITY;PRIMARY_REFUSAL_TO_INFER_EVENT;UNIVERSAL_SEMANTIC_SCREEN,n280;n282,n281;n283;n285
sixth_share,sixth_share:E0050,rtc_a1b5c7e90d2947458d828d466500e881,d2491a11-df12-4e89-ba60-962dc98d8300,2026-08-17 01:06:31.295281+00:00,BUSINESS_INSTITUTIONAL_SCREEN;UNIVERSAL_SEMANTIC_SCREEN,n286,n287
sixth_share,sixth_share:E0051,rtc_a1b5c7e90d2947458d828d466500e881,d2491a11-df12-4e89-ba60-962dc98d8300,2026-08-17 01:06:54.579315+00:00,BUSINESS_INSTITUTIONAL_SCREEN,n291,n292
sixth_share,sixth_share:E0052,rtc_a1b5c7e90d2947458d828d466500e881,d2491a11-df12-4e89-ba60-962dc98d8300,2026-08-17 01:07:28.532968+00:00,BUSINESS_INSTITUTIONAL_SCREEN;FROZEN_INFERENCE_OPPORTUNITY;UNIVERSAL_SEMANTIC_SCREEN,n293;n295;n297,n294;n296;n298
sixth_share,sixth_share:E0053,rtc_a1b5c7e90d2947458d828d466500e881,d2491a11-df12-4e89-ba60-962dc98d8300,2026-08-17 01:08:44.448677+00:00,BUSINESS_INSTITUTIONAL_SCREEN;FROZEN_INFERENCE_OPPORTUNITY,n301;n305,n302;n304;n306;n307
sixth_share,sixth_share:E0054,rtc_a1b5c7e90d2947458d828d466500e881,d2491a11-df12-4e89-ba60-962dc98d8300,2026-08-17 01:09:33.623471+00:00,BUSINESS_INSTITUTIONAL_SCREEN,n308,n309;n310
sixth_share,sixth_share:E0055,rtc_a1b5c7e90d2947458d828d466500e881,d2491a11-df12-4e89-ba60-962dc98d8300,2026-08-17 01:09:52.916867+00:00,BUSINESS_INSTITUTIONAL_SCREEN;UNIVERSAL_SEMANTIC_SCREEN,n313,n314
sixth_share,sixth_share:E0056,rtc_a1b5c7e90d2947458d828d466500e881,d2491a11-df12-4e89-ba60-962dc98d8300,2026-08-17 01:10:32.975265+00:00,UNIVERSAL_SEMANTIC_SCREEN,n319,n320
sixth_share,sixth_share:E0057,rtc_a1b5c7e90d2947458d828d466500e881,d2491a11-df12-4e89-ba60-962dc98d8300,2026-08-17 01:10:43.513788+00:00,BUSINESS_INSTITUTIONAL_SCREEN,n324,n325
sixth_share,sixth_share:E0058,rtc_a1b5c7e90d2947458d828d466500e881,d2491a11-df12-4e89-ba60-962dc98d8300,2026-08-17 01:10:57.291113+00:00,BUSINESS_INSTITUTIONAL_SCREEN,n328,n329
sixth_share,sixth_share:E0059,rtc_a1b5c7e90d2947458d828d466500e881,d2491a11-df12-4e89-ba60-962dc98d8300,2026-08-17 01:10:58.498714+00:00,BUSINESS_INSTITUTIONAL_SCREEN,n331,n332
sixth_share,sixth_share:E0060,rtc_a1b5c7e90d2947458d828d466500e881,d2491a11-df12-4e89-ba60-962dc98d8300,2026-08-17 01:11:16.850801+00:00,UNIVERSAL_SEMANTIC_SCREEN,n333,n335
sixth_share,sixth_share:E0061,rtc_a1b5c7e90d2947458d828d466500e881,d2491a11-df12-4e89-ba60-962dc98d8300,2026-08-17 01:12:15.287745+00:00,BUSINESS_INSTITUTIONAL_SCREEN;UNIVERSAL_SEMANTIC_SCREEN,n344,n345;n346
sixth_share,sixth_share:E0062,rtc_a1b5c7e90d2947458d828d466500e881,d2491a11-df12-4e89-ba60-962dc98d8300,2026-08-17 01:12:34.339381+00:00,BUSINESS_INSTITUTIONAL_SCREEN,n347,n348
sixth_share,sixth_share:E0063,rtc_a1b5c7e90d2947458d828d466500e881,d2491a11-df12-4e89-ba60-962dc98d8300,2026-08-17 01:12:54.900919+00:00,UNIVERSAL_SEMANTIC_SCREEN,n349,ABSENT
sixth_share,sixth_share:E0064,rtc_a1b5c7e90d2947458d828d466500e881,d2491a11-df12-4e89-ba60-962dc98d8300,2026-08-17 01:12:56.723917+00:00,BUSINESS_INSTITUTIONAL_SCREEN,n351,n352;n353
sixth_share,sixth_share:E0065,rtc_a1b5c7e90d2947458d828d466500e881,d2491a11-df12-4e89-ba60-962dc98d8300,2026-08-17 01:12:57.020711+00:00,BUSINESS_INSTITUTIONAL_SCREEN;UNIVERSAL_SEMANTIC_SCREEN,n358;n360,n359
sixth_share,sixth_share:E0066,rtc_a1b5c7e90d2947458d828d466500e881,d2491a11-df12-4e89-ba60-962dc98d8300,2026-08-17 01:14:46.770766+00:00,UNIVERSAL_SEMANTIC_SCREEN,n365,ABSENT
sixth_share,sixth_share:E0067,rtc_a1b5c7e90d2947458d828d466500e881,d2491a11-df12-4e89-ba60-962dc98d8300,2026-08-17 01:15:23.976075+00:00,BUSINESS_INSTITUTIONAL_SCREEN;UNIVERSAL_SEMANTIC_SCREEN,n367,n368;n371
sixth_share,sixth_share:E0068,rtc_a1b5c7e90d2947458d828d466500e881,d2491a11-df12-4e89-ba60-962dc98d8300,2026-08-17 01:17:03.177889+00:00,BUSINESS_INSTITUTIONAL_SCREEN,n372,n373
sixth_share,sixth_share:E0069,rtc_a1b5c7e90d2947458d828d466500e881,d2491a11-df12-4e89-ba60-962dc98d8300,2026-08-17 01:19:00.258018+00:00,BUSINESS_INSTITUTIONAL_SCREEN,n378,n379;n380
sixth_share,sixth_share:E0070,rtc_a1b5c7e90d2947458d828d466500e881,d2491a11-df12-4e89-ba60-962dc98d8300,2026-08-17 01:20:06.303800+00:00,BUSINESS_INSTITUTIONAL_SCREEN;UNIVERSAL_SEMANTIC_SCREEN,n381,n382;n383
sixth_share,sixth_share:E0071,rtc_a1b5c7e90d2947458d828d466500e881,d2491a11-df12-4e89-ba60-962dc98d8300,2026-08-17 01:21:03.193575+00:00,BUSINESS_INSTITUTIONAL_SCREEN,n384,n385
sixth_share,sixth_share:E0072,rtc_a1b5c7e90d2947458d828d466500e881,d2491a11-df12-4e89-ba60-962dc98d8300,2026-08-17 01:22:09.265244+00:00,BUSINESS_INSTITUTIONAL_SCREEN,n387,n388
sixth_share,sixth_share:E0073,rtc_a1b5c7e90d2947458d828d466500e881,d2491a11-df12-4e89-ba60-962dc98d8300,2026-08-17 01:23:15.158565+00:00,BUSINESS_INSTITUTIONAL_SCREEN,n390,n391
sixth_share,sixth_share:E0074,rtc_a1b5c7e90d2947458d828d466500e881,d2491a11-df12-4e89-ba60-962dc98d8300,2026-08-17 01:25:01.568870+00:00,BUSINESS_INSTITUTIONAL_SCREEN,n396,n397;n398
sixth_share,sixth_share:E0076,rtc_a1b5c7e90d2947458d828d466500e881,d2491a11-df12-4e89-ba60-962dc98d8300,2026-08-17 01:26:10.496910+00:00,BUSINESS_INSTITUTIONAL_SCREEN,n402,n403
sixth_share,sixth_share:E0075,rtc_a1b5c7e90d2947458d828d466500e881,d2491a11-df12-4e89-ba60-962dc98d8300,2026-08-17 01:26:16.992726+00:00,AGENCY_NEUTRAL_OPPORTUNITY;BUSINESS_INSTITUTIONAL_SCREEN;FROZEN_INFERENCE_OPPORTUNITY,n399,n400;n401
sixth_share,sixth_share:E0077,rtc_a1b5c7e90d2947458d828d466500e881,d2491a11-df12-4e89-ba60-962dc98d8300,2026-08-17 01:27:58.228617+00:00,BUSINESS_INSTITUTIONAL_SCREEN,n404,n405;n406
sixth_share,sixth_share:E0078,rtc_a1b5c7e90d2947458d828d466500e881,d2491a11-df12-4e89-ba60-962dc98d8300,2026-08-17 01:29:00.818799+00:00,BUSINESS_INSTITUTIONAL_SCREEN,n407,n408;n409
sixth_share,sixth_share:E0079,rtc_a1b5c7e90d2947458d828d466500e881,d2491a11-df12-4e89-ba60-962dc98d8300,2026-08-17 01:30:15.930704+00:00,AGENCY_NEUTRAL_OPPORTUNITY;BUSINESS_INSTITUTIONAL_SCREEN;FROZEN_INFERENCE_OPPORTUNITY,n410,n411
sixth_share,sixth_share:E0080,rtc_a1b5c7e90d2947458d828d466500e881,d2491a11-df12-4e89-ba60-962dc98d8300,2026-08-17 01:31:01.466923+00:00,BUSINESS_INSTITUTIONAL_SCREEN,n413,n414;n415
sixth_share,sixth_share:E0081,rtc_a1b5c7e90d2947458d828d466500e881,d2491a11-df12-4e89-ba60-962dc98d8300,2026-08-17 01:33:11.772613+00:00,AGENCY_NEUTRAL_OPPORTUNITY;BUSINESS_INSTITUTIONAL_SCREEN;FROZEN_INFERENCE_OPPORTUNITY;UNIVERSAL_SEMANTIC_SCREEN,n419,n420;n421
sixth_share,sixth_share:E0082,rtc_a1b5c7e90d2947458d828d466500e881,d2491a11-df12-4e89-ba60-962dc98d8300,2026-08-17 01:34:30.080079+00:00,BUSINESS_INSTITUTIONAL_SCREEN,n422,n423
sixth_share,sixth_share:E0083,rtc_a1b5c7e90d2947458d828d466500e881,d2491a11-df12-4e89-ba60-962dc98d8300,2026-08-17 01:35:29.664378+00:00,BUSINESS_INSTITUTIONAL_SCREEN,n425,n426
sixth_share,sixth_share:E0084,rtc_a1b5c7e90d2947458d828d466500e881,d2491a11-df12-4e89-ba60-962dc98d8300,2026-08-17 01:36:57.898251+00:00,BUSINESS_INSTITUTIONAL_SCREEN,n431,n432
sixth_share,sixth_share:E0085,rtc_a1b5c7e90d2947458d828d466500e881,d2491a11-df12-4e89-ba60-962dc98d8300,2026-08-17 01:39:07.422399+00:00,BUSINESS_INSTITUTIONAL_SCREEN;UNIVERSAL_SEMANTIC_SCREEN,n437,n438;n439
sixth_share,sixth_share:E0086,rtc_a1b5c7e90d2947458d828d466500e881,d2491a11-df12-4e89-ba60-962dc98d8300,2026-08-17 01:40:36.923157+00:00,UNIVERSAL_SEMANTIC_SCREEN,n444,ABSENT
sixth_share,sixth_share:E0087,rtc_a1b5c7e90d2947458d828d466500e881,d2491a11-df12-4e89-ba60-962dc98d8300,2026-08-17 01:41:55.590467+00:00,BUSINESS_INSTITUTIONAL_SCREEN,n447,n448
sixth_share,sixth_share:E0088,rtc_a1b5c7e90d2947458d828d466500e881,d2491a11-df12-4e89-ba60-962dc98d8300,2026-08-17 01:42:37.528543+00:00,BUSINESS_INSTITUTIONAL_SCREEN,n450,n451;n452
sixth_share,sixth_share:E0089,rtc_a1b5c7e90d2947458d828d466500e881,d2491a11-df12-4e89-ba60-962dc98d8300,2026-08-17 01:44:04.282944+00:00,BUSINESS_INSTITUTIONAL_SCREEN;UNIVERSAL_SEMANTIC_SCREEN,n453,n454
sixth_share,sixth_share:E0090,rtc_a1b5c7e90d2947458d828d466500e881,d2491a11-df12-4e89-ba60-962dc98d8300,2026-08-17 01:45:00.136967+00:00,BUSINESS_INSTITUTIONAL_SCREEN;UNIVERSAL_SEMANTIC_SCREEN,n456,n457
sixth_share,sixth_share:E0091,rtc_a1b5c7e90d2947458d828d466500e881,d2491a11-df12-4e89-ba60-962dc98d8300,2026-08-17 01:46:10.219690+00:00,BUSINESS_INSTITUTIONAL_SCREEN,n459,n460
sixth_share,sixth_share:E0092,rtc_a1b5c7e90d2947458d828d466500e881,d2491a11-df12-4e89-ba60-962dc98d8300,2026-08-17 01:47:20.645386+00:00,BUSINESS_INSTITUTIONAL_SCREEN;UNIVERSAL_SEMANTIC_SCREEN,n462,n463
sixth_share,sixth_share:E0093,rtc_a1b5c7e90d2947458d828d466500e881,d2491a11-df12-4e89-ba60-962dc98d8300,2026-08-17 01:48:03.022514+00:00,BUSINESS_INSTITUTIONAL_SCREEN,n465,n466;n467
sixth_share,sixth_share:E0094,rtc_a1b5c7e90d2947458d828d466500e881,d2491a11-df12-4e89-ba60-962dc98d8300,2026-08-17 01:49:00.214372+00:00,BUSINESS_INSTITUTIONAL_SCREEN,n468,n469;n470
sixth_share,sixth_share:E0095,rtc_a1b5c7e90d2947458d828d466500e881,d2491a11-df12-4e89-ba60-962dc98d8300,2026-08-17 01:49:56.765373+00:00,BUSINESS_INSTITUTIONAL_SCREEN,n471,n472
sixth_share,sixth_share:E0096,rtc_a1b5c7e90d2947458d828d466500e881,d2491a11-df12-4e89-ba60-962dc98d8300,2026-08-17 01:51:54.419022+00:00,BUSINESS_INSTITUTIONAL_SCREEN,n481,n482;n483
sixth_share,sixth_share:E0097,rtc_a1b5c7e90d2947458d828d466500e881,d2491a11-df12-4e89-ba60-962dc98d8300,2026-08-17 01:52:41.217317+00:00,BUSINESS_INSTITUTIONAL_SCREEN,n484,n485
sixth_share,sixth_share:E0098,rtc_a1b5c7e90d2947458d828d466500e881,d2491a11-df12-4e89-ba60-962dc98d8300,2026-08-17 01:53:43.952136+00:00,BUSINESS_INSTITUTIONAL_SCREEN;UNIVERSAL_SEMANTIC_SCREEN,n490,n491
sixth_share,sixth_share:E0099,rtc_a1b5c7e90d2947458d828d466500e881,d2491a11-df12-4e89-ba60-962dc98d8300,2026-08-17 01:54:44.559592+00:00,BUSINESS_INSTITUTIONAL_SCREEN,n493,n494
sixth_share,sixth_share:E0100,rtc_a1b5c7e90d2947458d828d466500e881,d2491a11-df12-4e89-ba60-962dc98d8300,2026-08-17 01:56:14.192747+00:00,AGENCY_NEUTRAL_OPPORTUNITY;BUSINESS_INSTITUTIONAL_SCREEN;FROZEN_INFERENCE_OPPORTUNITY;UNIVERSAL_SEMANTIC_SCREEN,n499,n500
sixth_share,sixth_share:E0101,rtc_a1b5c7e90d2947458d828d466500e881,d2491a11-df12-4e89-ba60-962dc98d8300,2026-08-17 01:57:04.290695+00:00,BUSINESS_INSTITUTIONAL_SCREEN,n502,n503
sixth_share,sixth_share:E0102,rtc_a1b5c7e90d2947458d828d466500e881,d2491a11-df12-4e89-ba60-962dc98d8300,2026-08-17 01:57:38.896093+00:00,BUSINESS_INSTITUTIONAL_SCREEN,n505,n506
sixth_share,sixth_share:E0103,rtc_a1b5c7e90d2947458d828d466500e881,d2491a11-df12-4e89-ba60-962dc98d8300,2026-08-17 01:58:21.058150+00:00,BUSINESS_INSTITUTIONAL_SCREEN;UNIVERSAL_SEMANTIC_SCREEN,n508,n509
sixth_share,sixth_share:E0104,rtc_a1b5c7e90d2947458d828d466500e881,d2491a11-df12-4e89-ba60-962dc98d8300,2026-08-17 01:59:11.708580+00:00,BUSINESS_INSTITUTIONAL_SCREEN;UNIVERSAL_SEMANTIC_SCREEN,n511,n512
sixth_share,sixth_share:E0105,rtc_a1b5c7e90d2947458d828d466500e881,d2491a11-df12-4e89-ba60-962dc98d8300,2026-08-17 01:59:57.736462+00:00,AGENCY_NEUTRAL_OPPORTUNITY;BUSINESS_INSTITUTIONAL_SCREEN;FROZEN_INFERENCE_OPPORTUNITY,n514,n515
sixth_share,sixth_share:E0106,rtc_a1b5c7e90d2947458d828d466500e881,d2491a11-df12-4e89-ba60-962dc98d8300,2026-08-17 02:00:47.222498+00:00,BUSINESS_INSTITUTIONAL_SCREEN,n517,n518
sixth_share,sixth_share:E0107,rtc_a1b5c7e90d2947458d828d466500e881,d2491a11-df12-4e89-ba60-962dc98d8300,2026-08-17 02:01:33.258943+00:00,BUSINESS_INSTITUTIONAL_SCREEN,n520,n521
sixth_share,sixth_share:E0108,rtc_a1b5c7e90d2947458d828d466500e881,d2491a11-df12-4e89-ba60-962dc98d8300,2026-08-17 02:02:22.441989+00:00,BUSINESS_INSTITUTIONAL_SCREEN,n523,n524
sixth_share,sixth_share:E0109,rtc_a1b5c7e90d2947458d828d466500e881,d2491a11-df12-4e89-ba60-962dc98d8300,2026-08-17 02:02:44.862200+00:00,BUSINESS_INSTITUTIONAL_SCREEN,n526,n527
sixth_share,sixth_share:E0110,rtc_a1b5c7e90d2947458d828d466500e881,d2491a11-df12-4e89-ba60-962dc98d8300,2026-08-17 02:04:06.278447+00:00,AGENCY_NEUTRAL_OPPORTUNITY;BUSINESS_INSTITUTIONAL_SCREEN;FROZEN_INFERENCE_OPPORTUNITY;RTC_RULE_EPISODE;UNIVERSAL_SEMANTIC_SCREEN,n531;n533;n535;n538;n541;n544;n547;n556;n558;n563,n532;n534;n536;n537;n539;n542;n543;n548;n555;n562;n564;n570
sixth_share,sixth_share:E0111,rtc_e6e278f0c59840bca948b24a8d20fb6d,fb276836-f274-4671-9c1e-db7190590218,2026-08-17 02:14:54.857247+00:00,AO30_EVENT;BUSINESS_INSTITUTIONAL_SCREEN;UNIVERSAL_SEMANTIC_SCREEN,n578;n583;n588,n579;n580;n584;n585;n590;n591
sixth_share,sixth_share:E0112,rtc_e6e278f0c59840bca948b24a8d20fb6d,fb276836-f274-4671-9c1e-db7190590218,2026-08-17 02:17:03.726603+00:00,BUSINESS_INSTITUTIONAL_SCREEN;UNIVERSAL_SEMANTIC_SCREEN,n592,n593;n595
sixth_share,sixth_share:E0113,rtc_e6e278f0c59840bca948b24a8d20fb6d,fb276836-f274-4671-9c1e-db7190590218,2026-08-17 02:17:36.768941+00:00,UNIVERSAL_SEMANTIC_SCREEN,n596,n597
sixth_share,sixth_share:E0114,rtc_e6e278f0c59840bca948b24a8d20fb6d,fb276836-f274-4671-9c1e-db7190590218,2026-08-17 02:18:06.324808+00:00,UNIVERSAL_SEMANTIC_SCREEN,n598,n599
sixth_share,sixth_share:E0115,rtc_e6e278f0c59840bca948b24a8d20fb6d,fb276836-f274-4671-9c1e-db7190590218,2026-08-17 02:19:03.166919+00:00,UNIVERSAL_SEMANTIC_SCREEN,n602,n603
sixth_share,sixth_share:E0116,rtc_e6e278f0c59840bca948b24a8d20fb6d,fb276836-f274-4671-9c1e-db7190590218,2026-08-17 02:19:15.397592+00:00,UNIVERSAL_SEMANTIC_SCREEN,n604,n605
sixth_share,sixth_share:E0117,rtc_e6e278f0c59840bca948b24a8d20fb6d,fb276836-f274-4671-9c1e-db7190590218,2026-08-17 02:21:41.749520+00:00,BUSINESS_INSTITUTIONAL_SCREEN;UNIVERSAL_SEMANTIC_SCREEN,n618,n619;n621
sixth_share,sixth_share:E0118,rtc_e6e278f0c59840bca948b24a8d20fb6d,fb276836-f274-4671-9c1e-db7190590218,2026-08-17 02:22:35.823873+00:00,BUSINESS_INSTITUTIONAL_SCREEN,n622,n623
sixth_share,sixth_share:E0119,rtc_e6e278f0c59840bca948b24a8d20fb6d,fb276836-f274-4671-9c1e-db7190590218,2026-08-17 02:23:04.794103+00:00,BUSINESS_INSTITUTIONAL_SCREEN,n625,n626
sixth_share,sixth_share:E0120,rtc_e6e278f0c59840bca948b24a8d20fb6d,fb276836-f274-4671-9c1e-db7190590218,2026-08-17 02:23:47.067060+00:00,FROZEN_INFERENCE_OPPORTUNITY,n627,n628
sixth_share,sixth_share:E0121,rtc_e6e278f0c59840bca948b24a8d20fb6d,fb276836-f274-4671-9c1e-db7190590218,2026-08-17 02:25:20.611681+00:00,BUSINESS_INSTITUTIONAL_SCREEN,n637,n638
sixth_share,sixth_share:E0122,rtc_e6e278f0c59840bca948b24a8d20fb6d,fb276836-f274-4671-9c1e-db7190590218,2026-08-17 02:26:01.001181+00:00,BUSINESS_INSTITUTIONAL_SCREEN;UNIVERSAL_SEMANTIC_SCREEN,n640,n641
sixth_share,sixth_share:E0123,rtc_e6e278f0c59840bca948b24a8d20fb6d,fb276836-f274-4671-9c1e-db7190590218,2026-08-17 02:26:31.922541+00:00,UNIVERSAL_SEMANTIC_SCREEN,n643,ABSENT
tenth_share,tenth_share:E0001,rtc_efbb02e4d1754363871a5f47a925a82e,22809b45-318f-4fb1-b46d-7b60b56398be,2026-08-14 23:25:34.019456+00:00,UNIVERSAL_SEMANTIC_SCREEN,n13,n14
tenth_share,tenth_share:E0002,rtc_efbb02e4d1754363871a5f47a925a82e,22809b45-318f-4fb1-b46d-7b60b56398be,2026-08-14 23:26:59.576499+00:00,UNIVERSAL_SEMANTIC_SCREEN,n21,ABSENT
tenth_share,tenth_share:E0003,rtc_efbb02e4d1754363871a5f47a925a82e,22809b45-318f-4fb1-b46d-7b60b56398be,2026-08-14 23:27:26.114463+00:00,BUSINESS_INSTITUTIONAL_SCREEN,n34,n35
tenth_share,tenth_share:E0004,rtc_efbb02e4d1754363871a5f47a925a82e,22809b45-318f-4fb1-b46d-7b60b56398be,2026-08-14 23:27:49.619289+00:00,BUSINESS_INSTITUTIONAL_SCREEN;RTC_RULE_EPISODE;UNIVERSAL_SEMANTIC_SCREEN,n40;n42,n41
tenth_share,tenth_share:E0005,rtc_b5f776390f43443e88b0e2046b773a41,fe65c1a3-aa54-44b1-9d39-cfa45cb84ff8,2026-08-14 23:29:35.363889+00:00,BUSINESS_INSTITUTIONAL_SCREEN,n61,n62;n63;n66
tenth_share,tenth_share:E0006,rtc_b5f776390f43443e88b0e2046b773a41,fe65c1a3-aa54-44b1-9d39-cfa45cb84ff8,2026-08-14 23:31:46.624068+00:00,UNIVERSAL_SEMANTIC_SCREEN,n101,n104
tenth_share,tenth_share:E0007,rtc_b5f776390f43443e88b0e2046b773a41,fe65c1a3-aa54-44b1-9d39-cfa45cb84ff8,2026-08-14 23:33:11.193081+00:00,BUSINESS_INSTITUTIONAL_SCREEN,n113,n114;n115
tenth_share,tenth_share:E0008,rtc_b5f776390f43443e88b0e2046b773a41,fe65c1a3-aa54-44b1-9d39-cfa45cb84ff8,2026-08-14 23:34:29.217683+00:00,BUSINESS_INSTITUTIONAL_SCREEN,n118,n119;n128
tenth_share,tenth_share:E0009,rtc_b5f776390f43443e88b0e2046b773a41,fe65c1a3-aa54-44b1-9d39-cfa45cb84ff8,2026-08-14 23:35:15.360045+00:00,BUSINESS_INSTITUTIONAL_SCREEN,n131,n132
tenth_share,tenth_share:E0010,rtc_b5f776390f43443e88b0e2046b773a41,fe65c1a3-aa54-44b1-9d39-cfa45cb84ff8,2026-08-14 23:36:38.058030+00:00,BUSINESS_INSTITUTIONAL_SCREEN;FROZEN_INFERENCE_OPPORTUNITY;UNIVERSAL_SEMANTIC_SCREEN,n144,n145
tenth_share,tenth_share:E0011,rtc_b5f776390f43443e88b0e2046b773a41,fe65c1a3-aa54-44b1-9d39-cfa45cb84ff8,2026-08-14 23:37:07.021617+00:00,BUSINESS_INSTITUTIONAL_SCREEN,n146,n147;n150
tenth_share,tenth_share:E0012,rtc_b5f776390f43443e88b0e2046b773a41,fe65c1a3-aa54-44b1-9d39-cfa45cb84ff8,2026-08-14 23:37:31.869310+00:00,BUSINESS_INSTITUTIONAL_SCREEN;UNIVERSAL_SEMANTIC_SCREEN,n151,n152;n153
tenth_share,tenth_share:E0013,rtc_b5f776390f43443e88b0e2046b773a41,fe65c1a3-aa54-44b1-9d39-cfa45cb84ff8,2026-08-14 23:38:04.277334+00:00,BUSINESS_INSTITUTIONAL_SCREEN,n156,n157;n160
tenth_share,tenth_share:E0014,rtc_b5f776390f43443e88b0e2046b773a41,fe65c1a3-aa54-44b1-9d39-cfa45cb84ff8,2026-08-14 23:39:04.961346+00:00,UNIVERSAL_SEMANTIC_SCREEN,n163,n164
tenth_share,tenth_share:E0015,rtc_b5f776390f43443e88b0e2046b773a41,fe65c1a3-aa54-44b1-9d39-cfa45cb84ff8,2026-08-14 23:40:13.122712+00:00,BUSINESS_INSTITUTIONAL_SCREEN;UNIVERSAL_SEMANTIC_SCREEN,n167,n168;n171
tenth_share,tenth_share:E0016,rtc_b5f776390f43443e88b0e2046b773a41,fe65c1a3-aa54-44b1-9d39-cfa45cb84ff8,2026-08-14 23:41:37.638192+00:00,BUSINESS_INSTITUTIONAL_SCREEN;UNIVERSAL_SEMANTIC_SCREEN,n176,n177
tenth_share,tenth_share:E0017,rtc_b5f776390f43443e88b0e2046b773a41,fe65c1a3-aa54-44b1-9d39-cfa45cb84ff8,2026-08-14 23:42:39.424768+00:00,BUSINESS_INSTITUTIONAL_SCREEN;UNIVERSAL_SEMANTIC_SCREEN,n181,n182;n186
tenth_share,tenth_share:E0018,rtc_b5f776390f43443e88b0e2046b773a41,fe65c1a3-aa54-44b1-9d39-cfa45cb84ff8,2026-08-14 23:43:19.049437+00:00,BUSINESS_INSTITUTIONAL_SCREEN;UNIVERSAL_SEMANTIC_SCREEN,n187,n188;n194
tenth_share,tenth_share:E0019,rtc_b5f776390f43443e88b0e2046b773a41,fe65c1a3-aa54-44b1-9d39-cfa45cb84ff8,2026-08-14 23:45:11.002104+00:00,UNIVERSAL_SEMANTIC_SCREEN,n215,n216
tenth_share,tenth_share:E0020,rtc_b5f776390f43443e88b0e2046b773a41,fe65c1a3-aa54-44b1-9d39-cfa45cb84ff8,2026-08-14 23:48:37.509143+00:00,BUSINESS_INSTITUTIONAL_SCREEN,n225,n226
tenth_share,tenth_share:E0021,rtc_b5f776390f43443e88b0e2046b773a41,fe65c1a3-aa54-44b1-9d39-cfa45cb84ff8,2026-08-14 23:48:50.684970+00:00,BUSINESS_INSTITUTIONAL_SCREEN,n229,n230
tenth_share,tenth_share:E0022,rtc_b5f776390f43443e88b0e2046b773a41,fe65c1a3-aa54-44b1-9d39-cfa45cb84ff8,2026-08-14 23:49:06.589425+00:00,UNIVERSAL_SEMANTIC_SCREEN,n232,n236
tenth_share,tenth_share:E0023,rtc_b5f776390f43443e88b0e2046b773a41,fe65c1a3-aa54-44b1-9d39-cfa45cb84ff8,2026-08-14 23:49:30.538883+00:00,BUSINESS_INSTITUTIONAL_SCREEN,n237,n238
tenth_share,tenth_share:E0024,rtc_b5f776390f43443e88b0e2046b773a41,fe65c1a3-aa54-44b1-9d39-cfa45cb84ff8,2026-08-14 23:52:33.405810+00:00,UNIVERSAL_SEMANTIC_SCREEN,n250,n253
tenth_share,tenth_share:E0025,rtc_b5f776390f43443e88b0e2046b773a41,fe65c1a3-aa54-44b1-9d39-cfa45cb84ff8,2026-08-14 23:53:50.893142+00:00,BUSINESS_INSTITUTIONAL_SCREEN,n258,n259
tenth_share,tenth_share:E0026,rtc_b5f776390f43443e88b0e2046b773a41,fe65c1a3-aa54-44b1-9d39-cfa45cb84ff8,2026-08-14 23:54:02.575894+00:00,BUSINESS_INSTITUTIONAL_SCREEN,n260,n261
tenth_share,tenth_share:E0027,rtc_b5f776390f43443e88b0e2046b773a41,fe65c1a3-aa54-44b1-9d39-cfa45cb84ff8,2026-08-14 23:54:54.649714+00:00,BUSINESS_INSTITUTIONAL_SCREEN,n270,n271
tenth_share,tenth_share:E0028,rtc_b5f776390f43443e88b0e2046b773a41,fe65c1a3-aa54-44b1-9d39-cfa45cb84ff8,2026-08-14 23:55:52.541056+00:00,UNIVERSAL_SEMANTIC_SCREEN,n278,n279
tenth_share,tenth_share:E0029,rtc_b5f776390f43443e88b0e2046b773a41,fe65c1a3-aa54-44b1-9d39-cfa45cb84ff8,2026-08-14 23:57:25.620679+00:00,BUSINESS_INSTITUTIONAL_SCREEN,n290,n291
tenth_share,tenth_share:E0030,rtc_b5f776390f43443e88b0e2046b773a41,fe65c1a3-aa54-44b1-9d39-cfa45cb84ff8,2026-08-14 23:58:02.523482+00:00,UNIVERSAL_SEMANTIC_SCREEN,n292,n293
tenth_share,tenth_share:E0031,rtc_b5f776390f43443e88b0e2046b773a41,fe65c1a3-aa54-44b1-9d39-cfa45cb84ff8,2026-08-14 23:58:23.527858+00:00,UNIVERSAL_SEMANTIC_SCREEN,n294,n295
tenth_share,tenth_share:E0032,rtc_b5f776390f43443e88b0e2046b773a41,fe65c1a3-aa54-44b1-9d39-cfa45cb84ff8,2026-08-14 23:58:40.553130+00:00,UNIVERSAL_SEMANTIC_SCREEN,n296,n297
tenth_share,tenth_share:E0033,rtc_b5f776390f43443e88b0e2046b773a41,fe65c1a3-aa54-44b1-9d39-cfa45cb84ff8,2026-08-15 00:01:11.634371+00:00,UNIVERSAL_SEMANTIC_SCREEN,n322,ABSENT
tenth_share,tenth_share:E0034,rtc_b5f776390f43443e88b0e2046b773a41,fe65c1a3-aa54-44b1-9d39-cfa45cb84ff8,2026-08-15 00:01:47.307054+00:00,UNIVERSAL_SEMANTIC_SCREEN,n324,n327
tenth_share,tenth_share:E0035,rtc_b5f776390f43443e88b0e2046b773a41,fe65c1a3-aa54-44b1-9d39-cfa45cb84ff8,2026-08-15 00:03:18.507376+00:00,BUSINESS_INSTITUTIONAL_SCREEN;UNIVERSAL_SEMANTIC_SCREEN,n330,n331;n335
tenth_share,tenth_share:E0036,rtc_b5f776390f43443e88b0e2046b773a41,fe65c1a3-aa54-44b1-9d39-cfa45cb84ff8,2026-08-15 00:05:30.846826+00:00,FROZEN_INFERENCE_OPPORTUNITY,n344,n345;n348
tenth_share,tenth_share:E0037,rtc_b5f776390f43443e88b0e2046b773a41,fe65c1a3-aa54-44b1-9d39-cfa45cb84ff8,2026-08-15 00:05:59.918845+00:00,UNIVERSAL_SEMANTIC_SCREEN,n349,n350
tenth_share,tenth_share:E0038,rtc_b5f776390f43443e88b0e2046b773a41,fe65c1a3-aa54-44b1-9d39-cfa45cb84ff8,2026-08-15 00:06:44.329579+00:00,AGENCY_NEUTRAL_OPPORTUNITY;BUSINESS_INSTITUTIONAL_SCREEN;FROZEN_INFERENCE_OPPORTUNITY;UNIVERSAL_SEMANTIC_SCREEN,n353,n354
tenth_share,tenth_share:E0039,rtc_b5f776390f43443e88b0e2046b773a41,fe65c1a3-aa54-44b1-9d39-cfa45cb84ff8,2026-08-15 00:08:14.272235+00:00,BUSINESS_INSTITUTIONAL_SCREEN,n355,n356;n364
tenth_share,tenth_share:E0040,rtc_b5f776390f43443e88b0e2046b773a41,fe65c1a3-aa54-44b1-9d39-cfa45cb84ff8,2026-08-15 00:09:19.768445+00:00,UNIVERSAL_SEMANTIC_SCREEN,n372,n373
tenth_share,tenth_share:E0041,rtc_b5f776390f43443e88b0e2046b773a41,fe65c1a3-aa54-44b1-9d39-cfa45cb84ff8,2026-08-15 00:09:38.486075+00:00,BUSINESS_INSTITUTIONAL_SCREEN;UNIVERSAL_SEMANTIC_SCREEN,n374;n376,n375;n377
tenth_share,tenth_share:E0042,rtc_b5f776390f43443e88b0e2046b773a41,fe65c1a3-aa54-44b1-9d39-cfa45cb84ff8,2026-08-15 00:12:35.170277+00:00,BUSINESS_INSTITUTIONAL_SCREEN,n388,n389;n392
tenth_share,tenth_share:E0043,rtc_b5f776390f43443e88b0e2046b773a41,fe65c1a3-aa54-44b1-9d39-cfa45cb84ff8,2026-08-15 00:13:50.577515+00:00,UNIVERSAL_SEMANTIC_SCREEN,n397,n398
tenth_share,tenth_share:E0044,rtc_b5f776390f43443e88b0e2046b773a41,fe65c1a3-aa54-44b1-9d39-cfa45cb84ff8,2026-08-15 00:14:32.333837+00:00,UNIVERSAL_SEMANTIC_SCREEN,n399,n400
tenth_share,tenth_share:E0045,rtc_b5f776390f43443e88b0e2046b773a41,fe65c1a3-aa54-44b1-9d39-cfa45cb84ff8,2026-08-15 00:14:44.803977+00:00,UNIVERSAL_SEMANTIC_SCREEN,n401,n402
tenth_share,tenth_share:E0046,rtc_b5f776390f43443e88b0e2046b773a41,fe65c1a3-aa54-44b1-9d39-cfa45cb84ff8,2026-08-15 00:15:21.903084+00:00,BUSINESS_INSTITUTIONAL_SCREEN;UNIVERSAL_SEMANTIC_SCREEN,n403,n404;n405
tenth_share,tenth_share:E0047,rtc_b5f776390f43443e88b0e2046b773a41,fe65c1a3-aa54-44b1-9d39-cfa45cb84ff8,2026-08-15 00:15:47.004661+00:00,BUSINESS_INSTITUTIONAL_SCREEN;UNIVERSAL_SEMANTIC_SCREEN,n411,n412;n415
tenth_share,tenth_share:E0048,rtc_b5f776390f43443e88b0e2046b773a41,fe65c1a3-aa54-44b1-9d39-cfa45cb84ff8,2026-08-15 00:16:56.969616+00:00,UNIVERSAL_SEMANTIC_SCREEN,n422,n423
tenth_share,tenth_share:E0049,rtc_b5f776390f43443e88b0e2046b773a41,fe65c1a3-aa54-44b1-9d39-cfa45cb84ff8,2026-08-15 00:18:06.545453+00:00,BUSINESS_INSTITUTIONAL_SCREEN;UNIVERSAL_SEMANTIC_SCREEN,n424,n425
tenth_share,tenth_share:E0050,rtc_b5f776390f43443e88b0e2046b773a41,fe65c1a3-aa54-44b1-9d39-cfa45cb84ff8,2026-08-15 00:18:50.820285+00:00,UNIVERSAL_SEMANTIC_SCREEN,n428,n429
tenth_share,tenth_share:E0051,rtc_b5f776390f43443e88b0e2046b773a41,fe65c1a3-aa54-44b1-9d39-cfa45cb84ff8,2026-08-15 00:19:03.484019+00:00,BUSINESS_INSTITUTIONAL_SCREEN;UNIVERSAL_SEMANTIC_SCREEN,n430,n431
tenth_share,tenth_share:E0052,rtc_b5f776390f43443e88b0e2046b773a41,fe65c1a3-aa54-44b1-9d39-cfa45cb84ff8,2026-08-15 00:20:55.764346+00:00,BUSINESS_INSTITUTIONAL_SCREEN,n442,n443;n446
tenth_share,tenth_share:E0053,rtc_b5f776390f43443e88b0e2046b773a41,fe65c1a3-aa54-44b1-9d39-cfa45cb84ff8,2026-08-15 00:21:33.605572+00:00,BUSINESS_INSTITUTIONAL_SCREEN,n447,n448;n451
tenth_share,tenth_share:E0054,rtc_b5f776390f43443e88b0e2046b773a41,fe65c1a3-aa54-44b1-9d39-cfa45cb84ff8,2026-08-15 00:21:48.320072+00:00,BUSINESS_INSTITUTIONAL_SCREEN,n452,n453
tenth_share,tenth_share:E0055,rtc_b5f776390f43443e88b0e2046b773a41,fe65c1a3-aa54-44b1-9d39-cfa45cb84ff8,2026-08-15 00:22:17.426118+00:00,UNIVERSAL_SEMANTIC_SCREEN,n454,n455
tenth_share,tenth_share:E0056,rtc_b5f776390f43443e88b0e2046b773a41,fe65c1a3-aa54-44b1-9d39-cfa45cb84ff8,2026-08-15 00:23:15.740261+00:00,AGENCY_NEUTRAL_OPPORTUNITY;BUSINESS_INSTITUTIONAL_SCREEN;FROZEN_INFERENCE_OPPORTUNITY,n458,n459;n462
tenth_share,tenth_share:E0057,rtc_b5f776390f43443e88b0e2046b773a41,fe65c1a3-aa54-44b1-9d39-cfa45cb84ff8,2026-08-15 00:23:59.837976+00:00,BUSINESS_INSTITUTIONAL_SCREEN;UNIVERSAL_SEMANTIC_SCREEN,n465,n466
tenth_share,tenth_share:E0058,rtc_b5f776390f43443e88b0e2046b773a41,fe65c1a3-aa54-44b1-9d39-cfa45cb84ff8,2026-08-15 00:26:18.604566+00:00,BUSINESS_INSTITUTIONAL_SCREEN,n475,n476
tenth_share,tenth_share:E0059,rtc_b5f776390f43443e88b0e2046b773a41,fe65c1a3-aa54-44b1-9d39-cfa45cb84ff8,2026-08-15 00:27:17.156574+00:00,BUSINESS_INSTITUTIONAL_SCREEN;UNIVERSAL_SEMANTIC_SCREEN,n477,n478
tenth_share,tenth_share:E0060,rtc_b5f776390f43443e88b0e2046b773a41,fe65c1a3-aa54-44b1-9d39-cfa45cb84ff8,2026-08-15 00:27:34.802215+00:00,BUSINESS_INSTITUTIONAL_SCREEN;UNIVERSAL_SEMANTIC_SCREEN,n479,n480
tenth_share,tenth_share:E0061,rtc_b5f776390f43443e88b0e2046b773a41,fe65c1a3-aa54-44b1-9d39-cfa45cb84ff8,2026-08-15 00:29:56.216616+00:00,BUSINESS_INSTITUTIONAL_SCREEN;FROZEN_INFERENCE_OPPORTUNITY,n496,n497
tenth_share,tenth_share:E0062,rtc_b5f776390f43443e88b0e2046b773a41,fe65c1a3-aa54-44b1-9d39-cfa45cb84ff8,2026-08-15 00:31:58.333027+00:00,BUSINESS_INSTITUTIONAL_SCREEN;UNIVERSAL_SEMANTIC_SCREEN,n502;n507,n503;n506;n508
tenth_share,tenth_share:E0063,rtc_b5f776390f43443e88b0e2046b773a41,fe65c1a3-aa54-44b1-9d39-cfa45cb84ff8,2026-08-15 00:32:47.059754+00:00,BUSINESS_INSTITUTIONAL_SCREEN;UNIVERSAL_SEMANTIC_SCREEN,n509,n510
tenth_share,tenth_share:E0064,rtc_b5f776390f43443e88b0e2046b773a41,fe65c1a3-aa54-44b1-9d39-cfa45cb84ff8,2026-08-15 00:33:50.718440+00:00,BUSINESS_INSTITUTIONAL_SCREEN;FROZEN_INFERENCE_OPPORTUNITY;UNIVERSAL_SEMANTIC_SCREEN,n511,n512;n515
tenth_share,tenth_share:E0065,rtc_b5f776390f43443e88b0e2046b773a41,fe65c1a3-aa54-44b1-9d39-cfa45cb84ff8,2026-08-15 00:34:51.924859+00:00,AGENCY_NEUTRAL_OPPORTUNITY;BUSINESS_INSTITUTIONAL_SCREEN;FROZEN_INFERENCE_OPPORTUNITY;UNIVERSAL_SEMANTIC_SCREEN,n520;n522;n528,n521;n523;n527;n529;n532
tenth_share,tenth_share:E0066,rtc_b5f776390f43443e88b0e2046b773a41,fe65c1a3-aa54-44b1-9d39-cfa45cb84ff8,2026-08-15 00:37:51.490135+00:00,BUSINESS_INSTITUTIONAL_SCREEN,n533,n534;n545
tenth_share,tenth_share:E0067,rtc_b5f776390f43443e88b0e2046b773a41,fe65c1a3-aa54-44b1-9d39-cfa45cb84ff8,2026-08-15 00:38:30.598692+00:00,BUSINESS_INSTITUTIONAL_SCREEN;FROZEN_INFERENCE_OPPORTUNITY;UNIVERSAL_SEMANTIC_SCREEN,n546;n551,n547;n552
tenth_share,tenth_share:E0068,rtc_b5f776390f43443e88b0e2046b773a41,fe65c1a3-aa54-44b1-9d39-cfa45cb84ff8,2026-08-15 00:39:40.367896+00:00,BUSINESS_INSTITUTIONAL_SCREEN;UNIVERSAL_SEMANTIC_SCREEN,n553,n554;n557
tenth_share,tenth_share:E0069,rtc_b5f776390f43443e88b0e2046b773a41,fe65c1a3-aa54-44b1-9d39-cfa45cb84ff8,2026-08-15 00:40:41.036161+00:00,AGENCY_NEUTRAL_OPPORTUNITY;BUSINESS_INSTITUTIONAL_SCREEN;FROZEN_INFERENCE_OPPORTUNITY,n560,n561;n564
tenth_share,tenth_share:E0070,rtc_b5f776390f43443e88b0e2046b773a41,fe65c1a3-aa54-44b1-9d39-cfa45cb84ff8,2026-08-15 00:41:23.486431+00:00,BUSINESS_INSTITUTIONAL_SCREEN;UNIVERSAL_SEMANTIC_SCREEN,n567,n568;n571
tenth_share,tenth_share:E0071,rtc_b5f776390f43443e88b0e2046b773a41,fe65c1a3-aa54-44b1-9d39-cfa45cb84ff8,2026-08-15 00:42:56.797802+00:00,BUSINESS_INSTITUTIONAL_SCREEN,n579,n580;n583
tenth_share,tenth_share:E0072,rtc_b5f776390f43443e88b0e2046b773a41,fe65c1a3-aa54-44b1-9d39-cfa45cb84ff8,2026-08-15 00:43:22.373185+00:00,BUSINESS_INSTITUTIONAL_SCREEN,n584,n585;n588
tenth_share,tenth_share:E0073,rtc_b5f776390f43443e88b0e2046b773a41,fe65c1a3-aa54-44b1-9d39-cfa45cb84ff8,2026-08-15 00:44:17.662830+00:00,BUSINESS_INSTITUTIONAL_SCREEN,n591,n592;n595
tenth_share,tenth_share:E0074,rtc_b5f776390f43443e88b0e2046b773a41,fe65c1a3-aa54-44b1-9d39-cfa45cb84ff8,2026-08-15 00:44:52.033581+00:00,BUSINESS_INSTITUTIONAL_SCREEN;UNIVERSAL_SEMANTIC_SCREEN,n596,n597
tenth_share,tenth_share:E0075,rtc_b5f776390f43443e88b0e2046b773a41,fe65c1a3-aa54-44b1-9d39-cfa45cb84ff8,2026-08-15 00:45:12.787811+00:00,BUSINESS_INSTITUTIONAL_SCREEN;UNIVERSAL_SEMANTIC_SCREEN,n601,n602
tenth_share,tenth_share:E0076,rtc_b5f776390f43443e88b0e2046b773a41,fe65c1a3-aa54-44b1-9d39-cfa45cb84ff8,2026-08-15 00:46:19.392233+00:00,BUSINESS_INSTITUTIONAL_SCREEN;UNIVERSAL_SEMANTIC_SCREEN,n603,n604;n607
tenth_share,tenth_share:E0077,rtc_b5f776390f43443e88b0e2046b773a41,fe65c1a3-aa54-44b1-9d39-cfa45cb84ff8,2026-08-15 00:46:46.895339+00:00,BUSINESS_INSTITUTIONAL_SCREEN;UNIVERSAL_SEMANTIC_SCREEN,n608;n613,n609;n614
tenth_share,tenth_share:E0078,rtc_b5f776390f43443e88b0e2046b773a41,fe65c1a3-aa54-44b1-9d39-cfa45cb84ff8,2026-08-15 00:47:05.448958+00:00,UNIVERSAL_SEMANTIC_SCREEN,n617,n618;n619;n620
tenth_share,tenth_share:E0079,rtc_b5f776390f43443e88b0e2046b773a41,fe65c1a3-aa54-44b1-9d39-cfa45cb84ff8,2026-08-15 00:47:33.685271+00:00,UNIVERSAL_SEMANTIC_SCREEN,n623,n624
tenth_share,tenth_share:E0080,rtc_b5f776390f43443e88b0e2046b773a41,fe65c1a3-aa54-44b1-9d39-cfa45cb84ff8,2026-08-15 00:48:20.674359+00:00,BUSINESS_INSTITUTIONAL_SCREEN;UNIVERSAL_SEMANTIC_SCREEN,n629;n631,n630;n632
tenth_share,tenth_share:E0081,rtc_b5f776390f43443e88b0e2046b773a41,fe65c1a3-aa54-44b1-9d39-cfa45cb84ff8,2026-08-15 00:49:55.231452+00:00,BUSINESS_INSTITUTIONAL_SCREEN,n635,n636
tenth_share,tenth_share:E0082,rtc_b5f776390f43443e88b0e2046b773a41,fe65c1a3-aa54-44b1-9d39-cfa45cb84ff8,2026-08-15 00:50:39.679419+00:00,BUSINESS_INSTITUTIONAL_SCREEN;UNIVERSAL_SEMANTIC_SCREEN,n637,n638;n640
tenth_share,tenth_share:E0083,rtc_b5f776390f43443e88b0e2046b773a41,fe65c1a3-aa54-44b1-9d39-cfa45cb84ff8,2026-08-15 00:50:56.393600+00:00,BUSINESS_INSTITUTIONAL_SCREEN;UNIVERSAL_SEMANTIC_SCREEN,n644,n645
tenth_share,tenth_share:E0084,rtc_b5f776390f43443e88b0e2046b773a41,fe65c1a3-aa54-44b1-9d39-cfa45cb84ff8,2026-08-15 00:51:07.611664+00:00,BUSINESS_INSTITUTIONAL_SCREEN;UNIVERSAL_SEMANTIC_SCREEN,n649;n651,n650;n659
tenth_share,tenth_share:E0085,rtc_b5f776390f43443e88b0e2046b773a41,fe65c1a3-aa54-44b1-9d39-cfa45cb84ff8,2026-08-15 00:53:54.895701+00:00,BUSINESS_INSTITUTIONAL_SCREEN;UNIVERSAL_SEMANTIC_SCREEN,n667;n670,n668;n676
test4,test4:E0001,rtc_d305d6313f9a4266be6da78e277c6c8c,346a5a0b-2e8c-4a6f-995e-f295e0dce039,2026-08-13 20:46:51.955573+00:00,BUSINESS_INSTITUTIONAL_SCREEN;UNIVERSAL_SEMANTIC_SCREEN,n33,n34;n36
test4,test4:E0002,rtc_d305d6313f9a4266be6da78e277c6c8c,346a5a0b-2e8c-4a6f-995e-f295e0dce039,2026-08-13 20:47:21.697397+00:00,BUSINESS_INSTITUTIONAL_SCREEN,n37,n38;n41
test4,test4:E0003,rtc_d305d6313f9a4266be6da78e277c6c8c,346a5a0b-2e8c-4a6f-995e-f295e0dce039,2026-08-13 20:48:09.463056+00:00,BUSINESS_INSTITUTIONAL_SCREEN;UNIVERSAL_SEMANTIC_SCREEN,n42,n43;n47
test4,test4:E0004,rtc_d305d6313f9a4266be6da78e277c6c8c,346a5a0b-2e8c-4a6f-995e-f295e0dce039,2026-08-13 20:49:00.276484+00:00,BUSINESS_INSTITUTIONAL_SCREEN,n48,n49;n52
test4,test4:E0005,rtc_d305d6313f9a4266be6da78e277c6c8c,346a5a0b-2e8c-4a6f-995e-f295e0dce039,2026-08-13 20:52:30.829307+00:00,BUSINESS_INSTITUTIONAL_SCREEN,n59,n60
test4,test4:E0006,rtc_d305d6313f9a4266be6da78e277c6c8c,346a5a0b-2e8c-4a6f-995e-f295e0dce039,2026-08-13 20:53:15.138474+00:00,BUSINESS_INSTITUTIONAL_SCREEN,n61,n62;n68
test4,test4:E0007,rtc_d305d6313f9a4266be6da78e277c6c8c,346a5a0b-2e8c-4a6f-995e-f295e0dce039,2026-08-13 20:53:48.422343+00:00,BUSINESS_INSTITUTIONAL_SCREEN,n69,n70;n73
test4,test4:E0008,rtc_d305d6313f9a4266be6da78e277c6c8c,346a5a0b-2e8c-4a6f-995e-f295e0dce039,2026-08-13 20:54:45.700687+00:00,BUSINESS_INSTITUTIONAL_SCREEN,n74,n75;n80
test4,test4:E0009,rtc_d305d6313f9a4266be6da78e277c6c8c,346a5a0b-2e8c-4a6f-995e-f295e0dce039,2026-08-13 20:54:59.358973+00:00,BUSINESS_INSTITUTIONAL_SCREEN,n81,n82
test4,test4:E0010,rtc_d305d6313f9a4266be6da78e277c6c8c,346a5a0b-2e8c-4a6f-995e-f295e0dce039,2026-08-13 20:55:10.332482+00:00,BUSINESS_INSTITUTIONAL_SCREEN;UNIVERSAL_SEMANTIC_SCREEN,n87,n88
test4,test4:E0011,rtc_d305d6313f9a4266be6da78e277c6c8c,346a5a0b-2e8c-4a6f-995e-f295e0dce039,2026-08-13 20:55:32.723855+00:00,BUSINESS_INSTITUTIONAL_SCREEN,n89,n90;n93
test4,test4:E0012,rtc_d305d6313f9a4266be6da78e277c6c8c,346a5a0b-2e8c-4a6f-995e-f295e0dce039,2026-08-13 20:56:29.895094+00:00,BUSINESS_INSTITUTIONAL_SCREEN,n102,n103;n106
test4,test4:E0014,rtc_d305d6313f9a4266be6da78e277c6c8c,346a5a0b-2e8c-4a6f-995e-f295e0dce039,2026-08-13 20:56:48.554770+00:00,BUSINESS_INSTITUTIONAL_SCREEN,n113,n114;n117
test4,test4:E0013,rtc_d305d6313f9a4266be6da78e277c6c8c,346a5a0b-2e8c-4a6f-995e-f295e0dce039,2026-08-13 20:56:48.960642+00:00,BUSINESS_INSTITUTIONAL_SCREEN,n107,n108;n112
test4,test4:E0015,rtc_d305d6313f9a4266be6da78e277c6c8c,346a5a0b-2e8c-4a6f-995e-f295e0dce039,2026-08-13 20:57:04.148680+00:00,BUSINESS_INSTITUTIONAL_SCREEN,n120,n121;n125
test4,test4:E0017,rtc_d305d6313f9a4266be6da78e277c6c8c,346a5a0b-2e8c-4a6f-995e-f295e0dce039,2026-08-13 20:58:42.946649+00:00,BUSINESS_INSTITUTIONAL_SCREEN,n131,n132;n135
test4,test4:E0018,rtc_d305d6313f9a4266be6da78e277c6c8c,346a5a0b-2e8c-4a6f-995e-f295e0dce039,2026-08-13 20:59:12.766176+00:00,BUSINESS_INSTITUTIONAL_SCREEN,n136,n137
test4,test4:E0019,rtc_d305d6313f9a4266be6da78e277c6c8c,346a5a0b-2e8c-4a6f-995e-f295e0dce039,2026-08-13 20:59:18.718217+00:00,BUSINESS_INSTITUTIONAL_SCREEN;PRIMARY_REFUSAL_TO_INFER_EVENT,n143,n144
test4,test4:E0020,rtc_d305d6313f9a4266be6da78e277c6c8c,346a5a0b-2e8c-4a6f-995e-f295e0dce039,2026-08-13 20:59:53.739284+00:00,BUSINESS_INSTITUTIONAL_SCREEN,n145,n146;n152
test4,test4:E0021,rtc_d305d6313f9a4266be6da78e277c6c8c,346a5a0b-2e8c-4a6f-995e-f295e0dce039,2026-08-13 21:00:28.366861+00:00,BUSINESS_INSTITUTIONAL_SCREEN,n153,n154
test4,test4:E0022,rtc_d305d6313f9a4266be6da78e277c6c8c,346a5a0b-2e8c-4a6f-995e-f295e0dce039,2026-08-13 21:00:33.141869+00:00,BUSINESS_INSTITUTIONAL_SCREEN,n158,n159
test4,test4:E0023,rtc_d305d6313f9a4266be6da78e277c6c8c,346a5a0b-2e8c-4a6f-995e-f295e0dce039,2026-08-13 21:00:57.842970+00:00,BUSINESS_INSTITUTIONAL_SCREEN,n160,n161;n164
test4,test4:E0016,rtc_d305d6313f9a4266be6da78e277c6c8c,346a5a0b-2e8c-4a6f-995e-f295e0dce039,2026-08-13 21:03:41.840451+00:00,BUSINESS_INSTITUTIONAL_SCREEN,n126,n127;n130
test4,test4:E0024,rtc_d305d6313f9a4266be6da78e277c6c8c,346a5a0b-2e8c-4a6f-995e-f295e0dce039,2026-08-13 21:04:08.189239+00:00,BUSINESS_INSTITUTIONAL_SCREEN;UNIVERSAL_SEMANTIC_SCREEN,n167,n168;n172
test4,test4:E0025,rtc_d305d6313f9a4266be6da78e277c6c8c,346a5a0b-2e8c-4a6f-995e-f295e0dce039,2026-08-13 21:06:10.808520+00:00,BUSINESS_INSTITUTIONAL_SCREEN,n173,n174;n177
test4,test4:E0027,rtc_d305d6313f9a4266be6da78e277c6c8c,346a5a0b-2e8c-4a6f-995e-f295e0dce039,2026-08-13 21:06:40.463858+00:00,BUSINESS_INSTITUTIONAL_SCREEN;UNIVERSAL_SEMANTIC_SCREEN,n183,n184;n187
test4,test4:E0026,rtc_d305d6313f9a4266be6da78e277c6c8c,346a5a0b-2e8c-4a6f-995e-f295e0dce039,2026-08-13 21:06:49.561312+00:00,BUSINESS_INSTITUTIONAL_SCREEN,n178,n179;n182
test4,test4:E0028,rtc_d305d6313f9a4266be6da78e277c6c8c,346a5a0b-2e8c-4a6f-995e-f295e0dce039,2026-08-13 21:07:59.639523+00:00,BUSINESS_INSTITUTIONAL_SCREEN,n188,n191
test4,test4:E0029,rtc_d305d6313f9a4266be6da78e277c6c8c,346a5a0b-2e8c-4a6f-995e-f295e0dce039,2026-08-13 21:08:34.896255+00:00,BUSINESS_INSTITUTIONAL_SCREEN,n192,n193;n196
test4,test4:E0030,rtc_d305d6313f9a4266be6da78e277c6c8c,346a5a0b-2e8c-4a6f-995e-f295e0dce039,2026-08-13 21:09:04.599817+00:00,BUSINESS_INSTITUTIONAL_SCREEN,n197,n198;n201
test4,test4:E0031,rtc_d305d6313f9a4266be6da78e277c6c8c,346a5a0b-2e8c-4a6f-995e-f295e0dce039,2026-08-13 21:10:01.860670+00:00,BUSINESS_INSTITUTIONAL_SCREEN,n202,n203;n206
test4,test4:E0032,rtc_d305d6313f9a4266be6da78e277c6c8c,346a5a0b-2e8c-4a6f-995e-f295e0dce039,2026-08-13 21:11:39.688135+00:00,BUSINESS_INSTITUTIONAL_SCREEN,n207,n208;n211
test4,test4:E0033,rtc_d305d6313f9a4266be6da78e277c6c8c,346a5a0b-2e8c-4a6f-995e-f295e0dce039,2026-08-13 21:13:04.958652+00:00,BUSINESS_INSTITUTIONAL_SCREEN,n212,n213;n216
test4,test4:E0034,rtc_d305d6313f9a4266be6da78e277c6c8c,346a5a0b-2e8c-4a6f-995e-f295e0dce039,2026-08-13 21:13:29.111718+00:00,BUSINESS_INSTITUTIONAL_SCREEN;UNIVERSAL_SEMANTIC_SCREEN,n217,n218;n222
test4,test4:E0035,rtc_d305d6313f9a4266be6da78e277c6c8c,346a5a0b-2e8c-4a6f-995e-f295e0dce039,2026-08-13 21:15:10.264788+00:00,AGENCY_NEUTRAL_OPPORTUNITY;AO30_EVENT;BUSINESS_INSTITUTIONAL_SCREEN;CAPABILITY_TOOL_EVIDENCE_CLAIM;CONFIRMED_CRITIQUE_BEFORE_COMPLETE_READING;FROZEN_INFERENCE_OPPORTUNITY;UNIVERSAL_SEMANTIC_SCREEN,n223;n235;n242;n247;n256;n261;n267;n269;n271;n273;n281;n286;n292;n294;n296;n298;n300;n305;n313;n315;n317;n319;n321;n323;n325;n328;n330;n332;n334;n337;n339;n341;n343;n345;n348;n350;n352;n354;n356;n358;n360;n362;n364;n366;n368,n224;n234;n236;n241;n243;n246;n248;n255;n257;n260;n266;n268;n270;n272;n274;n280;n282;n285;n287;n291;n293;n295;n297;n299;n301;n304;n306;n314;n316;n318;n320;n322;n324;n326;n327;n329;n331;n333;n335;n336;n338;n340;n342;n344;n346;n347;n349;n351;n353;n355;n357;n359;n361;n363;n365;n367;n369
test4,test4:E0036,rtc_d305d6313f9a4266be6da78e277c6c8c,346a5a0b-2e8c-4a6f-995e-f295e0dce039,2026-08-13 21:33:56.600569+00:00,BUSINESS_INSTITUTIONAL_SCREEN;UNIVERSAL_SEMANTIC_SCREEN,n372;n374,n373;n375
test4,test4:E0037,rtc_d305d6313f9a4266be6da78e277c6c8c,346a5a0b-2e8c-4a6f-995e-f295e0dce039,2026-08-13 21:34:47.475680+00:00,BUSINESS_INSTITUTIONAL_SCREEN,n380,n381
test4,test4:E0038,rtc_d305d6313f9a4266be6da78e277c6c8c,346a5a0b-2e8c-4a6f-995e-f295e0dce039,2026-08-13 21:36:14.341366+00:00,BUSINESS_INSTITUTIONAL_SCREEN,n390,n391
test4,test4:E0039,rtc_d305d6313f9a4266be6da78e277c6c8c,346a5a0b-2e8c-4a6f-995e-f295e0dce039,2026-08-13 21:37:48.732373+00:00,BUSINESS_INSTITUTIONAL_SCREEN;UNIVERSAL_SEMANTIC_SCREEN,n394,n395;n396;n397
test4,test4:E0040,rtc_d305d6313f9a4266be6da78e277c6c8c,346a5a0b-2e8c-4a6f-995e-f295e0dce039,2026-08-13 21:38:40.958855+00:00,BUSINESS_INSTITUTIONAL_SCREEN,n400,n401
test4,test4:E0041,rtc_d305d6313f9a4266be6da78e277c6c8c,346a5a0b-2e8c-4a6f-995e-f295e0dce039,2026-08-13 21:38:47.144581+00:00,BUSINESS_INSTITUTIONAL_SCREEN;UNIVERSAL_SEMANTIC_SCREEN,n406;n411,n407;n416
test4,test4:E0042,rtc_d305d6313f9a4266be6da78e277c6c8c,346a5a0b-2e8c-4a6f-995e-f295e0dce039,2026-08-13 21:41:54.263183+00:00,BUSINESS_INSTITUTIONAL_SCREEN;UNIVERSAL_SEMANTIC_SCREEN,n425,n426
test4,test4:E0043,rtc_d305d6313f9a4266be6da78e277c6c8c,346a5a0b-2e8c-4a6f-995e-f295e0dce039,2026-08-13 21:42:35.333947+00:00,BUSINESS_INSTITUTIONAL_SCREEN;UNIVERSAL_SEMANTIC_SCREEN,n431,n432
test4,test4:E0044,rtc_d305d6313f9a4266be6da78e277c6c8c,346a5a0b-2e8c-4a6f-995e-f295e0dce039,2026-08-13 21:43:30.515882+00:00,BUSINESS_INSTITUTIONAL_SCREEN,n433,n434;n439
test4,test4:E0045,rtc_d305d6313f9a4266be6da78e277c6c8c,346a5a0b-2e8c-4a6f-995e-f295e0dce039,2026-08-13 21:44:12.486349+00:00,BUSINESS_INSTITUTIONAL_SCREEN,n446,n447
test4,test4:E0046,rtc_d305d6313f9a4266be6da78e277c6c8c,346a5a0b-2e8c-4a6f-995e-f295e0dce039,2026-08-13 21:44:55.021138+00:00,BUSINESS_INSTITUTIONAL_SCREEN,n450,n451;n454
test4,test4:E0047,rtc_d305d6313f9a4266be6da78e277c6c8c,346a5a0b-2e8c-4a6f-995e-f295e0dce039,2026-08-13 21:45:44.098818+00:00,BUSINESS_INSTITUTIONAL_SCREEN,n459,n460
test4,test4:E0048,rtc_d305d6313f9a4266be6da78e277c6c8c,346a5a0b-2e8c-4a6f-995e-f295e0dce039,2026-08-13 21:46:45.349625+00:00,BUSINESS_INSTITUTIONAL_SCREEN;RTC_RULE_EPISODE,n467;n472;n480;n491;n493,n462;n468;n471;n473;n478;n484;n488;n492;n494;n496
test4,test4:E0049,rtc_534ed01ea6fc495a8407452be3bc6d85,1c682c9b-9ccc-49cc-bdd3-2666f0ebe1e0,2026-08-13 21:49:51.777028+00:00,BUSINESS_INSTITUTIONAL_SCREEN,n497,n498;n499
test4,test4:E0050,rtc_534ed01ea6fc495a8407452be3bc6d85,1c682c9b-9ccc-49cc-bdd3-2666f0ebe1e0,2026-08-13 21:50:30.459230+00:00,BUSINESS_INSTITUTIONAL_SCREEN;FROZEN_INFERENCE_OPPORTUNITY;UNIVERSAL_SEMANTIC_SCREEN,n500,n501;n504;n506
test4,test4:E0051,rtc_534ed01ea6fc495a8407452be3bc6d85,1c682c9b-9ccc-49cc-bdd3-2666f0ebe1e0,2026-08-13 21:51:54.512486+00:00,BUSINESS_INSTITUTIONAL_SCREEN;FROZEN_INFERENCE_OPPORTUNITY;UNIVERSAL_SEMANTIC_SCREEN,n507;n514,n508;n513;n523
test4,test4:E0052,rtc_534ed01ea6fc495a8407452be3bc6d85,1c682c9b-9ccc-49cc-bdd3-2666f0ebe1e0,2026-08-13 21:55:12.517180+00:00,BUSINESS_INSTITUTIONAL_SCREEN;FROZEN_INFERENCE_OPPORTUNITY;UNIVERSAL_SEMANTIC_SCREEN,n524,n525;n528
test4,test4:E0053,rtc_534ed01ea6fc495a8407452be3bc6d85,1c682c9b-9ccc-49cc-bdd3-2666f0ebe1e0,2026-08-13 21:56:20.131291+00:00,BUSINESS_INSTITUTIONAL_SCREEN;UNIVERSAL_SEMANTIC_SCREEN,n529,n533
test4,test4:E0054,rtc_534ed01ea6fc495a8407452be3bc6d85,1c682c9b-9ccc-49cc-bdd3-2666f0ebe1e0,2026-08-13 21:57:26.724382+00:00,BUSINESS_INSTITUTIONAL_SCREEN,n538,n539;n542
test4,test4:E0055,rtc_534ed01ea6fc495a8407452be3bc6d85,1c682c9b-9ccc-49cc-bdd3-2666f0ebe1e0,2026-08-13 21:58:24.721533+00:00,BUSINESS_INSTITUTIONAL_SCREEN;UNIVERSAL_SEMANTIC_SCREEN,n543;n548,n544;n547;n549
test4,test4:E0056,rtc_534ed01ea6fc495a8407452be3bc6d85,1c682c9b-9ccc-49cc-bdd3-2666f0ebe1e0,2026-08-13 21:59:33.685553+00:00,AGENCY_NEUTRAL_OPPORTUNITY;BUSINESS_INSTITUTIONAL_SCREEN;FROZEN_INFERENCE_OPPORTUNITY;UNIVERSAL_SEMANTIC_SCREEN,n550;n558,n551;n555;n557;n559;n561;n563;n565
test4,test4:E0057,rtc_534ed01ea6fc495a8407452be3bc6d85,1c682c9b-9ccc-49cc-bdd3-2666f0ebe1e0,2026-08-13 22:00:37.484583+00:00,BUSINESS_INSTITUTIONAL_SCREEN,n566,n567;n574
test4,test4:E0058,rtc_534ed01ea6fc495a8407452be3bc6d85,1c682c9b-9ccc-49cc-bdd3-2666f0ebe1e0,2026-08-13 22:01:26.951224+00:00,BUSINESS_INSTITUTIONAL_SCREEN,n575,n576;n582
test4,test4:E0059,rtc_534ed01ea6fc495a8407452be3bc6d85,1c682c9b-9ccc-49cc-bdd3-2666f0ebe1e0,2026-08-13 22:02:00.575522+00:00,BUSINESS_INSTITUTIONAL_SCREEN,n583,n584;n589
test4,test4:E0060,rtc_534ed01ea6fc495a8407452be3bc6d85,1c682c9b-9ccc-49cc-bdd3-2666f0ebe1e0,2026-08-13 22:02:46.707290+00:00,BUSINESS_INSTITUTIONAL_SCREEN,n590,n591;n599
test4,test4:E0061,rtc_534ed01ea6fc495a8407452be3bc6d85,1c682c9b-9ccc-49cc-bdd3-2666f0ebe1e0,2026-08-13 22:03:55.196046+00:00,BUSINESS_INSTITUTIONAL_SCREEN,n600,n601;n608
test4,test4:E0062,rtc_534ed01ea6fc495a8407452be3bc6d85,1c682c9b-9ccc-49cc-bdd3-2666f0ebe1e0,2026-08-13 22:04:25.340065+00:00,BUSINESS_INSTITUTIONAL_SCREEN,n609,n610;n616
test4,test4:E0063,rtc_534ed01ea6fc495a8407452be3bc6d85,1c682c9b-9ccc-49cc-bdd3-2666f0ebe1e0,2026-08-13 22:05:34.394991+00:00,BUSINESS_INSTITUTIONAL_SCREEN,n617,n618;n624
test4,test4:E0064,rtc_534ed01ea6fc495a8407452be3bc6d85,1c682c9b-9ccc-49cc-bdd3-2666f0ebe1e0,2026-08-13 22:07:30.963607+00:00,BUSINESS_INSTITUTIONAL_SCREEN;FROZEN_INFERENCE_OPPORTUNITY;PRIMARY_REFUSAL_TO_INFER_EVENT,n625;n632,n626;n631;n633
test4,test4:E0065,rtc_534ed01ea6fc495a8407452be3bc6d85,1c682c9b-9ccc-49cc-bdd3-2666f0ebe1e0,2026-08-13 22:09:25.537885+00:00,BUSINESS_INSTITUTIONAL_SCREEN,n634,n635;n644
test4,test4:E0066,rtc_534ed01ea6fc495a8407452be3bc6d85,1c682c9b-9ccc-49cc-bdd3-2666f0ebe1e0,2026-08-13 22:10:15.915362+00:00,BUSINESS_INSTITUTIONAL_SCREEN,n647,n648;n651
test4,test4:E0067,rtc_534ed01ea6fc495a8407452be3bc6d85,1c682c9b-9ccc-49cc-bdd3-2666f0ebe1e0,2026-08-13 22:11:00.695590+00:00,BUSINESS_INSTITUTIONAL_SCREEN,n652,n653;n658
test4,test4:E0068,rtc_534ed01ea6fc495a8407452be3bc6d85,1c682c9b-9ccc-49cc-bdd3-2666f0ebe1e0,2026-08-13 22:12:07.070548+00:00,BUSINESS_INSTITUTIONAL_SCREEN;UNIVERSAL_SEMANTIC_SCREEN,n663,n664
test4,test4:E0069,rtc_534ed01ea6fc495a8407452be3bc6d85,1c682c9b-9ccc-49cc-bdd3-2666f0ebe1e0,2026-08-13 22:12:44.904797+00:00,UNIVERSAL_SEMANTIC_SCREEN,n669,n670
test4,test4:E0070,rtc_534ed01ea6fc495a8407452be3bc6d85,1c682c9b-9ccc-49cc-bdd3-2666f0ebe1e0,2026-08-13 22:13:49.305750+00:00,BUSINESS_INSTITUTIONAL_SCREEN;UNIVERSAL_SEMANTIC_SCREEN,n673;n678,n674;n677;n679
test4,test4:E0071,rtc_534ed01ea6fc495a8407452be3bc6d85,1c682c9b-9ccc-49cc-bdd3-2666f0ebe1e0,2026-08-13 22:15:26.601318+00:00,BUSINESS_INSTITUTIONAL_SCREEN;UNIVERSAL_SEMANTIC_SCREEN,n680,n681;n684
test4,test4:E0072,rtc_534ed01ea6fc495a8407452be3bc6d85,1c682c9b-9ccc-49cc-bdd3-2666f0ebe1e0,2026-08-13 22:15:45.057528+00:00,BUSINESS_INSTITUTIONAL_SCREEN,n685,n686
test4,test4:E0073,rtc_534ed01ea6fc495a8407452be3bc6d85,1c682c9b-9ccc-49cc-bdd3-2666f0ebe1e0,2026-08-13 22:16:39.959695+00:00,BUSINESS_INSTITUTIONAL_SCREEN;UNIVERSAL_SEMANTIC_SCREEN,n687,n688
test4,test4:E0074,rtc_534ed01ea6fc495a8407452be3bc6d85,1c682c9b-9ccc-49cc-bdd3-2666f0ebe1e0,2026-08-13 22:19:01.959093+00:00,BUSINESS_INSTITUTIONAL_SCREEN,n693,n694
test4,test4:E0075,rtc_534ed01ea6fc495a8407452be3bc6d85,1c682c9b-9ccc-49cc-bdd3-2666f0ebe1e0,2026-08-13 22:19:41.357877+00:00,BUSINESS_INSTITUTIONAL_SCREEN,n695,n696
test4,test4:E0076,rtc_534ed01ea6fc495a8407452be3bc6d85,1c682c9b-9ccc-49cc-bdd3-2666f0ebe1e0,2026-08-13 22:21:06.038235+00:00,BUSINESS_INSTITUTIONAL_SCREEN,n701,n702;n705
test4,test4:E0077,rtc_534ed01ea6fc495a8407452be3bc6d85,1c682c9b-9ccc-49cc-bdd3-2666f0ebe1e0,2026-08-13 22:22:41.395692+00:00,BUSINESS_INSTITUTIONAL_SCREEN;UNIVERSAL_SEMANTIC_SCREEN,n706,n707
test4,test4:E0078,rtc_534ed01ea6fc495a8407452be3bc6d85,1c682c9b-9ccc-49cc-bdd3-2666f0ebe1e0,2026-08-13 22:24:47.185110+00:00,BUSINESS_INSTITUTIONAL_SCREEN;UNIVERSAL_SEMANTIC_SCREEN,n708,n709;n712
test4,test4:E0079,rtc_534ed01ea6fc495a8407452be3bc6d85,1c682c9b-9ccc-49cc-bdd3-2666f0ebe1e0,2026-08-13 22:25:23.323832+00:00,BUSINESS_INSTITUTIONAL_SCREEN,n713,n714;n717
test4,test4:E0080,rtc_534ed01ea6fc495a8407452be3bc6d85,1c682c9b-9ccc-49cc-bdd3-2666f0ebe1e0,2026-08-13 22:27:57.117996+00:00,BUSINESS_INSTITUTIONAL_SCREEN;UNIVERSAL_SEMANTIC_SCREEN,n722,n723
test4,test4:E0082,rtc_534ed01ea6fc495a8407452be3bc6d85,1c682c9b-9ccc-49cc-bdd3-2666f0ebe1e0,2026-08-13 22:28:44.740041+00:00,BUSINESS_INSTITUTIONAL_SCREEN,n726,n727
test4,test4:E0081,rtc_534ed01ea6fc495a8407452be3bc6d85,1c682c9b-9ccc-49cc-bdd3-2666f0ebe1e0,2026-08-13 22:28:45.939595+00:00,UNIVERSAL_SEMANTIC_SCREEN,n724,n725
test4,test4:E0083,rtc_534ed01ea6fc495a8407452be3bc6d85,1c682c9b-9ccc-49cc-bdd3-2666f0ebe1e0,2026-08-13 22:29:05.347935+00:00,BUSINESS_INSTITUTIONAL_SCREEN,n728,n729
test4,test4:E0084,rtc_534ed01ea6fc495a8407452be3bc6d85,1c682c9b-9ccc-49cc-bdd3-2666f0ebe1e0,2026-08-13 22:29:49.328049+00:00,BUSINESS_INSTITUTIONAL_SCREEN;UNIVERSAL_SEMANTIC_SCREEN,n731,n732;n735;n736
test4,test4:E0085,rtc_534ed01ea6fc495a8407452be3bc6d85,1c682c9b-9ccc-49cc-bdd3-2666f0ebe1e0,2026-08-13 22:31:32.475296+00:00,BUSINESS_INSTITUTIONAL_SCREEN;FROZEN_INFERENCE_OPPORTUNITY;UNIVERSAL_SEMANTIC_SCREEN,n739;n741;n743;n745,n740;n742;n744;n746
test4,test4:E0086,rtc_534ed01ea6fc495a8407452be3bc6d85,1c682c9b-9ccc-49cc-bdd3-2666f0ebe1e0,2026-08-13 22:34:38.003286+00:00,BUSINESS_INSTITUTIONAL_SCREEN;UNIVERSAL_SEMANTIC_SCREEN,n747;n750,n748;n749;n751
test4,test4:E0087,rtc_534ed01ea6fc495a8407452be3bc6d85,1c682c9b-9ccc-49cc-bdd3-2666f0ebe1e0,2026-08-13 22:37:10.037215+00:00,BUSINESS_INSTITUTIONAL_SCREEN;UNIVERSAL_SEMANTIC_SCREEN,n752,n753
test4,test4:E0088,rtc_534ed01ea6fc495a8407452be3bc6d85,1c682c9b-9ccc-49cc-bdd3-2666f0ebe1e0,2026-08-13 22:37:54.814288+00:00,BUSINESS_INSTITUTIONAL_SCREEN,n754,n755;n756;n761
test4,test4:E0089,rtc_534ed01ea6fc495a8407452be3bc6d85,1c682c9b-9ccc-49cc-bdd3-2666f0ebe1e0,2026-08-13 22:39:15.649266+00:00,BUSINESS_INSTITUTIONAL_SCREEN,n768,n769
test4,test4:E0090,rtc_534ed01ea6fc495a8407452be3bc6d85,1c682c9b-9ccc-49cc-bdd3-2666f0ebe1e0,2026-08-13 22:39:17.626613+00:00,BUSINESS_INSTITUTIONAL_SCREEN;UNIVERSAL_SEMANTIC_SCREEN,n773;n775,n774
test4,test4:E0091,rtc_534ed01ea6fc495a8407452be3bc6d85,1c682c9b-9ccc-49cc-bdd3-2666f0ebe1e0,2026-08-13 22:39:55.014190+00:00,BUSINESS_INSTITUTIONAL_SCREEN;UNIVERSAL_SEMANTIC_SCREEN,n780,n781
test4,test4:E0092,rtc_534ed01ea6fc495a8407452be3bc6d85,1c682c9b-9ccc-49cc-bdd3-2666f0ebe1e0,2026-08-13 22:40:56.791077+00:00,BUSINESS_INSTITUTIONAL_SCREEN;UNIVERSAL_SEMANTIC_SCREEN,n782,n783;n786
test4,test4:E0093,rtc_534ed01ea6fc495a8407452be3bc6d85,1c682c9b-9ccc-49cc-bdd3-2666f0ebe1e0,2026-08-13 22:41:16.622351+00:00,BUSINESS_INSTITUTIONAL_SCREEN,n787,n788;n791
test4,test4:E0094,rtc_534ed01ea6fc495a8407452be3bc6d85,1c682c9b-9ccc-49cc-bdd3-2666f0ebe1e0,2026-08-13 22:42:28.508082+00:00,BUSINESS_INSTITUTIONAL_SCREEN;UNIVERSAL_SEMANTIC_SCREEN,n792,n793
test4,test4:E0095,rtc_534ed01ea6fc495a8407452be3bc6d85,1c682c9b-9ccc-49cc-bdd3-2666f0ebe1e0,2026-08-13 22:43:12.506312+00:00,BUSINESS_INSTITUTIONAL_SCREEN;FROZEN_INFERENCE_OPPORTUNITY;UNIVERSAL_SEMANTIC_SCREEN,n794;n799,n795;n798;n800;n805
test4,test4:E0096,rtc_534ed01ea6fc495a8407452be3bc6d85,1c682c9b-9ccc-49cc-bdd3-2666f0ebe1e0,2026-08-13 22:44:47.021673+00:00,BUSINESS_INSTITUTIONAL_SCREEN,n806,n807
test4,test4:E0097,rtc_534ed01ea6fc495a8407452be3bc6d85,1c682c9b-9ccc-49cc-bdd3-2666f0ebe1e0,2026-08-13 22:44:49.073035+00:00,BUSINESS_INSTITUTIONAL_SCREEN;UNIVERSAL_SEMANTIC_SCREEN,n811;n813,n812;n817
test4,test4:E0098,rtc_534ed01ea6fc495a8407452be3bc6d85,1c682c9b-9ccc-49cc-bdd3-2666f0ebe1e0,2026-08-13 22:48:20.818488+00:00,UNIVERSAL_SEMANTIC_SCREEN,n820,n821
test4,test4:E0099,rtc_534ed01ea6fc495a8407452be3bc6d85,1c682c9b-9ccc-49cc-bdd3-2666f0ebe1e0,2026-08-13 22:49:11.942991+00:00,BUSINESS_INSTITUTIONAL_SCREEN,n824,n825;n828
test4,test4:E0100,rtc_534ed01ea6fc495a8407452be3bc6d85,1c682c9b-9ccc-49cc-bdd3-2666f0ebe1e0,2026-08-13 22:51:25.508597+00:00,BUSINESS_INSTITUTIONAL_SCREEN,n835,n836;n840
test4,test4:E0101,rtc_534ed01ea6fc495a8407452be3bc6d85,1c682c9b-9ccc-49cc-bdd3-2666f0ebe1e0,2026-08-13 22:53:09.034733+00:00,BUSINESS_INSTITUTIONAL_SCREEN;FROZEN_INFERENCE_OPPORTUNITY;UNIVERSAL_SEMANTIC_SCREEN,n841;n846,n842;n845;n850
test4,test4:E0103,rtc_534ed01ea6fc495a8407452be3bc6d85,1c682c9b-9ccc-49cc-bdd3-2666f0ebe1e0,2026-08-13 22:54:22.407083+00:00,BUSINESS_INSTITUTIONAL_SCREEN;UNIVERSAL_SEMANTIC_SCREEN,n857,n858
test4,test4:E0102,rtc_534ed01ea6fc495a8407452be3bc6d85,1c682c9b-9ccc-49cc-bdd3-2666f0ebe1e0,2026-08-13 22:54:23.474438+00:00,UNIVERSAL_SEMANTIC_SCREEN,n855,n856
test4,test4:E0105,rtc_534ed01ea6fc495a8407452be3bc6d85,1c682c9b-9ccc-49cc-bdd3-2666f0ebe1e0,2026-08-13 22:54:32.324304+00:00,BUSINESS_INSTITUTIONAL_SCREEN;UNIVERSAL_SEMANTIC_SCREEN,n863,n864
test4,test4:E0104,rtc_534ed01ea6fc495a8407452be3bc6d85,1c682c9b-9ccc-49cc-bdd3-2666f0ebe1e0,2026-08-13 22:54:37.198165+00:00,BUSINESS_INSTITUTIONAL_SCREEN;UNIVERSAL_SEMANTIC_SCREEN,n861,n862
test4,test4:E0106,rtc_534ed01ea6fc495a8407452be3bc6d85,1c682c9b-9ccc-49cc-bdd3-2666f0ebe1e0,2026-08-13 22:55:15.445583+00:00,BUSINESS_INSTITUTIONAL_SCREEN,n867,n868;n871
test4,test4:E0107,rtc_534ed01ea6fc495a8407452be3bc6d85,1c682c9b-9ccc-49cc-bdd3-2666f0ebe1e0,2026-08-13 22:55:17.652940+00:00,BUSINESS_INSTITUTIONAL_SCREEN;UNIVERSAL_SEMANTIC_SCREEN,n874,n875
test4,test4:E0108,rtc_534ed01ea6fc495a8407452be3bc6d85,1c682c9b-9ccc-49cc-bdd3-2666f0ebe1e0,2026-08-13 22:56:15.295512+00:00,BUSINESS_INSTITUTIONAL_SCREEN,n882,n883
test4,test4:E0109,rtc_534ed01ea6fc495a8407452be3bc6d85,1c682c9b-9ccc-49cc-bdd3-2666f0ebe1e0,2026-08-13 22:56:44.447376+00:00,BUSINESS_INSTITUTIONAL_SCREEN;UNIVERSAL_SEMANTIC_SCREEN,n890;n892,n891;n893
test4,test4:E0110,rtc_534ed01ea6fc495a8407452be3bc6d85,1c682c9b-9ccc-49cc-bdd3-2666f0ebe1e0,2026-08-13 22:57:37.026327+00:00,BUSINESS_INSTITUTIONAL_SCREEN,n894,n895
test4,test4:E0111,rtc_534ed01ea6fc495a8407452be3bc6d85,1c682c9b-9ccc-49cc-bdd3-2666f0ebe1e0,2026-08-13 22:58:52.158869+00:00,BUSINESS_INSTITUTIONAL_SCREEN;UNIVERSAL_SEMANTIC_SCREEN,n896,n897;n902
test4,test4:E0112,rtc_534ed01ea6fc495a8407452be3bc6d85,1c682c9b-9ccc-49cc-bdd3-2666f0ebe1e0,2026-08-13 22:59:04.333541+00:00,UNIVERSAL_SEMANTIC_SCREEN,n903,n904
test4,test4:E0113,rtc_534ed01ea6fc495a8407452be3bc6d85,1c682c9b-9ccc-49cc-bdd3-2666f0ebe1e0,2026-08-13 22:59:46.223957+00:00,BUSINESS_INSTITUTIONAL_SCREEN;FROZEN_INFERENCE_OPPORTUNITY;UNIVERSAL_SEMANTIC_SCREEN,n905;n907,n906;n908
test4,test4:E0114,rtc_534ed01ea6fc495a8407452be3bc6d85,1c682c9b-9ccc-49cc-bdd3-2666f0ebe1e0,2026-08-13 23:01:41.633458+00:00,BUSINESS_INSTITUTIONAL_SCREEN,n916,n917;n922
test4,test4:E0115,rtc_534ed01ea6fc495a8407452be3bc6d85,1c682c9b-9ccc-49cc-bdd3-2666f0ebe1e0,2026-08-13 23:02:22.081021+00:00,BUSINESS_INSTITUTIONAL_SCREEN;UNIVERSAL_SEMANTIC_SCREEN,n923;n925,n924;n926
test4,test4:E0117,rtc_534ed01ea6fc495a8407452be3bc6d85,1c682c9b-9ccc-49cc-bdd3-2666f0ebe1e0,2026-08-13 23:03:08.980906+00:00,BUSINESS_INSTITUTIONAL_SCREEN,n929,n930
test4,test4:E0116,rtc_534ed01ea6fc495a8407452be3bc6d85,1c682c9b-9ccc-49cc-bdd3-2666f0ebe1e0,2026-08-13 23:03:13.867156+00:00,UNIVERSAL_SEMANTIC_SCREEN,n927,n928
test4,test4:E0118,rtc_534ed01ea6fc495a8407452be3bc6d85,1c682c9b-9ccc-49cc-bdd3-2666f0ebe1e0,2026-08-13 23:03:45.809701+00:00,BUSINESS_INSTITUTIONAL_SCREEN,n931,n932;n935
test4,test4:E0119,rtc_534ed01ea6fc495a8407452be3bc6d85,1c682c9b-9ccc-49cc-bdd3-2666f0ebe1e0,2026-08-13 23:05:40.688610+00:00,BUSINESS_INSTITUTIONAL_SCREEN;FROZEN_INFERENCE_OPPORTUNITY;UNIVERSAL_SEMANTIC_SCREEN,n944;n949,n945;n948;n950;n953
test4,test4:E0120,rtc_534ed01ea6fc495a8407452be3bc6d85,1c682c9b-9ccc-49cc-bdd3-2666f0ebe1e0,2026-08-13 23:07:16.075955+00:00,BUSINESS_INSTITUTIONAL_SCREEN;FROZEN_INFERENCE_OPPORTUNITY;UNIVERSAL_SEMANTIC_SCREEN,n954;n959;n965,n955;n958;n960;n966
test4,test4:E0121,rtc_534ed01ea6fc495a8407452be3bc6d85,1c682c9b-9ccc-49cc-bdd3-2666f0ebe1e0,2026-08-13 23:08:12.382463+00:00,BUSINESS_INSTITUTIONAL_SCREEN;FROZEN_INFERENCE_OPPORTUNITY;UNIVERSAL_SEMANTIC_SCREEN,n967;n971,n968;n970;n972;n975
test4,test4:E0122,rtc_534ed01ea6fc495a8407452be3bc6d85,1c682c9b-9ccc-49cc-bdd3-2666f0ebe1e0,2026-08-13 23:09:38.072003+00:00,BUSINESS_INSTITUTIONAL_SCREEN,n976,n977
test4,test4:E0123,rtc_534ed01ea6fc495a8407452be3bc6d85,1c682c9b-9ccc-49cc-bdd3-2666f0ebe1e0,2026-08-13 23:10:38.931755+00:00,BUSINESS_INSTITUTIONAL_SCREEN;FROZEN_INFERENCE_OPPORTUNITY,n980,n981;n984
test4,test4:E0124,rtc_534ed01ea6fc495a8407452be3bc6d85,1c682c9b-9ccc-49cc-bdd3-2666f0ebe1e0,2026-08-13 23:11:03.571632+00:00,BUSINESS_INSTITUTIONAL_SCREEN,n985,n986;n989
test4,test4:E0125,rtc_534ed01ea6fc495a8407452be3bc6d85,1c682c9b-9ccc-49cc-bdd3-2666f0ebe1e0,2026-08-13 23:12:28.062872+00:00,BUSINESS_INSTITUTIONAL_SCREEN;FROZEN_INFERENCE_OPPORTUNITY;UNIVERSAL_SEMANTIC_SCREEN,n998,n999;n1004
test4,test4:E0126,rtc_534ed01ea6fc495a8407452be3bc6d85,1c682c9b-9ccc-49cc-bdd3-2666f0ebe1e0,2026-08-13 23:13:33.411824+00:00,BUSINESS_INSTITUTIONAL_SCREEN;UNIVERSAL_SEMANTIC_SCREEN,n1005,n1006
test4,test4:E0127,rtc_534ed01ea6fc495a8407452be3bc6d85,1c682c9b-9ccc-49cc-bdd3-2666f0ebe1e0,2026-08-13 23:13:44.070310+00:00,BUSINESS_INSTITUTIONAL_SCREEN;UNIVERSAL_SEMANTIC_SCREEN,n1013;n1015,n1014;n1016
test4,test4:E0128,rtc_534ed01ea6fc495a8407452be3bc6d85,1c682c9b-9ccc-49cc-bdd3-2666f0ebe1e0,2026-08-13 23:16:36.712543+00:00,BUSINESS_INSTITUTIONAL_SCREEN,n1017,n1018;n1021
test4,test4:E0129,rtc_534ed01ea6fc495a8407452be3bc6d85,1c682c9b-9ccc-49cc-bdd3-2666f0ebe1e0,2026-08-13 23:17:06.317564+00:00,AGENCY_NEUTRAL_OPPORTUNITY;UNIVERSAL_SEMANTIC_SCREEN,n1024;n1026,n1033
test4,test4:E0131,rtc_534ed01ea6fc495a8407452be3bc6d85,1c682c9b-9ccc-49cc-bdd3-2666f0ebe1e0,2026-08-13 23:18:50.979808+00:00,BUSINESS_INSTITUTIONAL_SCREEN,n1036,n1037;n1040
test4,test4:E0130,rtc_534ed01ea6fc495a8407452be3bc6d85,1c682c9b-9ccc-49cc-bdd3-2666f0ebe1e0,2026-08-13 23:18:53.468118+00:00,FROZEN_INFERENCE_OPPORTUNITY,n1034,n1035
test4,test4:E0132,rtc_534ed01ea6fc495a8407452be3bc6d85,1c682c9b-9ccc-49cc-bdd3-2666f0ebe1e0,2026-08-13 23:20:51.703664+00:00,AGENCY_NEUTRAL_OPPORTUNITY;BUSINESS_INSTITUTIONAL_SCREEN,n1043,n1044;n1047
test4,test4:E0133,rtc_534ed01ea6fc495a8407452be3bc6d85,1c682c9b-9ccc-49cc-bdd3-2666f0ebe1e0,2026-08-13 23:22:08.465805+00:00,BUSINESS_INSTITUTIONAL_SCREEN,n1048,n1049;n1052
test4,test4:E0134,rtc_534ed01ea6fc495a8407452be3bc6d85,1c682c9b-9ccc-49cc-bdd3-2666f0ebe1e0,2026-08-13 23:23:24.379253+00:00,BUSINESS_INSTITUTIONAL_SCREEN,n1053,n1054;n1057
test4,test4:E0135,rtc_534ed01ea6fc495a8407452be3bc6d85,1c682c9b-9ccc-49cc-bdd3-2666f0ebe1e0,2026-08-13 23:25:12.701473+00:00,BUSINESS_INSTITUTIONAL_SCREEN,n1058,n1059;n1062
test4,test4:E0136,rtc_534ed01ea6fc495a8407452be3bc6d85,1c682c9b-9ccc-49cc-bdd3-2666f0ebe1e0,2026-08-13 23:25:18.436304+00:00,BUSINESS_INSTITUTIONAL_SCREEN,n1065,n1068
test4,test4:E0137,rtc_534ed01ea6fc495a8407452be3bc6d85,1c682c9b-9ccc-49cc-bdd3-2666f0ebe1e0,2026-08-13 23:25:28.444110+00:00,AGENCY_NEUTRAL_OPPORTUNITY;BUSINESS_INSTITUTIONAL_SCREEN;FROZEN_INFERENCE_OPPORTUNITY;UNIVERSAL_SEMANTIC_SCREEN,n1069;n1072,n1071;n1073;n1077
test4,test4:E0138,rtc_534ed01ea6fc495a8407452be3bc6d85,1c682c9b-9ccc-49cc-bdd3-2666f0ebe1e0,2026-08-13 23:27:51.638558+00:00,AGENCY_NEUTRAL_OPPORTUNITY;BUSINESS_INSTITUTIONAL_SCREEN;FROZEN_INFERENCE_OPPORTUNITY,n1078,n1079;n1082
test4,test4:E0139,rtc_534ed01ea6fc495a8407452be3bc6d85,1c682c9b-9ccc-49cc-bdd3-2666f0ebe1e0,2026-08-13 23:29:01.799213+00:00,BUSINESS_INSTITUTIONAL_SCREEN,n1083,n1084;n1087
test4,test4:E0140,rtc_534ed01ea6fc495a8407452be3bc6d85,1c682c9b-9ccc-49cc-bdd3-2666f0ebe1e0,2026-08-13 23:30:03.405060+00:00,BUSINESS_INSTITUTIONAL_SCREEN;FROZEN_INFERENCE_OPPORTUNITY;UNIVERSAL_SEMANTIC_SCREEN,n1088,n1089;n1092
test4,test4:E0141,rtc_534ed01ea6fc495a8407452be3bc6d85,1c682c9b-9ccc-49cc-bdd3-2666f0ebe1e0,2026-08-13 23:31:16.944299+00:00,AGENCY_NEUTRAL_OPPORTUNITY;BUSINESS_INSTITUTIONAL_SCREEN,n1093,n1094;n1097
test4,test4:E0142,rtc_534ed01ea6fc495a8407452be3bc6d85,1c682c9b-9ccc-49cc-bdd3-2666f0ebe1e0,2026-08-13 23:32:24.637211+00:00,AGENCY_NEUTRAL_OPPORTUNITY;BUSINESS_INSTITUTIONAL_SCREEN;UNIVERSAL_SEMANTIC_SCREEN,n1098,n1099;n1102
test4,test4:E0143,rtc_534ed01ea6fc495a8407452be3bc6d85,1c682c9b-9ccc-49cc-bdd3-2666f0ebe1e0,2026-08-13 23:33:40.734738+00:00,BUSINESS_INSTITUTIONAL_SCREEN,n1103,n1104;n1107
test4,test4:E0144,rtc_534ed01ea6fc495a8407452be3bc6d85,1c682c9b-9ccc-49cc-bdd3-2666f0ebe1e0,2026-08-13 23:34:12.960021+00:00,UNIVERSAL_SEMANTIC_SCREEN,n1112,n1113
test4,test4:E0145,rtc_534ed01ea6fc495a8407452be3bc6d85,1c682c9b-9ccc-49cc-bdd3-2666f0ebe1e0,2026-08-13 23:34:56.729087+00:00,UNIVERSAL_SEMANTIC_SCREEN,n1116,n1117;n1118
test4,test4:E0146,rtc_534ed01ea6fc495a8407452be3bc6d85,1c682c9b-9ccc-49cc-bdd3-2666f0ebe1e0,2026-08-13 23:35:53.397413+00:00,BUSINESS_INSTITUTIONAL_SCREEN,n1123,n1124
test4,test4:E0147,rtc_534ed01ea6fc495a8407452be3bc6d85,1c682c9b-9ccc-49cc-bdd3-2666f0ebe1e0,2026-08-13 23:36:31.918366+00:00,BUSINESS_INSTITUTIONAL_SCREEN;UNIVERSAL_SEMANTIC_SCREEN,n1126,n1127;n1130
test4,test4:E0148,rtc_534ed01ea6fc495a8407452be3bc6d85,1c682c9b-9ccc-49cc-bdd3-2666f0ebe1e0,2026-08-13 23:36:48.310578+00:00,BUSINESS_INSTITUTIONAL_SCREEN,n1131,n1132
test4,test4:E0149,rtc_534ed01ea6fc495a8407452be3bc6d85,1c682c9b-9ccc-49cc-bdd3-2666f0ebe1e0,2026-08-13 23:37:02.406684+00:00,BUSINESS_INSTITUTIONAL_SCREEN,n1135,n1136
test4,test4:E0150,rtc_534ed01ea6fc495a8407452be3bc6d85,1c682c9b-9ccc-49cc-bdd3-2666f0ebe1e0,2026-08-13 23:38:08.101899+00:00,BUSINESS_INSTITUTIONAL_SCREEN;UNIVERSAL_SEMANTIC_SCREEN,n1137,n1138
test4,test4:E0151,rtc_534ed01ea6fc495a8407452be3bc6d85,1c682c9b-9ccc-49cc-bdd3-2666f0ebe1e0,2026-08-13 23:42:11.518409+00:00,BUSINESS_INSTITUTIONAL_SCREEN,n1139,n1140;n1143
test4,test4:E0152,rtc_534ed01ea6fc495a8407452be3bc6d85,1c682c9b-9ccc-49cc-bdd3-2666f0ebe1e0,2026-08-13 23:45:42.135334+00:00,UNIVERSAL_SEMANTIC_SCREEN,n1148,n1149
test4,test4:E0153,rtc_534ed01ea6fc495a8407452be3bc6d85,1c682c9b-9ccc-49cc-bdd3-2666f0ebe1e0,2026-08-13 23:45:51.989705+00:00,BUSINESS_INSTITUTIONAL_SCREEN,n1150,n1151
third_share,third_share:E0001,rtc_68838024da8a4cd7aeac72f32270895b,1e2beeed-35c7-4e21-9fd1-5d277bc80c26,2026-08-18 03:21:47.162916+00:00,BUSINESS_INSTITUTIONAL_SCREEN;UNIVERSAL_SEMANTIC_SCREEN,n14,n15
third_share,third_share:E0002,rtc_68838024da8a4cd7aeac72f32270895b,1e2beeed-35c7-4e21-9fd1-5d277bc80c26,2026-08-18 03:24:52.456936+00:00,BUSINESS_INSTITUTIONAL_SCREEN;UNIVERSAL_SEMANTIC_SCREEN,n17,n18
third_share,third_share:E0003,rtc_68838024da8a4cd7aeac72f32270895b,1e2beeed-35c7-4e21-9fd1-5d277bc80c26,2026-08-18 03:25:15.831892+00:00,BUSINESS_INSTITUTIONAL_SCREEN,n20,n21
third_share,third_share:E0004,rtc_68838024da8a4cd7aeac72f32270895b,1e2beeed-35c7-4e21-9fd1-5d277bc80c26,2026-08-18 03:25:16.805027+00:00,BUSINESS_INSTITUTIONAL_SCREEN,n23,n26;n29;n35
third_share,third_share:E0005,rtc_68838024da8a4cd7aeac72f32270895b,1e2beeed-35c7-4e21-9fd1-5d277bc80c26,2026-08-18 03:28:47.023156+00:00,UNIVERSAL_SEMANTIC_SCREEN,n44,n45
third_share,third_share:E0006,rtc_68838024da8a4cd7aeac72f32270895b,1e2beeed-35c7-4e21-9fd1-5d277bc80c26,2026-08-18 03:29:04.605671+00:00,BUSINESS_INSTITUTIONAL_SCREEN,n48,n49;n50;n52
third_share,third_share:E0007,rtc_68838024da8a4cd7aeac72f32270895b,1e2beeed-35c7-4e21-9fd1-5d277bc80c26,2026-08-18 03:30:51.856786+00:00,UNIVERSAL_SEMANTIC_SCREEN,n55,n56
third_share,third_share:E0008,rtc_68838024da8a4cd7aeac72f32270895b,1e2beeed-35c7-4e21-9fd1-5d277bc80c26,2026-08-18 03:31:21.827895+00:00,BUSINESS_INSTITUTIONAL_SCREEN;UNIVERSAL_SEMANTIC_SCREEN,n59,n60
third_share,third_share:E0009,rtc_68838024da8a4cd7aeac72f32270895b,1e2beeed-35c7-4e21-9fd1-5d277bc80c26,2026-08-18 03:33:13.859312+00:00,BUSINESS_INSTITUTIONAL_SCREEN;UNIVERSAL_SEMANTIC_SCREEN,n74,n75
third_share,third_share:E0010,rtc_68838024da8a4cd7aeac72f32270895b,1e2beeed-35c7-4e21-9fd1-5d277bc80c26,2026-08-18 03:33:45.305713+00:00,BUSINESS_INSTITUTIONAL_SCREEN,n76,n77
third_share,third_share:E0011,rtc_68838024da8a4cd7aeac72f32270895b,1e2beeed-35c7-4e21-9fd1-5d277bc80c26,2026-08-18 03:34:31.711840+00:00,BUSINESS_INSTITUTIONAL_SCREEN;UNIVERSAL_SEMANTIC_SCREEN,n78,n79
third_share,third_share:E0012,rtc_68838024da8a4cd7aeac72f32270895b,1e2beeed-35c7-4e21-9fd1-5d277bc80c26,2026-08-18 03:36:00.660078+00:00,BUSINESS_INSTITUTIONAL_SCREEN;UNIVERSAL_SEMANTIC_SCREEN,n88,n89
third_share,third_share:E0013,rtc_68838024da8a4cd7aeac72f32270895b,1e2beeed-35c7-4e21-9fd1-5d277bc80c26,2026-08-18 03:37:18.624563+00:00,BUSINESS_INSTITUTIONAL_SCREEN;UNIVERSAL_SEMANTIC_SCREEN,n94,n95
third_share,third_share:E0014,rtc_68838024da8a4cd7aeac72f32270895b,1e2beeed-35c7-4e21-9fd1-5d277bc80c26,2026-08-18 03:37:24.318728+00:00,BUSINESS_INSTITUTIONAL_SCREEN;UNIVERSAL_SEMANTIC_SCREEN,n97,n98;n99
third_share,third_share:E0015,rtc_68838024da8a4cd7aeac72f32270895b,1e2beeed-35c7-4e21-9fd1-5d277bc80c26,2026-08-18 03:39:45.670975+00:00,BUSINESS_INSTITUTIONAL_SCREEN;UNIVERSAL_SEMANTIC_SCREEN,n114,n115;n117
third_share,third_share:E0016,rtc_68838024da8a4cd7aeac72f32270895b,1e2beeed-35c7-4e21-9fd1-5d277bc80c26,2026-08-18 03:40:50.585238+00:00,UNIVERSAL_SEMANTIC_SCREEN,n119,n120
third_share,third_share:E0017,rtc_68838024da8a4cd7aeac72f32270895b,1e2beeed-35c7-4e21-9fd1-5d277bc80c26,2026-08-18 03:41:02.205033+00:00,UNIVERSAL_SEMANTIC_SCREEN,n121,n122
third_share,third_share:E0018,rtc_68838024da8a4cd7aeac72f32270895b,1e2beeed-35c7-4e21-9fd1-5d277bc80c26,2026-08-18 03:41:38.409619+00:00,BUSINESS_INSTITUTIONAL_SCREEN;UNIVERSAL_SEMANTIC_SCREEN,n123,n124
third_share,third_share:E0019,rtc_68838024da8a4cd7aeac72f32270895b,1e2beeed-35c7-4e21-9fd1-5d277bc80c26,2026-08-18 03:42:06.446762+00:00,BUSINESS_INSTITUTIONAL_SCREEN;FROZEN_INFERENCE_OPPORTUNITY,n126,n127
third_share,third_share:E0020,rtc_68838024da8a4cd7aeac72f32270895b,1e2beeed-35c7-4e21-9fd1-5d277bc80c26,2026-08-18 03:42:37.067960+00:00,BUSINESS_INSTITUTIONAL_SCREEN,n129,n130
third_share,third_share:E0021,rtc_68838024da8a4cd7aeac72f32270895b,1e2beeed-35c7-4e21-9fd1-5d277bc80c26,2026-08-18 03:42:47.321419+00:00,BUSINESS_INSTITUTIONAL_SCREEN;UNIVERSAL_SEMANTIC_SCREEN,n132,n133
third_share,third_share:E0022,rtc_68838024da8a4cd7aeac72f32270895b,1e2beeed-35c7-4e21-9fd1-5d277bc80c26,2026-08-18 03:43:08.306995+00:00,BUSINESS_INSTITUTIONAL_SCREEN,n135,n136
third_share,third_share:E0023,rtc_68838024da8a4cd7aeac72f32270895b,1e2beeed-35c7-4e21-9fd1-5d277bc80c26,2026-08-18 03:43:19.440447+00:00,BUSINESS_INSTITUTIONAL_SCREEN;UNIVERSAL_SEMANTIC_SCREEN,n138,n139
third_share,third_share:E0024,rtc_68838024da8a4cd7aeac72f32270895b,1e2beeed-35c7-4e21-9fd1-5d277bc80c26,2026-08-18 03:44:04.728594+00:00,BUSINESS_INSTITUTIONAL_SCREEN,n145,n146
third_share,third_share:E0025,rtc_68838024da8a4cd7aeac72f32270895b,1e2beeed-35c7-4e21-9fd1-5d277bc80c26,2026-08-18 03:44:52.373633+00:00,BUSINESS_INSTITUTIONAL_SCREEN,n147,n148
third_share,third_share:E0026,rtc_68838024da8a4cd7aeac72f32270895b,1e2beeed-35c7-4e21-9fd1-5d277bc80c26,2026-08-18 03:47:18.904006+00:00,BUSINESS_INSTITUTIONAL_SCREEN,n158,n159
third_share,third_share:E0027,rtc_68838024da8a4cd7aeac72f32270895b,1e2beeed-35c7-4e21-9fd1-5d277bc80c26,2026-08-18 03:47:48.643496+00:00,BUSINESS_INSTITUTIONAL_SCREEN,n161,n162
third_share,third_share:E0028,rtc_68838024da8a4cd7aeac72f32270895b,1e2beeed-35c7-4e21-9fd1-5d277bc80c26,2026-08-18 03:48:43.452276+00:00,BUSINESS_INSTITUTIONAL_SCREEN;UNIVERSAL_SEMANTIC_SCREEN,n167,n168
third_share,third_share:E0029,rtc_68838024da8a4cd7aeac72f32270895b,1e2beeed-35c7-4e21-9fd1-5d277bc80c26,2026-08-18 03:49:22.333105+00:00,BUSINESS_INSTITUTIONAL_SCREEN;UNIVERSAL_SEMANTIC_SCREEN,n173,n174;n177
third_share,third_share:E0030,rtc_68838024da8a4cd7aeac72f32270895b,1e2beeed-35c7-4e21-9fd1-5d277bc80c26,2026-08-18 03:50:01.029363+00:00,BUSINESS_INSTITUTIONAL_SCREEN,n180,n181
third_share,third_share:E0031,rtc_68838024da8a4cd7aeac72f32270895b,1e2beeed-35c7-4e21-9fd1-5d277bc80c26,2026-08-18 03:50:07.935237+00:00,BUSINESS_INSTITUTIONAL_SCREEN;FROZEN_INFERENCE_OPPORTUNITY,n183,n184
third_share,third_share:E0032,rtc_68838024da8a4cd7aeac72f32270895b,1e2beeed-35c7-4e21-9fd1-5d277bc80c26,2026-08-18 03:50:13.160527+00:00,BUSINESS_INSTITUTIONAL_SCREEN,n186,n187
third_share,third_share:E0033,rtc_68838024da8a4cd7aeac72f32270895b,1e2beeed-35c7-4e21-9fd1-5d277bc80c26,2026-08-18 03:50:40.184863+00:00,BUSINESS_INSTITUTIONAL_SCREEN,n188,n189
third_share,third_share:E0034,rtc_68838024da8a4cd7aeac72f32270895b,1e2beeed-35c7-4e21-9fd1-5d277bc80c26,2026-08-18 03:51:48.074453+00:00,BUSINESS_INSTITUTIONAL_SCREEN;UNIVERSAL_SEMANTIC_SCREEN,n193,n194;n195
third_share,third_share:E0035,rtc_68838024da8a4cd7aeac72f32270895b,1e2beeed-35c7-4e21-9fd1-5d277bc80c26,2026-08-18 03:53:17.175104+00:00,BUSINESS_INSTITUTIONAL_SCREEN,n199,n200
third_share,third_share:E0036,rtc_68838024da8a4cd7aeac72f32270895b,1e2beeed-35c7-4e21-9fd1-5d277bc80c26,2026-08-18 03:53:23.003619+00:00,BUSINESS_INSTITUTIONAL_SCREEN;UNIVERSAL_SEMANTIC_SCREEN,n202,n203
third_share,third_share:E0037,rtc_68838024da8a4cd7aeac72f32270895b,1e2beeed-35c7-4e21-9fd1-5d277bc80c26,2026-08-18 03:53:29.516715+00:00,UNIVERSAL_SEMANTIC_SCREEN,n205,ABSENT
third_share,third_share:E0039,rtc_68838024da8a4cd7aeac72f32270895b,1e2beeed-35c7-4e21-9fd1-5d277bc80c26,2026-08-18 03:54:35.229334+00:00,BUSINESS_INSTITUTIONAL_SCREEN;UNIVERSAL_SEMANTIC_SCREEN,n218,n219
third_share,third_share:E0038,rtc_68838024da8a4cd7aeac72f32270895b,1e2beeed-35c7-4e21-9fd1-5d277bc80c26,2026-08-18 03:54:37.259528+00:00,BUSINESS_INSTITUTIONAL_SCREEN,n213,n214
third_share,third_share:E0041,rtc_68838024da8a4cd7aeac72f32270895b,1e2beeed-35c7-4e21-9fd1-5d277bc80c26,2026-08-18 03:56:52.803600+00:00,UNIVERSAL_SEMANTIC_SCREEN,n234,ABSENT
third_share,third_share:E0040,rtc_68838024da8a4cd7aeac72f32270895b,1e2beeed-35c7-4e21-9fd1-5d277bc80c26,2026-08-18 03:56:53.199985+00:00,BUSINESS_INSTITUTIONAL_SCREEN;UNIVERSAL_SEMANTIC_SCREEN,n229,n230
third_share,third_share:E0042,rtc_68838024da8a4cd7aeac72f32270895b,1e2beeed-35c7-4e21-9fd1-5d277bc80c26,2026-08-18 03:58:23.382582+00:00,BUSINESS_INSTITUTIONAL_SCREEN;UNIVERSAL_SEMANTIC_SCREEN,n241,n242
third_share,third_share:E0043,rtc_68838024da8a4cd7aeac72f32270895b,1e2beeed-35c7-4e21-9fd1-5d277bc80c26,2026-08-18 03:58:37.383320+00:00,UNIVERSAL_SEMANTIC_SCREEN,n243,n244
third_share,third_share:E0044,rtc_68838024da8a4cd7aeac72f32270895b,1e2beeed-35c7-4e21-9fd1-5d277bc80c26,2026-08-18 03:58:48.022385+00:00,UNIVERSAL_SEMANTIC_SCREEN,n245,n246
third_share,third_share:E0045,rtc_68838024da8a4cd7aeac72f32270895b,1e2beeed-35c7-4e21-9fd1-5d277bc80c26,2026-08-18 04:02:05.594717+00:00,AO30_EVENT;BUSINESS_INSTITUTIONAL_SCREEN;UNIVERSAL_SEMANTIC_SCREEN,n255;n257;n259;n263;n265;n269,n258;n260;n264;n266;n270;n271
third_share,third_share:E0046,rtc_68838024da8a4cd7aeac72f32270895b,1e2beeed-35c7-4e21-9fd1-5d277bc80c26,2026-08-18 04:08:58.434456+00:00,BUSINESS_INSTITUTIONAL_SCREEN;UNIVERSAL_SEMANTIC_SCREEN,n276,n277
third_share,third_share:E0047,rtc_68838024da8a4cd7aeac72f32270895b,1e2beeed-35c7-4e21-9fd1-5d277bc80c26,2026-08-18 04:09:58.448513+00:00,BUSINESS_INSTITUTIONAL_SCREEN;UNIVERSAL_SEMANTIC_SCREEN,n286,n287
third_share,third_share:E0048,rtc_68838024da8a4cd7aeac72f32270895b,1e2beeed-35c7-4e21-9fd1-5d277bc80c26,2026-08-18 04:10:28.992211+00:00,BUSINESS_INSTITUTIONAL_SCREEN,n290,n291
third_share,third_share:E0049,rtc_68838024da8a4cd7aeac72f32270895b,1e2beeed-35c7-4e21-9fd1-5d277bc80c26,2026-08-18 04:11:01.289748+00:00,BUSINESS_INSTITUTIONAL_SCREEN,n292,n293
third_share,third_share:E0050,rtc_68838024da8a4cd7aeac72f32270895b,1e2beeed-35c7-4e21-9fd1-5d277bc80c26,2026-08-18 04:11:14.021342+00:00,BUSINESS_INSTITUTIONAL_SCREEN,n295,n296
third_share,third_share:E0051,rtc_68838024da8a4cd7aeac72f32270895b,1e2beeed-35c7-4e21-9fd1-5d277bc80c26,2026-08-18 04:11:40.321146+00:00,UNIVERSAL_SEMANTIC_SCREEN,n297,n298
third_share,third_share:E0052,rtc_68838024da8a4cd7aeac72f32270895b,1e2beeed-35c7-4e21-9fd1-5d277bc80c26,2026-08-18 04:12:42.798669+00:00,BUSINESS_INSTITUTIONAL_SCREEN;UNIVERSAL_SEMANTIC_SCREEN,n299,n300
third_share,third_share:E0053,rtc_68838024da8a4cd7aeac72f32270895b,1e2beeed-35c7-4e21-9fd1-5d277bc80c26,2026-08-18 04:14:02.715261+00:00,BUSINESS_INSTITUTIONAL_SCREEN,n304,n305
third_share,third_share:E0054,rtc_68838024da8a4cd7aeac72f32270895b,1e2beeed-35c7-4e21-9fd1-5d277bc80c26,2026-08-18 04:14:41.720854+00:00,BUSINESS_INSTITUTIONAL_SCREEN;UNIVERSAL_SEMANTIC_SCREEN,n307,n308
third_share,third_share:E0055,rtc_68838024da8a4cd7aeac72f32270895b,1e2beeed-35c7-4e21-9fd1-5d277bc80c26,2026-08-18 04:15:12.976922+00:00,BUSINESS_INSTITUTIONAL_SCREEN,n310,n311
third_share,third_share:E0056,rtc_68838024da8a4cd7aeac72f32270895b,1e2beeed-35c7-4e21-9fd1-5d277bc80c26,2026-08-18 04:15:18.080131+00:00,BUSINESS_INSTITUTIONAL_SCREEN;UNIVERSAL_SEMANTIC_SCREEN,n313,n314
third_share,third_share:E0057,rtc_68838024da8a4cd7aeac72f32270895b,1e2beeed-35c7-4e21-9fd1-5d277bc80c26,2026-08-18 04:16:11.213664+00:00,BUSINESS_INSTITUTIONAL_SCREEN,n315,n316
third_share,third_share:E0058,rtc_68838024da8a4cd7aeac72f32270895b,1e2beeed-35c7-4e21-9fd1-5d277bc80c26,2026-08-18 04:16:43.187895+00:00,BUSINESS_INSTITUTIONAL_SCREEN;UNIVERSAL_SEMANTIC_SCREEN,n318,n319
third_share,third_share:E0059,rtc_68838024da8a4cd7aeac72f32270895b,1e2beeed-35c7-4e21-9fd1-5d277bc80c26,2026-08-18 04:17:00.058222+00:00,BUSINESS_INSTITUTIONAL_SCREEN,n321,n322
third_share,third_share:E0060,rtc_68838024da8a4cd7aeac72f32270895b,1e2beeed-35c7-4e21-9fd1-5d277bc80c26,2026-08-18 04:17:29.546710+00:00,BUSINESS_INSTITUTIONAL_SCREEN,n324,n325
third_share,third_share:E0061,rtc_68838024da8a4cd7aeac72f32270895b,1e2beeed-35c7-4e21-9fd1-5d277bc80c26,2026-08-18 04:19:24.630886+00:00,BUSINESS_INSTITUTIONAL_SCREEN,n331,n332
third_share,third_share:E0062,rtc_68838024da8a4cd7aeac72f32270895b,1e2beeed-35c7-4e21-9fd1-5d277bc80c26,2026-08-18 04:19:25.857146+00:00,BUSINESS_INSTITUTIONAL_SCREEN;UNIVERSAL_SEMANTIC_SCREEN,n334,n335;n336
third_share,third_share:E0063,rtc_68838024da8a4cd7aeac72f32270895b,1e2beeed-35c7-4e21-9fd1-5d277bc80c26,2026-08-18 04:19:48.214907+00:00,UNIVERSAL_SEMANTIC_SCREEN,n339,ABSENT
third_share,third_share:E0064,rtc_68838024da8a4cd7aeac72f32270895b,1e2beeed-35c7-4e21-9fd1-5d277bc80c26,2026-08-18 04:20:22.367368+00:00,UNIVERSAL_SEMANTIC_SCREEN,n345,ABSENT
third_share,third_share:E0065,rtc_68838024da8a4cd7aeac72f32270895b,1e2beeed-35c7-4e21-9fd1-5d277bc80c26,2026-08-18 04:21:39.970694+00:00,BUSINESS_INSTITUTIONAL_SCREEN,n354,n355
third_share,third_share:E0066,rtc_68838024da8a4cd7aeac72f32270895b,1e2beeed-35c7-4e21-9fd1-5d277bc80c26,2026-08-18 04:22:39.127872+00:00,BUSINESS_INSTITUTIONAL_SCREEN,n359,n360
third_share,third_share:E0067,rtc_68838024da8a4cd7aeac72f32270895b,1e2beeed-35c7-4e21-9fd1-5d277bc80c26,2026-08-18 04:23:18.207993+00:00,BUSINESS_INSTITUTIONAL_SCREEN,n362,n363
third_share,third_share:E0068,rtc_68838024da8a4cd7aeac72f32270895b,1e2beeed-35c7-4e21-9fd1-5d277bc80c26,2026-08-18 04:24:47.968965+00:00,BUSINESS_INSTITUTIONAL_SCREEN;UNIVERSAL_SEMANTIC_SCREEN,n368,n369
third_share,third_share:E0069,rtc_68838024da8a4cd7aeac72f32270895b,1e2beeed-35c7-4e21-9fd1-5d277bc80c26,2026-08-18 04:25:26.919302+00:00,BUSINESS_INSTITUTIONAL_SCREEN,n370,n371
third_share,third_share:E0070,rtc_68838024da8a4cd7aeac72f32270895b,1e2beeed-35c7-4e21-9fd1-5d277bc80c26,2026-08-18 04:26:31.534948+00:00,BUSINESS_INSTITUTIONAL_SCREEN,n372,n373
third_share,third_share:E0071,rtc_68838024da8a4cd7aeac72f32270895b,1e2beeed-35c7-4e21-9fd1-5d277bc80c26,2026-08-18 04:26:40.900114+00:00,BUSINESS_INSTITUTIONAL_SCREEN;UNIVERSAL_SEMANTIC_SCREEN,n375;n377,n376;n378
third_share,third_share:E0073,rtc_68838024da8a4cd7aeac72f32270895b,1e2beeed-35c7-4e21-9fd1-5d277bc80c26,2026-08-18 04:27:21.721641+00:00,BUSINESS_INSTITUTIONAL_SCREEN,n381,n382;n383
third_share,third_share:E0072,rtc_68838024da8a4cd7aeac72f32270895b,1e2beeed-35c7-4e21-9fd1-5d277bc80c26,2026-08-18 04:27:22.617218+00:00,BUSINESS_INSTITUTIONAL_SCREEN,n379,n380
third_share,third_share:E0074,rtc_68838024da8a4cd7aeac72f32270895b,1e2beeed-35c7-4e21-9fd1-5d277bc80c26,2026-08-18 04:28:42.154251+00:00,BUSINESS_INSTITUTIONAL_SCREEN,n384,n385;n386
third_share,third_share:E0075,rtc_68838024da8a4cd7aeac72f32270895b,1e2beeed-35c7-4e21-9fd1-5d277bc80c26,2026-08-18 04:29:13.446473+00:00,UNIVERSAL_SEMANTIC_SCREEN,n387,ABSENT
third_share,third_share:E0076,rtc_68838024da8a4cd7aeac72f32270895b,1e2beeed-35c7-4e21-9fd1-5d277bc80c26,2026-08-18 04:29:30.910380+00:00,BUSINESS_INSTITUTIONAL_SCREEN,n390,n391
third_share,third_share:E0077,rtc_68838024da8a4cd7aeac72f32270895b,1e2beeed-35c7-4e21-9fd1-5d277bc80c26,2026-08-18 04:29:35.923920+00:00,BUSINESS_INSTITUTIONAL_SCREEN;FROZEN_INFERENCE_OPPORTUNITY;UNIVERSAL_SEMANTIC_SCREEN,n393;n395,n394;n396
third_share,third_share:E0078,rtc_68838024da8a4cd7aeac72f32270895b,1e2beeed-35c7-4e21-9fd1-5d277bc80c26,2026-08-18 04:30:47.300786+00:00,BUSINESS_INSTITUTIONAL_SCREEN;UNIVERSAL_SEMANTIC_SCREEN,n398,n399
third_share,third_share:E0079,rtc_68838024da8a4cd7aeac72f32270895b,1e2beeed-35c7-4e21-9fd1-5d277bc80c26,2026-08-18 04:30:53.682787+00:00,BUSINESS_INSTITUTIONAL_SCREEN,n401,n402
third_share,third_share:E0080,rtc_68838024da8a4cd7aeac72f32270895b,1e2beeed-35c7-4e21-9fd1-5d277bc80c26,2026-08-18 04:31:05.705983+00:00,UNIVERSAL_SEMANTIC_SCREEN,n406,n407
third_share,third_share:E0081,rtc_68838024da8a4cd7aeac72f32270895b,1e2beeed-35c7-4e21-9fd1-5d277bc80c26,2026-08-18 04:31:45.695822+00:00,BUSINESS_INSTITUTIONAL_SCREEN;UNIVERSAL_SEMANTIC_SCREEN,n408,n409
third_share,third_share:E0082,rtc_68838024da8a4cd7aeac72f32270895b,1e2beeed-35c7-4e21-9fd1-5d277bc80c26,2026-08-18 04:32:03.574826+00:00,BUSINESS_INSTITUTIONAL_SCREEN;UNIVERSAL_SEMANTIC_SCREEN,n411,n412;n413;n414
third_share,third_share:E0083,rtc_68838024da8a4cd7aeac72f32270895b,1e2beeed-35c7-4e21-9fd1-5d277bc80c26,2026-08-18 04:34:24.270796+00:00,BUSINESS_INSTITUTIONAL_SCREEN;UNIVERSAL_SEMANTIC_SCREEN,n426,n427;n428
third_share,third_share:E0084,rtc_68838024da8a4cd7aeac72f32270895b,1e2beeed-35c7-4e21-9fd1-5d277bc80c26,2026-08-18 04:35:16.664891+00:00,FROZEN_INFERENCE_OPPORTUNITY;UNIVERSAL_SEMANTIC_SCREEN,n431,n432
third_share,third_share:E0085,rtc_68838024da8a4cd7aeac72f32270895b,1e2beeed-35c7-4e21-9fd1-5d277bc80c26,2026-08-18 04:35:53.932379+00:00,BUSINESS_INSTITUTIONAL_SCREEN;UNIVERSAL_SEMANTIC_SCREEN,n437,n438
third_share,third_share:E0086,rtc_68838024da8a4cd7aeac72f32270895b,1e2beeed-35c7-4e21-9fd1-5d277bc80c26,2026-08-18 04:36:51.885989+00:00,BUSINESS_INSTITUTIONAL_SCREEN;UNIVERSAL_SEMANTIC_SCREEN,n439,n440
third_share,third_share:E0087,rtc_68838024da8a4cd7aeac72f32270895b,1e2beeed-35c7-4e21-9fd1-5d277bc80c26,2026-08-18 04:37:10.769585+00:00,BUSINESS_INSTITUTIONAL_SCREEN,n441,n442
third_share,third_share:E0088,rtc_68838024da8a4cd7aeac72f32270895b,1e2beeed-35c7-4e21-9fd1-5d277bc80c26,2026-08-18 04:38:30.424594+00:00,UNIVERSAL_SEMANTIC_SCREEN,n450,n455
third_share,third_share:E0089,rtc_68838024da8a4cd7aeac72f32270895b,1e2beeed-35c7-4e21-9fd1-5d277bc80c26,2026-08-18 04:39:25.377889+00:00,BUSINESS_INSTITUTIONAL_SCREEN;UNIVERSAL_SEMANTIC_SCREEN,n456,n457
third_share,third_share:E0090,rtc_68838024da8a4cd7aeac72f32270895b,1e2beeed-35c7-4e21-9fd1-5d277bc80c26,2026-08-18 04:40:34.066568+00:00,BUSINESS_INSTITUTIONAL_SCREEN;UNIVERSAL_SEMANTIC_SCREEN,n472,n473
third_share,third_share:E0091,rtc_68838024da8a4cd7aeac72f32270895b,1e2beeed-35c7-4e21-9fd1-5d277bc80c26,2026-08-18 04:41:05.934460+00:00,UNIVERSAL_SEMANTIC_SCREEN,n474,n475
third_share,third_share:E0092,rtc_68838024da8a4cd7aeac72f32270895b,1e2beeed-35c7-4e21-9fd1-5d277bc80c26,2026-08-18 04:41:50.514643+00:00,BUSINESS_INSTITUTIONAL_SCREEN,n476,n477
third_share,third_share:E0093,rtc_68838024da8a4cd7aeac72f32270895b,1e2beeed-35c7-4e21-9fd1-5d277bc80c26,2026-08-18 04:42:11.974795+00:00,BUSINESS_INSTITUTIONAL_SCREEN;UNIVERSAL_SEMANTIC_SCREEN,n479,n480
third_share,third_share:E0094,rtc_68838024da8a4cd7aeac72f32270895b,1e2beeed-35c7-4e21-9fd1-5d277bc80c26,2026-08-18 04:42:17.457873+00:00,BUSINESS_INSTITUTIONAL_SCREEN,n482,n483;n486
third_share,third_share:E0095,rtc_68838024da8a4cd7aeac72f32270895b,1e2beeed-35c7-4e21-9fd1-5d277bc80c26,2026-08-18 04:43:39.976335+00:00,BUSINESS_INSTITUTIONAL_SCREEN,n491,n492
third_share,third_share:E0096,rtc_68838024da8a4cd7aeac72f32270895b,1e2beeed-35c7-4e21-9fd1-5d277bc80c26,2026-08-18 04:43:45.531125+00:00,UNIVERSAL_SEMANTIC_SCREEN,n494,ABSENT
third_share,third_share:E0097,rtc_68838024da8a4cd7aeac72f32270895b,1e2beeed-35c7-4e21-9fd1-5d277bc80c26,2026-08-18 04:43:48.136012+00:00,BUSINESS_INSTITUTIONAL_SCREEN,n497,n498
third_share,third_share:E0098,rtc_68838024da8a4cd7aeac72f32270895b,1e2beeed-35c7-4e21-9fd1-5d277bc80c26,2026-08-18 04:44:39.888792+00:00,BUSINESS_INSTITUTIONAL_SCREEN;UNIVERSAL_SEMANTIC_SCREEN,n501,n502
third_share,third_share:E0099,rtc_68838024da8a4cd7aeac72f32270895b,1e2beeed-35c7-4e21-9fd1-5d277bc80c26,2026-08-18 04:44:48.509233+00:00,BUSINESS_INSTITUTIONAL_SCREEN,n504,n505
third_share,third_share:E0100,rtc_68838024da8a4cd7aeac72f32270895b,1e2beeed-35c7-4e21-9fd1-5d277bc80c26,2026-08-18 04:45:23.499193+00:00,BUSINESS_INSTITUTIONAL_SCREEN,n509,n510
third_share,third_share:E0101,rtc_68838024da8a4cd7aeac72f32270895b,1e2beeed-35c7-4e21-9fd1-5d277bc80c26,2026-08-18 04:46:05.060092+00:00,BUSINESS_INSTITUTIONAL_SCREEN;UNIVERSAL_SEMANTIC_SCREEN,n511,n512
third_share,third_share:E0102,rtc_68838024da8a4cd7aeac72f32270895b,1e2beeed-35c7-4e21-9fd1-5d277bc80c26,2026-08-18 04:47:10.596833+00:00,BUSINESS_INSTITUTIONAL_SCREEN,n513,n514
third_share,third_share:E0103,rtc_68838024da8a4cd7aeac72f32270895b,1e2beeed-35c7-4e21-9fd1-5d277bc80c26,2026-08-18 04:47:31.715060+00:00,BUSINESS_INSTITUTIONAL_SCREEN,n516,n517;n518
third_share,third_share:E0104,rtc_68838024da8a4cd7aeac72f32270895b,1e2beeed-35c7-4e21-9fd1-5d277bc80c26,2026-08-18 04:48:21.986627+00:00,BUSINESS_INSTITUTIONAL_SCREEN,n522,n523
third_share,third_share:E0105,rtc_68838024da8a4cd7aeac72f32270895b,1e2beeed-35c7-4e21-9fd1-5d277bc80c26,2026-08-18 04:48:53.453243+00:00,BUSINESS_INSTITUTIONAL_SCREEN,n524,n525
third_share,third_share:E0106,rtc_68838024da8a4cd7aeac72f32270895b,1e2beeed-35c7-4e21-9fd1-5d277bc80c26,2026-08-18 04:49:14.140096+00:00,BUSINESS_INSTITUTIONAL_SCREEN,n528,n529
third_share,third_share:E0107,rtc_68838024da8a4cd7aeac72f32270895b,1e2beeed-35c7-4e21-9fd1-5d277bc80c26,2026-08-18 04:49:41.836415+00:00,BUSINESS_INSTITUTIONAL_SCREEN,n530,n531
third_share,third_share:E0108,rtc_68838024da8a4cd7aeac72f32270895b,1e2beeed-35c7-4e21-9fd1-5d277bc80c26,2026-08-18 04:50:38.459020+00:00,BUSINESS_INSTITUTIONAL_SCREEN,n534,n535;n536
third_share,third_share:E0109,rtc_68838024da8a4cd7aeac72f32270895b,1e2beeed-35c7-4e21-9fd1-5d277bc80c26,2026-08-18 04:51:55.283032+00:00,UNIVERSAL_SEMANTIC_SCREEN,n546,n547
third_share,third_share:E0110,rtc_68838024da8a4cd7aeac72f32270895b,1e2beeed-35c7-4e21-9fd1-5d277bc80c26,2026-08-18 04:52:05.348669+00:00,UNIVERSAL_SEMANTIC_SCREEN,n550,n551
third_share,third_share:E0111,rtc_68838024da8a4cd7aeac72f32270895b,1e2beeed-35c7-4e21-9fd1-5d277bc80c26,2026-08-18 04:55:37.893199+00:00,UNIVERSAL_SEMANTIC_SCREEN,n587,n588
third_share,third_share:E0112,rtc_68838024da8a4cd7aeac72f32270895b,1e2beeed-35c7-4e21-9fd1-5d277bc80c26,2026-08-18 04:57:11.090437+00:00,UNIVERSAL_SEMANTIC_SCREEN,n601,n603
third_share,third_share:E0113,rtc_68838024da8a4cd7aeac72f32270895b,1e2beeed-35c7-4e21-9fd1-5d277bc80c26,2026-08-18 05:00:18.097942+00:00,UNIVERSAL_SEMANTIC_SCREEN,n612,n613
third_share,third_share:E0114,rtc_68838024da8a4cd7aeac72f32270895b,1e2beeed-35c7-4e21-9fd1-5d277bc80c26,2026-08-18 05:00:45.041591+00:00,BUSINESS_INSTITUTIONAL_SCREEN,n616,n617;n618
third_share,third_share:E0115,rtc_68838024da8a4cd7aeac72f32270895b,1e2beeed-35c7-4e21-9fd1-5d277bc80c26,2026-08-18 05:01:18.214712+00:00,BUSINESS_INSTITUTIONAL_SCREEN;UNIVERSAL_SEMANTIC_SCREEN,n619;n621,n620;n622
third_share,third_share:E0116,rtc_68838024da8a4cd7aeac72f32270895b,1e2beeed-35c7-4e21-9fd1-5d277bc80c26,2026-08-18 05:03:23.309365+00:00,UNIVERSAL_SEMANTIC_SCREEN,n631,n632
third_share,third_share:E0117,rtc_68838024da8a4cd7aeac72f32270895b,1e2beeed-35c7-4e21-9fd1-5d277bc80c26,2026-08-18 05:03:38.243305+00:00,BUSINESS_INSTITUTIONAL_SCREEN,n633,n634
third_share,third_share:E0118,rtc_68838024da8a4cd7aeac72f32270895b,1e2beeed-35c7-4e21-9fd1-5d277bc80c26,2026-08-18 05:04:16.782776+00:00,BUSINESS_INSTITUTIONAL_SCREEN;UNIVERSAL_SEMANTIC_SCREEN,n637,n638
third_share,third_share:E0119,rtc_68838024da8a4cd7aeac72f32270895b,1e2beeed-35c7-4e21-9fd1-5d277bc80c26,2026-08-18 05:05:49.449259+00:00,BUSINESS_INSTITUTIONAL_SCREEN;UNIVERSAL_SEMANTIC_SCREEN,n648,n649
third_share,third_share:E0120,rtc_68838024da8a4cd7aeac72f32270895b,1e2beeed-35c7-4e21-9fd1-5d277bc80c26,2026-08-18 05:06:25.377943+00:00,UNIVERSAL_SEMANTIC_SCREEN,n650,n651;n652
third_share,third_share:E0121,rtc_68838024da8a4cd7aeac72f32270895b,1e2beeed-35c7-4e21-9fd1-5d277bc80c26,2026-08-18 05:07:40.316334+00:00,UNIVERSAL_SEMANTIC_SCREEN,n653,n654
third_share,third_share:E0122,rtc_68838024da8a4cd7aeac72f32270895b,1e2beeed-35c7-4e21-9fd1-5d277bc80c26,2026-08-18 05:08:10.974301+00:00,UNIVERSAL_SEMANTIC_SCREEN,n655,n656
third_share,third_share:E0123,rtc_68838024da8a4cd7aeac72f32270895b,1e2beeed-35c7-4e21-9fd1-5d277bc80c26,2026-08-18 05:08:39.339953+00:00,BUSINESS_INSTITUTIONAL_SCREEN;UNIVERSAL_SEMANTIC_SCREEN,n659,n660
third_share,third_share:E0124,rtc_68838024da8a4cd7aeac72f32270895b,1e2beeed-35c7-4e21-9fd1-5d277bc80c26,2026-08-18 05:09:10.712289+00:00,UNIVERSAL_SEMANTIC_SCREEN,n665,n666
third_share,third_share:E0125,rtc_68838024da8a4cd7aeac72f32270895b,1e2beeed-35c7-4e21-9fd1-5d277bc80c26,2026-08-18 05:11:34.777933+00:00,UNIVERSAL_SEMANTIC_SCREEN,n679,n680
third_share,third_share:E0126,rtc_68838024da8a4cd7aeac72f32270895b,1e2beeed-35c7-4e21-9fd1-5d277bc80c26,2026-08-18 05:12:27.780627+00:00,BUSINESS_INSTITUTIONAL_SCREEN;UNIVERSAL_SEMANTIC_SCREEN,n681,n682
third_share,third_share:E0127,rtc_68838024da8a4cd7aeac72f32270895b,1e2beeed-35c7-4e21-9fd1-5d277bc80c26,2026-08-18 05:12:51.334320+00:00,BUSINESS_INSTITUTIONAL_SCREEN;UNIVERSAL_SEMANTIC_SCREEN,n683,n684
third_share,third_share:E0128,rtc_68838024da8a4cd7aeac72f32270895b,1e2beeed-35c7-4e21-9fd1-5d277bc80c26,2026-08-18 05:13:13.233661+00:00,BUSINESS_INSTITUTIONAL_SCREEN,n686,n687
third_share,third_share:E0129,rtc_68838024da8a4cd7aeac72f32270895b,1e2beeed-35c7-4e21-9fd1-5d277bc80c26,2026-08-18 05:13:44.186204+00:00,BUSINESS_INSTITUTIONAL_SCREEN;UNIVERSAL_SEMANTIC_SCREEN,n688,n689
third_share,third_share:E0130,rtc_68838024da8a4cd7aeac72f32270895b,1e2beeed-35c7-4e21-9fd1-5d277bc80c26,2026-08-18 05:14:21.510228+00:00,BUSINESS_INSTITUTIONAL_SCREEN,n690,n691
third_share,third_share:E0131,rtc_68838024da8a4cd7aeac72f32270895b,1e2beeed-35c7-4e21-9fd1-5d277bc80c26,2026-08-18 05:14:41.258198+00:00,BUSINESS_INSTITUTIONAL_SCREEN;FROZEN_INFERENCE_OPPORTUNITY;UNIVERSAL_SEMANTIC_SCREEN,n692;n694,n693;n695
third_share,third_share:E0132,rtc_68838024da8a4cd7aeac72f32270895b,1e2beeed-35c7-4e21-9fd1-5d277bc80c26,2026-08-18 05:16:42.553427+00:00,BUSINESS_INSTITUTIONAL_SCREEN,n696,n697
third_share,third_share:E0133,rtc_68838024da8a4cd7aeac72f32270895b,1e2beeed-35c7-4e21-9fd1-5d277bc80c26,2026-08-18 05:17:06.151476+00:00,BUSINESS_INSTITUTIONAL_SCREEN;FROZEN_INFERENCE_OPPORTUNITY;UNIVERSAL_SEMANTIC_SCREEN,n700,n701
third_share,third_share:E0134,rtc_68838024da8a4cd7aeac72f32270895b,1e2beeed-35c7-4e21-9fd1-5d277bc80c26,2026-08-18 05:17:52.813626+00:00,BUSINESS_INSTITUTIONAL_SCREEN;UNIVERSAL_SEMANTIC_SCREEN,n708;n710,n709;n713
third_share,third_share:E0135,rtc_68838024da8a4cd7aeac72f32270895b,1e2beeed-35c7-4e21-9fd1-5d277bc80c26,2026-08-18 05:18:53.379340+00:00,BUSINESS_INSTITUTIONAL_SCREEN;RTC_RULE_EPISODE;UNIVERSAL_SEMANTIC_SCREEN,n716;n720;n722;n732,n717;n719;n721;n729;n731;n733;n735;n737
third_share,third_share:E0136,rtc_5c2b05a7b14c4312ac8468375f689ee5,a0028bc6-ecdc-4787-a009-3b7ca1e4b3ec,2026-08-18 05:22:21.579916+00:00,BUSINESS_INSTITUTIONAL_SCREEN;UNIVERSAL_SEMANTIC_SCREEN,n738,n739;n740
third_share,third_share:E0137,rtc_5c2b05a7b14c4312ac8468375f689ee5,a0028bc6-ecdc-4787-a009-3b7ca1e4b3ec,2026-08-18 05:24:51.591790+00:00,BUSINESS_INSTITUTIONAL_SCREEN;UNIVERSAL_SEMANTIC_SCREEN,n741;n743,n742;n744
third_share,third_share:E0138,rtc_5c2b05a7b14c4312ac8468375f689ee5,a0028bc6-ecdc-4787-a009-3b7ca1e4b3ec,2026-08-18 05:26:51.164520+00:00,BUSINESS_INSTITUTIONAL_SCREEN;UNIVERSAL_SEMANTIC_SCREEN,n745,n746
third_share,third_share:E0139,rtc_5c2b05a7b14c4312ac8468375f689ee5,a0028bc6-ecdc-4787-a009-3b7ca1e4b3ec,2026-08-18 05:27:55.455551+00:00,BUSINESS_INSTITUTIONAL_SCREEN;UNIVERSAL_SEMANTIC_SCREEN,n747,n748
third_share,third_share:E0140,rtc_5c2b05a7b14c4312ac8468375f689ee5,a0028bc6-ecdc-4787-a009-3b7ca1e4b3ec,2026-08-18 05:28:29.408460+00:00,BUSINESS_INSTITUTIONAL_SCREEN;UNIVERSAL_SEMANTIC_SCREEN,n749,n750
third_share,third_share:E0141,rtc_5c2b05a7b14c4312ac8468375f689ee5,a0028bc6-ecdc-4787-a009-3b7ca1e4b3ec,2026-08-18 05:28:53.028307+00:00,BUSINESS_INSTITUTIONAL_SCREEN,n753,n754
third_share,third_share:E0142,rtc_5c2b05a7b14c4312ac8468375f689ee5,a0028bc6-ecdc-4787-a009-3b7ca1e4b3ec,2026-08-18 05:29:24.020795+00:00,BUSINESS_INSTITUTIONAL_SCREEN;UNIVERSAL_SEMANTIC_SCREEN,n755,n756
third_share,third_share:E0143,rtc_5c2b05a7b14c4312ac8468375f689ee5,a0028bc6-ecdc-4787-a009-3b7ca1e4b3ec,2026-08-18 05:32:36.540340+00:00,UNIVERSAL_SEMANTIC_SCREEN,n757,ABSENT
third_share,third_share:E0144,rtc_5c2b05a7b14c4312ac8468375f689ee5,a0028bc6-ecdc-4787-a009-3b7ca1e4b3ec,2026-08-18 05:33:56.723088+00:00,BUSINESS_INSTITUTIONAL_SCREEN;UNIVERSAL_SEMANTIC_SCREEN,n759;n762,n760
third_share,third_share:E0145,rtc_5c2b05a7b14c4312ac8468375f689ee5,a0028bc6-ecdc-4787-a009-3b7ca1e4b3ec,2026-08-18 05:37:52.378705+00:00,BUSINESS_INSTITUTIONAL_SCREEN;UNIVERSAL_SEMANTIC_SCREEN,n765,n766
third_share,third_share:E0146,rtc_5c2b05a7b14c4312ac8468375f689ee5,a0028bc6-ecdc-4787-a009-3b7ca1e4b3ec,2026-08-18 05:38:39.297923+00:00,BUSINESS_INSTITUTIONAL_SCREEN;UNIVERSAL_SEMANTIC_SCREEN,n767,n768
third_share,third_share:E0147,rtc_5c2b05a7b14c4312ac8468375f689ee5,a0028bc6-ecdc-4787-a009-3b7ca1e4b3ec,2026-08-18 05:39:36.811209+00:00,UNIVERSAL_SEMANTIC_SCREEN,n773,n774
third_share,third_share:E0148,rtc_5c2b05a7b14c4312ac8468375f689ee5,a0028bc6-ecdc-4787-a009-3b7ca1e4b3ec,2026-08-18 05:40:17.021449+00:00,BUSINESS_INSTITUTIONAL_SCREEN;UNIVERSAL_SEMANTIC_SCREEN,n777,n778
third_share,third_share:E0149,rtc_5c2b05a7b14c4312ac8468375f689ee5,a0028bc6-ecdc-4787-a009-3b7ca1e4b3ec,2026-08-18 05:40:49.245285+00:00,BUSINESS_INSTITUTIONAL_SCREEN;UNIVERSAL_SEMANTIC_SCREEN,n779,n780
third_share,third_share:E0150,rtc_5c2b05a7b14c4312ac8468375f689ee5,a0028bc6-ecdc-4787-a009-3b7ca1e4b3ec,2026-08-18 05:41:01.311792+00:00,UNIVERSAL_SEMANTIC_SCREEN,n781,n782
third_share,third_share:E0151,rtc_5c2b05a7b14c4312ac8468375f689ee5,a0028bc6-ecdc-4787-a009-3b7ca1e4b3ec,2026-08-18 05:41:27.668337+00:00,BUSINESS_INSTITUTIONAL_SCREEN;FROZEN_INFERENCE_OPPORTUNITY;UNIVERSAL_SEMANTIC_SCREEN,n785,n786
third_share,third_share:E0152,rtc_5c2b05a7b14c4312ac8468375f689ee5,a0028bc6-ecdc-4787-a009-3b7ca1e4b3ec,2026-08-18 05:41:44.231748+00:00,AGENCY_NEUTRAL_OPPORTUNITY;BUSINESS_INSTITUTIONAL_SCREEN;FROZEN_INFERENCE_OPPORTUNITY;UNIVERSAL_SEMANTIC_SCREEN,n787,n788
third_share,third_share:E0153,rtc_5c2b05a7b14c4312ac8468375f689ee5,a0028bc6-ecdc-4787-a009-3b7ca1e4b3ec,2026-08-18 05:42:07.293270+00:00,BUSINESS_INSTITUTIONAL_SCREEN;UNIVERSAL_SEMANTIC_SCREEN,n789,n790
third_share,third_share:E0154,rtc_5c2b05a7b14c4312ac8468375f689ee5,a0028bc6-ecdc-4787-a009-3b7ca1e4b3ec,2026-08-18 05:43:04.586410+00:00,BUSINESS_INSTITUTIONAL_SCREEN;UNIVERSAL_SEMANTIC_SCREEN,n791,n792
third_share,third_share:E0155,rtc_5c2b05a7b14c4312ac8468375f689ee5,a0028bc6-ecdc-4787-a009-3b7ca1e4b3ec,2026-08-18 05:43:35.384649+00:00,UNIVERSAL_SEMANTIC_SCREEN,n796,n797
third_share,third_share:E0156,rtc_5c2b05a7b14c4312ac8468375f689ee5,a0028bc6-ecdc-4787-a009-3b7ca1e4b3ec,2026-08-18 05:43:50.617239+00:00,BUSINESS_INSTITUTIONAL_SCREEN,n798,n799
third_share,third_share:E0157,rtc_5c2b05a7b14c4312ac8468375f689ee5,a0028bc6-ecdc-4787-a009-3b7ca1e4b3ec,2026-08-18 05:44:31.774894+00:00,BUSINESS_INSTITUTIONAL_SCREEN,n803,n804
third_share,third_share:E0158,rtc_5c2b05a7b14c4312ac8468375f689ee5,a0028bc6-ecdc-4787-a009-3b7ca1e4b3ec,2026-08-18 05:44:48.720888+00:00,BUSINESS_INSTITUTIONAL_SCREEN,n806,n807
third_share,third_share:E0159,rtc_5c2b05a7b14c4312ac8468375f689ee5,a0028bc6-ecdc-4787-a009-3b7ca1e4b3ec,2026-08-18 05:45:21.165987+00:00,UNIVERSAL_SEMANTIC_SCREEN,n813,ABSENT
third_share,third_share:E0160,rtc_5c2b05a7b14c4312ac8468375f689ee5,a0028bc6-ecdc-4787-a009-3b7ca1e4b3ec,2026-08-18 05:45:32.186413+00:00,BUSINESS_INSTITUTIONAL_SCREEN;UNIVERSAL_SEMANTIC_SCREEN,n816,n817;n818
third_share,third_share:E0161,rtc_5c2b05a7b14c4312ac8468375f689ee5,a0028bc6-ecdc-4787-a009-3b7ca1e4b3ec,2026-08-18 05:46:25.109814+00:00,UNIVERSAL_SEMANTIC_SCREEN,n821,ABSENT
third_share,third_share:E0162,rtc_5c2b05a7b14c4312ac8468375f689ee5,a0028bc6-ecdc-4787-a009-3b7ca1e4b3ec,2026-08-18 05:46:27.401269+00:00,UNIVERSAL_SEMANTIC_SCREEN,n824,n825
third_share,third_share:E0163,rtc_5c2b05a7b14c4312ac8468375f689ee5,a0028bc6-ecdc-4787-a009-3b7ca1e4b3ec,2026-08-18 05:47:22.593837+00:00,BUSINESS_INSTITUTIONAL_SCREEN;UNIVERSAL_SEMANTIC_SCREEN,n826,n827
third_share,third_share:E0164,rtc_5c2b05a7b14c4312ac8468375f689ee5,a0028bc6-ecdc-4787-a009-3b7ca1e4b3ec,2026-08-18 05:48:32.352828+00:00,BUSINESS_INSTITUTIONAL_SCREEN;UNIVERSAL_SEMANTIC_SCREEN,n830,n831
third_share,third_share:E0165,rtc_5c2b05a7b14c4312ac8468375f689ee5,a0028bc6-ecdc-4787-a009-3b7ca1e4b3ec,2026-08-18 05:49:31.215392+00:00,BUSINESS_INSTITUTIONAL_SCREEN;UNIVERSAL_SEMANTIC_SCREEN,n838,n839
third_share,third_share:E0166,rtc_5c2b05a7b14c4312ac8468375f689ee5,a0028bc6-ecdc-4787-a009-3b7ca1e4b3ec,2026-08-18 05:49:51.672031+00:00,BUSINESS_INSTITUTIONAL_SCREEN;UNIVERSAL_SEMANTIC_SCREEN,n841,n842
third_share,third_share:E0167,rtc_5c2b05a7b14c4312ac8468375f689ee5,a0028bc6-ecdc-4787-a009-3b7ca1e4b3ec,2026-08-18 05:50:22.588203+00:00,BUSINESS_INSTITUTIONAL_SCREEN;UNIVERSAL_SEMANTIC_SCREEN,n844,n845
third_share,third_share:E0168,rtc_5c2b05a7b14c4312ac8468375f689ee5,a0028bc6-ecdc-4787-a009-3b7ca1e4b3ec,2026-08-18 05:50:58.345668+00:00,BUSINESS_INSTITUTIONAL_SCREEN;UNIVERSAL_SEMANTIC_SCREEN,n847;n850,n848;n851
third_share,third_share:E0169,rtc_5c2b05a7b14c4312ac8468375f689ee5,a0028bc6-ecdc-4787-a009-3b7ca1e4b3ec,2026-08-18 05:51:16.085713+00:00,BUSINESS_INSTITUTIONAL_SCREEN;UNIVERSAL_SEMANTIC_SCREEN,n852,n853
third_share,third_share:E0170,rtc_5c2b05a7b14c4312ac8468375f689ee5,a0028bc6-ecdc-4787-a009-3b7ca1e4b3ec,2026-08-18 05:51:34.303255+00:00,UNIVERSAL_SEMANTIC_SCREEN,n854,ABSENT
third_share,third_share:E0171,rtc_5c2b05a7b14c4312ac8468375f689ee5,a0028bc6-ecdc-4787-a009-3b7ca1e4b3ec,2026-08-18 05:52:18.251658+00:00,UNIVERSAL_SEMANTIC_SCREEN,n856,ABSENT
third_share,third_share:E0172,rtc_5c2b05a7b14c4312ac8468375f689ee5,a0028bc6-ecdc-4787-a009-3b7ca1e4b3ec,2026-08-18 05:52:20.356755+00:00,BUSINESS_INSTITUTIONAL_SCREEN;UNIVERSAL_SEMANTIC_SCREEN,n859,n860
third_share,third_share:E0173,rtc_5c2b05a7b14c4312ac8468375f689ee5,a0028bc6-ecdc-4787-a009-3b7ca1e4b3ec,2026-08-18 05:52:41.402743+00:00,BUSINESS_INSTITUTIONAL_SCREEN;UNIVERSAL_SEMANTIC_SCREEN,n861;n863,n862;n864
third_share,third_share:E0174,rtc_5c2b05a7b14c4312ac8468375f689ee5,a0028bc6-ecdc-4787-a009-3b7ca1e4b3ec,2026-08-18 05:54:24.099252+00:00,BUSINESS_INSTITUTIONAL_SCREEN;UNIVERSAL_SEMANTIC_SCREEN,n867,n868;n869
thirteenth_share,thirteenth_share:E0001,rtc_d3e9a9fe507b48ec92266f26841b0490,c1b4e38f-3c95-4181-b541-cafe2bf954b9,2026-08-05 10:12:52.267701+00:00,BUSINESS_INSTITUTIONAL_SCREEN;UNIVERSAL_SEMANTIC_SCREEN,n13,n14
thirteenth_share,thirteenth_share:E0002,rtc_d3e9a9fe507b48ec92266f26841b0490,c1b4e38f-3c95-4181-b541-cafe2bf954b9,2026-08-05 10:13:05.550531+00:00,BUSINESS_INSTITUTIONAL_SCREEN,n15,n16
thirteenth_share,thirteenth_share:E0003,rtc_d3e9a9fe507b48ec92266f26841b0490,c1b4e38f-3c95-4181-b541-cafe2bf954b9,2026-08-05 10:13:44.119973+00:00,UNIVERSAL_SEMANTIC_SCREEN,n20,n21
thirteenth_share,thirteenth_share:E0004,rtc_d3e9a9fe507b48ec92266f26841b0490,c1b4e38f-3c95-4181-b541-cafe2bf954b9,2026-08-05 10:15:47.047569+00:00,BUSINESS_INSTITUTIONAL_SCREEN,n36,n37;n38
thirteenth_share,thirteenth_share:E0005,rtc_d3e9a9fe507b48ec92266f26841b0490,c1b4e38f-3c95-4181-b541-cafe2bf954b9,2026-08-05 10:16:20.117944+00:00,BUSINESS_INSTITUTIONAL_SCREEN,n41,n42
thirteenth_share,thirteenth_share:E0006,rtc_d3e9a9fe507b48ec92266f26841b0490,c1b4e38f-3c95-4181-b541-cafe2bf954b9,2026-08-05 10:16:43.571537+00:00,BUSINESS_INSTITUTIONAL_SCREEN;UNIVERSAL_SEMANTIC_SCREEN,n43,n44
thirteenth_share,thirteenth_share:E0007,rtc_d3e9a9fe507b48ec92266f26841b0490,c1b4e38f-3c95-4181-b541-cafe2bf954b9,2026-08-05 10:17:01.538474+00:00,BUSINESS_INSTITUTIONAL_SCREEN;UNIVERSAL_SEMANTIC_SCREEN,n45,n46
thirteenth_share,thirteenth_share:E0008,rtc_d3e9a9fe507b48ec92266f26841b0490,c1b4e38f-3c95-4181-b541-cafe2bf954b9,2026-08-05 10:17:17.746077+00:00,BUSINESS_INSTITUTIONAL_SCREEN,n47,n48
thirteenth_share,thirteenth_share:E0009,rtc_d3e9a9fe507b48ec92266f26841b0490,c1b4e38f-3c95-4181-b541-cafe2bf954b9,2026-08-05 10:18:38.935415+00:00,BUSINESS_INSTITUTIONAL_SCREEN,n58,n59
thirteenth_share,thirteenth_share:E0010,rtc_d3e9a9fe507b48ec92266f26841b0490,c1b4e38f-3c95-4181-b541-cafe2bf954b9,2026-08-05 10:19:45.336665+00:00,BUSINESS_INSTITUTIONAL_SCREEN,n64,n65;n66;n68
thirteenth_share,thirteenth_share:E0011,rtc_d3e9a9fe507b48ec92266f26841b0490,c1b4e38f-3c95-4181-b541-cafe2bf954b9,2026-08-05 10:20:04.070930+00:00,UNIVERSAL_SEMANTIC_SCREEN,n71,n72
thirteenth_share,thirteenth_share:E0012,rtc_d3e9a9fe507b48ec92266f26841b0490,c1b4e38f-3c95-4181-b541-cafe2bf954b9,2026-08-05 10:20:44.043583+00:00,BUSINESS_INSTITUTIONAL_SCREEN,n73,n74;n75;n77
thirteenth_share,thirteenth_share:E0013,rtc_d3e9a9fe507b48ec92266f26841b0490,c1b4e38f-3c95-4181-b541-cafe2bf954b9,2026-08-05 10:21:17.351459+00:00,BUSINESS_INSTITUTIONAL_SCREEN,n78,n79;n82
thirteenth_share,thirteenth_share:E0014,rtc_d3e9a9fe507b48ec92266f26841b0490,c1b4e38f-3c95-4181-b541-cafe2bf954b9,2026-08-05 10:22:13.616427+00:00,BUSINESS_INSTITUTIONAL_SCREEN,n83,n84;n86;n88
thirteenth_share,thirteenth_share:E0015,rtc_d3e9a9fe507b48ec92266f26841b0490,c1b4e38f-3c95-4181-b541-cafe2bf954b9,2026-08-05 10:23:37.224412+00:00,BUSINESS_INSTITUTIONAL_SCREEN,n89,n90
thirteenth_share,thirteenth_share:E0016,rtc_d3e9a9fe507b48ec92266f26841b0490,c1b4e38f-3c95-4181-b541-cafe2bf954b9,2026-08-05 10:24:02.765321+00:00,UNIVERSAL_SEMANTIC_SCREEN,n91,n92
thirteenth_share,thirteenth_share:E0017,rtc_d3e9a9fe507b48ec92266f26841b0490,c1b4e38f-3c95-4181-b541-cafe2bf954b9,2026-08-05 10:26:31.127860+00:00,BUSINESS_INSTITUTIONAL_SCREEN;FROZEN_INFERENCE_OPPORTUNITY,n110,n111;n112;n114
thirteenth_share,thirteenth_share:E0018,rtc_d3e9a9fe507b48ec92266f26841b0490,c1b4e38f-3c95-4181-b541-cafe2bf954b9,2026-08-05 10:26:45.004071+00:00,UNIVERSAL_SEMANTIC_SCREEN,n115,n116
thirteenth_share,thirteenth_share:E0019,rtc_d3e9a9fe507b48ec92266f26841b0490,c1b4e38f-3c95-4181-b541-cafe2bf954b9,2026-08-05 10:28:11.213164+00:00,UNIVERSAL_SEMANTIC_SCREEN,n123,n124
thirteenth_share,thirteenth_share:E0020,rtc_d3e9a9fe507b48ec92266f26841b0490,c1b4e38f-3c95-4181-b541-cafe2bf954b9,2026-08-05 10:32:05.182614+00:00,UNIVERSAL_SEMANTIC_SCREEN,n153,n154
thirteenth_share,thirteenth_share:E0021,rtc_d3e9a9fe507b48ec92266f26841b0490,c1b4e38f-3c95-4181-b541-cafe2bf954b9,2026-08-05 10:36:55.305563+00:00,BUSINESS_INSTITUTIONAL_SCREEN,n165,n166;n167;n169
thirteenth_share,thirteenth_share:E0023,rtc_d3e9a9fe507b48ec92266f26841b0490,c1b4e38f-3c95-4181-b541-cafe2bf954b9,2026-08-05 10:38:30.749286+00:00,BUSINESS_INSTITUTIONAL_SCREEN;FROZEN_INFERENCE_OPPORTUNITY,n184,n185
thirteenth_share,thirteenth_share:E0022,rtc_d3e9a9fe507b48ec92266f26841b0490,c1b4e38f-3c95-4181-b541-cafe2bf954b9,2026-08-05 10:38:38.170898+00:00,UNIVERSAL_SEMANTIC_SCREEN,n182,n183
thirteenth_share,thirteenth_share:E0024,rtc_d3e9a9fe507b48ec92266f26841b0490,c1b4e38f-3c95-4181-b541-cafe2bf954b9,2026-08-05 10:38:42.312229+00:00,BUSINESS_INSTITUTIONAL_SCREEN,n186,n187
thirteenth_share,thirteenth_share:E0025,rtc_d3e9a9fe507b48ec92266f26841b0490,c1b4e38f-3c95-4181-b541-cafe2bf954b9,2026-08-05 10:39:53.699868+00:00,BUSINESS_INSTITUTIONAL_SCREEN,n196,n197
thirteenth_share,thirteenth_share:E0026,rtc_d3e9a9fe507b48ec92266f26841b0490,c1b4e38f-3c95-4181-b541-cafe2bf954b9,2026-08-05 10:40:22.097048+00:00,BUSINESS_INSTITUTIONAL_SCREEN,n198,n199;n200;n202
thirteenth_share,thirteenth_share:E0027,rtc_d3e9a9fe507b48ec92266f26841b0490,c1b4e38f-3c95-4181-b541-cafe2bf954b9,2026-08-05 10:42:02.874945+00:00,BUSINESS_INSTITUTIONAL_SCREEN,n212,n213;n215
thirteenth_share,thirteenth_share:E0028,rtc_d3e9a9fe507b48ec92266f26841b0490,c1b4e38f-3c95-4181-b541-cafe2bf954b9,2026-08-05 10:42:17.204680+00:00,BUSINESS_INSTITUTIONAL_SCREEN,n216,n217;n218;n220
thirteenth_share,thirteenth_share:E0029,rtc_d3e9a9fe507b48ec92266f26841b0490,c1b4e38f-3c95-4181-b541-cafe2bf954b9,2026-08-05 10:42:47.771296+00:00,BUSINESS_INSTITUTIONAL_SCREEN,n223,n224
thirteenth_share,thirteenth_share:E0030,rtc_d3e9a9fe507b48ec92266f26841b0490,c1b4e38f-3c95-4181-b541-cafe2bf954b9,2026-08-05 10:45:24.468431+00:00,BUSINESS_INSTITUTIONAL_SCREEN,n247,n248;n250
thirteenth_share,thirteenth_share:E0031,rtc_d3e9a9fe507b48ec92266f26841b0490,c1b4e38f-3c95-4181-b541-cafe2bf954b9,2026-08-05 10:48:03.642800+00:00,BUSINESS_INSTITUTIONAL_SCREEN,n263,n264;n265;n267
thirteenth_share,thirteenth_share:E0032,rtc_d3e9a9fe507b48ec92266f26841b0490,c1b4e38f-3c95-4181-b541-cafe2bf954b9,2026-08-05 10:48:46.567929+00:00,BUSINESS_INSTITUTIONAL_SCREEN,n273,n274;n275;n277
thirteenth_share,thirteenth_share:E0033,rtc_d3e9a9fe507b48ec92266f26841b0490,c1b4e38f-3c95-4181-b541-cafe2bf954b9,2026-08-05 10:48:57.777193+00:00,BUSINESS_INSTITUTIONAL_SCREEN;UNIVERSAL_SEMANTIC_SCREEN,n278,n279;n280
thirteenth_share,thirteenth_share:E0034,rtc_d3e9a9fe507b48ec92266f26841b0490,c1b4e38f-3c95-4181-b541-cafe2bf954b9,2026-08-05 10:49:25.685769+00:00,BUSINESS_INSTITUTIONAL_SCREEN,n283,n284;n285;n287
thirteenth_share,thirteenth_share:E0035,rtc_d3e9a9fe507b48ec92266f26841b0490,c1b4e38f-3c95-4181-b541-cafe2bf954b9,2026-08-05 10:50:02.360896+00:00,BUSINESS_INSTITUTIONAL_SCREEN,n288,n289;n290;n293;n295
thirteenth_share,thirteenth_share:E0036,rtc_d3e9a9fe507b48ec92266f26841b0490,c1b4e38f-3c95-4181-b541-cafe2bf954b9,2026-08-05 10:50:33.686430+00:00,BUSINESS_INSTITUTIONAL_SCREEN,n296,n297;n298;n300
thirteenth_share,thirteenth_share:E0037,rtc_d3e9a9fe507b48ec92266f26841b0490,c1b4e38f-3c95-4181-b541-cafe2bf954b9,2026-08-05 10:52:26.939713+00:00,BUSINESS_INSTITUTIONAL_SCREEN,n308,n309;n310;n312
thirteenth_share,thirteenth_share:E0038,rtc_d3e9a9fe507b48ec92266f26841b0490,c1b4e38f-3c95-4181-b541-cafe2bf954b9,2026-08-05 10:55:15.110703+00:00,BUSINESS_INSTITUTIONAL_SCREEN,n319,n320;n321;n323
thirteenth_share,thirteenth_share:E0039,rtc_d3e9a9fe507b48ec92266f26841b0490,c1b4e38f-3c95-4181-b541-cafe2bf954b9,2026-08-05 10:55:44.247775+00:00,BUSINESS_INSTITUTIONAL_SCREEN,n324,n325
thirteenth_share,thirteenth_share:E0040,rtc_d3e9a9fe507b48ec92266f26841b0490,c1b4e38f-3c95-4181-b541-cafe2bf954b9,2026-08-05 10:55:59.267136+00:00,BUSINESS_INSTITUTIONAL_SCREEN,n326,n327
thirteenth_share,thirteenth_share:E0041,rtc_d3e9a9fe507b48ec92266f26841b0490,c1b4e38f-3c95-4181-b541-cafe2bf954b9,2026-08-05 10:56:21.447009+00:00,BUSINESS_INSTITUTIONAL_SCREEN;UNIVERSAL_SEMANTIC_SCREEN,n328,n329;n330;n332
thirteenth_share,thirteenth_share:E0042,rtc_d3e9a9fe507b48ec92266f26841b0490,c1b4e38f-3c95-4181-b541-cafe2bf954b9,2026-08-05 10:56:56.485956+00:00,BUSINESS_INSTITUTIONAL_SCREEN;UNIVERSAL_SEMANTIC_SCREEN,n333,n334;n335;n337
thirteenth_share,thirteenth_share:E0043,rtc_d3e9a9fe507b48ec92266f26841b0490,c1b4e38f-3c95-4181-b541-cafe2bf954b9,2026-08-05 10:57:27.446858+00:00,BUSINESS_INSTITUTIONAL_SCREEN,n340,n341;n342;n344
thirteenth_share,thirteenth_share:E0044,rtc_d3e9a9fe507b48ec92266f26841b0490,c1b4e38f-3c95-4181-b541-cafe2bf954b9,2026-08-05 10:58:08.643759+00:00,BUSINESS_INSTITUTIONAL_SCREEN,n347,n348;n349;n351
thirteenth_share,thirteenth_share:E0045,rtc_d3e9a9fe507b48ec92266f26841b0490,c1b4e38f-3c95-4181-b541-cafe2bf954b9,2026-08-05 10:58:46.031523+00:00,BUSINESS_INSTITUTIONAL_SCREEN,n352,n353;n354;n356
thirteenth_share,thirteenth_share:E0046,rtc_d3e9a9fe507b48ec92266f26841b0490,c1b4e38f-3c95-4181-b541-cafe2bf954b9,2026-08-05 10:58:54.665831+00:00,BUSINESS_INSTITUTIONAL_SCREEN,n357,n358;n359
thirteenth_share,thirteenth_share:E0047,rtc_d3e9a9fe507b48ec92266f26841b0490,c1b4e38f-3c95-4181-b541-cafe2bf954b9,2026-08-05 10:59:15.618328+00:00,BUSINESS_INSTITUTIONAL_SCREEN,n360,n361;n362
thirteenth_share,thirteenth_share:E0048,rtc_d3e9a9fe507b48ec92266f26841b0490,c1b4e38f-3c95-4181-b541-cafe2bf954b9,2026-08-05 11:00:07.730113+00:00,BUSINESS_INSTITUTIONAL_SCREEN,n367,n368;n369
thirteenth_share,thirteenth_share:E0049,rtc_d3e9a9fe507b48ec92266f26841b0490,c1b4e38f-3c95-4181-b541-cafe2bf954b9,2026-08-05 11:00:39.893451+00:00,BUSINESS_INSTITUTIONAL_SCREEN,n370,n371;n372
thirteenth_share,thirteenth_share:E0050,rtc_d3e9a9fe507b48ec92266f26841b0490,c1b4e38f-3c95-4181-b541-cafe2bf954b9,2026-08-05 11:01:04.743823+00:00,BUSINESS_INSTITUTIONAL_SCREEN,n373,n374;n375
thirteenth_share,thirteenth_share:E0051,rtc_d3e9a9fe507b48ec92266f26841b0490,c1b4e38f-3c95-4181-b541-cafe2bf954b9,2026-08-05 11:01:44.536990+00:00,BUSINESS_INSTITUTIONAL_SCREEN,n378,n379;n380
thirteenth_share,thirteenth_share:E0052,rtc_d3e9a9fe507b48ec92266f26841b0490,c1b4e38f-3c95-4181-b541-cafe2bf954b9,2026-08-05 11:01:47.688625+00:00,BUSINESS_INSTITUTIONAL_SCREEN,n381,n382;n383
thirteenth_share,thirteenth_share:E0053,rtc_d3e9a9fe507b48ec92266f26841b0490,c1b4e38f-3c95-4181-b541-cafe2bf954b9,2026-08-05 11:02:10.580047+00:00,BUSINESS_INSTITUTIONAL_SCREEN,n384,n385
thirteenth_share,thirteenth_share:E0054,rtc_d3e9a9fe507b48ec92266f26841b0490,c1b4e38f-3c95-4181-b541-cafe2bf954b9,2026-08-05 11:02:24.894094+00:00,BUSINESS_INSTITUTIONAL_SCREEN,n386,n387
thirteenth_share,thirteenth_share:E0055,rtc_d3e9a9fe507b48ec92266f26841b0490,c1b4e38f-3c95-4181-b541-cafe2bf954b9,2026-08-05 11:02:52.067186+00:00,BUSINESS_INSTITUTIONAL_SCREEN,n388,n389
thirteenth_share,thirteenth_share:E0056,rtc_d3e9a9fe507b48ec92266f26841b0490,c1b4e38f-3c95-4181-b541-cafe2bf954b9,2026-08-05 11:03:11.512587+00:00,BUSINESS_INSTITUTIONAL_SCREEN,n390,n391
thirteenth_share,thirteenth_share:E0057,rtc_d3e9a9fe507b48ec92266f26841b0490,c1b4e38f-3c95-4181-b541-cafe2bf954b9,2026-08-05 11:03:27.354241+00:00,BUSINESS_INSTITUTIONAL_SCREEN,n392,n393
thirteenth_share,thirteenth_share:E0058,rtc_d3e9a9fe507b48ec92266f26841b0490,c1b4e38f-3c95-4181-b541-cafe2bf954b9,2026-08-05 11:03:40.466496+00:00,BUSINESS_INSTITUTIONAL_SCREEN,n394,n395
thirteenth_share,thirteenth_share:E0059,rtc_d3e9a9fe507b48ec92266f26841b0490,c1b4e38f-3c95-4181-b541-cafe2bf954b9,2026-08-05 11:04:12.273260+00:00,BUSINESS_INSTITUTIONAL_SCREEN;UNIVERSAL_SEMANTIC_SCREEN,n396,n397
thirteenth_share,thirteenth_share:E0060,rtc_d3e9a9fe507b48ec92266f26841b0490,c1b4e38f-3c95-4181-b541-cafe2bf954b9,2026-08-05 11:04:25.625695+00:00,BUSINESS_INSTITUTIONAL_SCREEN,n398,n399
thirteenth_share,thirteenth_share:E0061,rtc_d3e9a9fe507b48ec92266f26841b0490,c1b4e38f-3c95-4181-b541-cafe2bf954b9,2026-08-05 11:04:45.636847+00:00,BUSINESS_INSTITUTIONAL_SCREEN,n400,n401
thirteenth_share,thirteenth_share:E0062,rtc_d3e9a9fe507b48ec92266f26841b0490,c1b4e38f-3c95-4181-b541-cafe2bf954b9,2026-08-05 11:05:03.370249+00:00,BUSINESS_INSTITUTIONAL_SCREEN,n402,n403
thirteenth_share,thirteenth_share:E0063,rtc_d3e9a9fe507b48ec92266f26841b0490,c1b4e38f-3c95-4181-b541-cafe2bf954b9,2026-08-05 11:05:24.589105+00:00,UNIVERSAL_SEMANTIC_SCREEN,n406,n407
thirteenth_share,thirteenth_share:E0064,rtc_d3e9a9fe507b48ec92266f26841b0490,c1b4e38f-3c95-4181-b541-cafe2bf954b9,2026-08-05 11:05:43.440629+00:00,BUSINESS_INSTITUTIONAL_SCREEN,n408,n409
thirteenth_share,thirteenth_share:E0065,rtc_d3e9a9fe507b48ec92266f26841b0490,c1b4e38f-3c95-4181-b541-cafe2bf954b9,2026-08-05 11:06:04.350914+00:00,BUSINESS_INSTITUTIONAL_SCREEN,n410,n411;n412;n414
thirteenth_share,thirteenth_share:E0066,rtc_d3e9a9fe507b48ec92266f26841b0490,c1b4e38f-3c95-4181-b541-cafe2bf954b9,2026-08-05 11:06:20.252083+00:00,BUSINESS_INSTITUTIONAL_SCREEN,n415,n416
thirteenth_share,thirteenth_share:E0067,rtc_d3e9a9fe507b48ec92266f26841b0490,c1b4e38f-3c95-4181-b541-cafe2bf954b9,2026-08-05 11:07:51.151034+00:00,BUSINESS_INSTITUTIONAL_SCREEN;UNIVERSAL_SEMANTIC_SCREEN,n421,n422;n423;n425
thirteenth_share,thirteenth_share:E0068,rtc_d3e9a9fe507b48ec92266f26841b0490,c1b4e38f-3c95-4181-b541-cafe2bf954b9,2026-08-05 11:08:11.401142+00:00,BUSINESS_INSTITUTIONAL_SCREEN;UNIVERSAL_SEMANTIC_SCREEN,n426;n428,n427;n429
thirteenth_share,thirteenth_share:E0069,rtc_d3e9a9fe507b48ec92266f26841b0490,c1b4e38f-3c95-4181-b541-cafe2bf954b9,2026-08-05 11:08:44.847541+00:00,BUSINESS_INSTITUTIONAL_SCREEN,n430,n431
thirteenth_share,thirteenth_share:E0070,rtc_d3e9a9fe507b48ec92266f26841b0490,c1b4e38f-3c95-4181-b541-cafe2bf954b9,2026-08-05 11:09:07.286423+00:00,BUSINESS_INSTITUTIONAL_SCREEN;UNIVERSAL_SEMANTIC_SCREEN,n432,n433
thirteenth_share,thirteenth_share:E0071,rtc_d3e9a9fe507b48ec92266f26841b0490,c1b4e38f-3c95-4181-b541-cafe2bf954b9,2026-08-05 11:09:31.909274+00:00,BUSINESS_INSTITUTIONAL_SCREEN,n436,n437
thirteenth_share,thirteenth_share:E0072,rtc_d3e9a9fe507b48ec92266f26841b0490,c1b4e38f-3c95-4181-b541-cafe2bf954b9,2026-08-05 11:09:46.914222+00:00,BUSINESS_INSTITUTIONAL_SCREEN;UNIVERSAL_SEMANTIC_SCREEN,n438,n439
thirteenth_share,thirteenth_share:E0073,rtc_d3e9a9fe507b48ec92266f26841b0490,c1b4e38f-3c95-4181-b541-cafe2bf954b9,2026-08-05 11:10:38.009668+00:00,BUSINESS_INSTITUTIONAL_SCREEN,n442,n443
thirteenth_share,thirteenth_share:E0074,rtc_d3e9a9fe507b48ec92266f26841b0490,c1b4e38f-3c95-4181-b541-cafe2bf954b9,2026-08-05 11:11:23.896521+00:00,BUSINESS_INSTITUTIONAL_SCREEN,n446,n447
thirteenth_share,thirteenth_share:E0075,rtc_d3e9a9fe507b48ec92266f26841b0490,c1b4e38f-3c95-4181-b541-cafe2bf954b9,2026-08-05 11:11:41.111037+00:00,BUSINESS_INSTITUTIONAL_SCREEN,n448,n449;n450
thirteenth_share,thirteenth_share:E0076,rtc_d3e9a9fe507b48ec92266f26841b0490,c1b4e38f-3c95-4181-b541-cafe2bf954b9,2026-08-05 11:12:24.459996+00:00,BUSINESS_INSTITUTIONAL_SCREEN,n451,n452;n453;n455
thirteenth_share,thirteenth_share:E0077,rtc_d3e9a9fe507b48ec92266f26841b0490,c1b4e38f-3c95-4181-b541-cafe2bf954b9,2026-08-05 11:13:15.542317+00:00,BUSINESS_INSTITUTIONAL_SCREEN,n460,n461;n462;n464
thirteenth_share,thirteenth_share:E0078,rtc_d3e9a9fe507b48ec92266f26841b0490,c1b4e38f-3c95-4181-b541-cafe2bf954b9,2026-08-05 11:13:53.272781+00:00,BUSINESS_INSTITUTIONAL_SCREEN,n471,n472
thirteenth_share,thirteenth_share:E0079,rtc_d3e9a9fe507b48ec92266f26841b0490,c1b4e38f-3c95-4181-b541-cafe2bf954b9,2026-08-05 11:14:07.334769+00:00,BUSINESS_INSTITUTIONAL_SCREEN;UNIVERSAL_SEMANTIC_SCREEN,n473,n474
thirteenth_share,thirteenth_share:E0080,rtc_d3e9a9fe507b48ec92266f26841b0490,c1b4e38f-3c95-4181-b541-cafe2bf954b9,2026-08-05 11:14:32.233723+00:00,BUSINESS_INSTITUTIONAL_SCREEN;UNIVERSAL_SEMANTIC_SCREEN,n475,n476
thirteenth_share,thirteenth_share:E0081,rtc_d3e9a9fe507b48ec92266f26841b0490,c1b4e38f-3c95-4181-b541-cafe2bf954b9,2026-08-05 11:14:53.258387+00:00,BUSINESS_INSTITUTIONAL_SCREEN,n477,n478
thirteenth_share,thirteenth_share:E0082,rtc_d3e9a9fe507b48ec92266f26841b0490,c1b4e38f-3c95-4181-b541-cafe2bf954b9,2026-08-05 11:15:34.956070+00:00,BUSINESS_INSTITUTIONAL_SCREEN;UNIVERSAL_SEMANTIC_SCREEN,n479,n480
thirteenth_share,thirteenth_share:E0083,rtc_d3e9a9fe507b48ec92266f26841b0490,c1b4e38f-3c95-4181-b541-cafe2bf954b9,2026-08-05 11:15:59.129799+00:00,BUSINESS_INSTITUTIONAL_SCREEN,n481,n482
thirteenth_share,thirteenth_share:E0084,rtc_d3e9a9fe507b48ec92266f26841b0490,c1b4e38f-3c95-4181-b541-cafe2bf954b9,2026-08-05 11:16:11.808868+00:00,BUSINESS_INSTITUTIONAL_SCREEN,n483,n484
thirteenth_share,thirteenth_share:E0085,rtc_d3e9a9fe507b48ec92266f26841b0490,c1b4e38f-3c95-4181-b541-cafe2bf954b9,2026-08-05 11:16:28.418047+00:00,BUSINESS_INSTITUTIONAL_SCREEN,n485,n486
thirteenth_share,thirteenth_share:E0086,rtc_d3e9a9fe507b48ec92266f26841b0490,c1b4e38f-3c95-4181-b541-cafe2bf954b9,2026-08-05 11:16:58.892295+00:00,BUSINESS_INSTITUTIONAL_SCREEN;UNIVERSAL_SEMANTIC_SCREEN,n487,n488
thirteenth_share,thirteenth_share:E0087,rtc_d3e9a9fe507b48ec92266f26841b0490,c1b4e38f-3c95-4181-b541-cafe2bf954b9,2026-08-05 11:17:35.047156+00:00,BUSINESS_INSTITUTIONAL_SCREEN,n489,n490;n491;n493
thirteenth_share,thirteenth_share:E0088,rtc_d3e9a9fe507b48ec92266f26841b0490,c1b4e38f-3c95-4181-b541-cafe2bf954b9,2026-08-05 11:17:55.208216+00:00,BUSINESS_INSTITUTIONAL_SCREEN,n494,n495;n496;n498
thirteenth_share,thirteenth_share:E0089,rtc_d3e9a9fe507b48ec92266f26841b0490,c1b4e38f-3c95-4181-b541-cafe2bf954b9,2026-08-05 11:18:29.772981+00:00,BUSINESS_INSTITUTIONAL_SCREEN,n501,n502;n503;n505
thirteenth_share,thirteenth_share:E0090,rtc_d3e9a9fe507b48ec92266f26841b0490,c1b4e38f-3c95-4181-b541-cafe2bf954b9,2026-08-05 11:19:01.251719+00:00,BUSINESS_INSTITUTIONAL_SCREEN,n506,n507;n508;n510
thirteenth_share,thirteenth_share:E0091,rtc_d3e9a9fe507b48ec92266f26841b0490,c1b4e38f-3c95-4181-b541-cafe2bf954b9,2026-08-05 11:20:15.551565+00:00,BUSINESS_INSTITUTIONAL_SCREEN,n515,n516;n517;n519
thirteenth_share,thirteenth_share:E0092,rtc_d3e9a9fe507b48ec92266f26841b0490,c1b4e38f-3c95-4181-b541-cafe2bf954b9,2026-08-05 11:20:45.996951+00:00,BUSINESS_INSTITUTIONAL_SCREEN;UNIVERSAL_SEMANTIC_SCREEN,n520,n521;n523
thirteenth_share,thirteenth_share:E0093,rtc_d3e9a9fe507b48ec92266f26841b0490,c1b4e38f-3c95-4181-b541-cafe2bf954b9,2026-08-05 11:21:06.180002+00:00,BUSINESS_INSTITUTIONAL_SCREEN;UNIVERSAL_SEMANTIC_SCREEN,n524;n529,n525;n526;n528;n533
thirteenth_share,thirteenth_share:E0094,rtc_d3e9a9fe507b48ec92266f26841b0490,c1b4e38f-3c95-4181-b541-cafe2bf954b9,2026-08-05 11:21:53.565610+00:00,BUSINESS_INSTITUTIONAL_SCREEN,n534,n535
thirteenth_share,thirteenth_share:E0095,rtc_d3e9a9fe507b48ec92266f26841b0490,c1b4e38f-3c95-4181-b541-cafe2bf954b9,2026-08-05 11:22:05.718518+00:00,BUSINESS_INSTITUTIONAL_SCREEN;UNIVERSAL_SEMANTIC_SCREEN,n536,n537
thirteenth_share,thirteenth_share:E0096,rtc_d3e9a9fe507b48ec92266f26841b0490,c1b4e38f-3c95-4181-b541-cafe2bf954b9,2026-08-05 11:23:02.029064+00:00,AO30_EVENT;BUSINESS_INSTITUTIONAL_SCREEN;UNIVERSAL_SEMANTIC_SCREEN,n544;n548;n552;n557;n561;n565;n568;n570,n545;n547;n549;n553;n554;n556;n558;n562;n566;n567;n569;n571;n572
twelfth_share,twelfth_share:E0001,rtc_76adff5ae1ac48d58384f3bbd13c3d47,e11d649e-f054-402b-b066-010e64374d37,2026-08-04 16:30:38.365118+00:00,RTC_RULE_EPISODE;UNIVERSAL_SEMANTIC_SCREEN,n9,n8;n10;n12;n18;n26
twelfth_share,twelfth_share:E0002,rtc_277bf2c5320642b582a68462e103d149,43f71d59-0118-4b54-8bd9-1f112c2e708d,2026-08-04 16:40:02.608642+00:00,BUSINESS_INSTITUTIONAL_SCREEN;UNIVERSAL_SEMANTIC_SCREEN,n32,n33
twelfth_share,twelfth_share:E0003,rtc_277bf2c5320642b582a68462e103d149,43f71d59-0118-4b54-8bd9-1f112c2e708d,2026-08-04 16:40:21.845686+00:00,UNIVERSAL_SEMANTIC_SCREEN,n36,n37
twelfth_share,twelfth_share:E0004,rtc_277bf2c5320642b582a68462e103d149,43f71d59-0118-4b54-8bd9-1f112c2e708d,2026-08-04 16:42:03.123768+00:00,BUSINESS_INSTITUTIONAL_SCREEN;UNIVERSAL_SEMANTIC_SCREEN,n55;n57,n56;n58
twelfth_share,twelfth_share:E0005,rtc_277bf2c5320642b582a68462e103d149,43f71d59-0118-4b54-8bd9-1f112c2e708d,2026-08-04 16:43:59.938814+00:00,UNIVERSAL_SEMANTIC_SCREEN,n70,n71
twelfth_share,twelfth_share:E0006,rtc_277bf2c5320642b582a68462e103d149,43f71d59-0118-4b54-8bd9-1f112c2e708d,2026-08-04 16:45:06.404159+00:00,BUSINESS_INSTITUTIONAL_SCREEN,n80,n81
twelfth_share,twelfth_share:E0007,rtc_277bf2c5320642b582a68462e103d149,43f71d59-0118-4b54-8bd9-1f112c2e708d,2026-08-04 16:45:16.647024+00:00,BUSINESS_INSTITUTIONAL_SCREEN;UNIVERSAL_SEMANTIC_SCREEN,n82,n83
twelfth_share,twelfth_share:E0008,rtc_277bf2c5320642b582a68462e103d149,43f71d59-0118-4b54-8bd9-1f112c2e708d,2026-08-04 16:45:52.714088+00:00,UNIVERSAL_SEMANTIC_SCREEN,n88,n89;n90
twelfth_share,twelfth_share:E0009,rtc_277bf2c5320642b582a68462e103d149,43f71d59-0118-4b54-8bd9-1f112c2e708d,2026-08-04 16:46:09.362542+00:00,UNIVERSAL_SEMANTIC_SCREEN,n91,n92;n93
twelfth_share,twelfth_share:E0010,rtc_277bf2c5320642b582a68462e103d149,43f71d59-0118-4b54-8bd9-1f112c2e708d,2026-08-04 16:47:09.396307+00:00,BUSINESS_INSTITUTIONAL_SCREEN,n96,n97
twelfth_share,twelfth_share:E0011,rtc_277bf2c5320642b582a68462e103d149,43f71d59-0118-4b54-8bd9-1f112c2e708d,2026-08-04 16:47:49.683793+00:00,BUSINESS_INSTITUTIONAL_SCREEN;FROZEN_INFERENCE_OPPORTUNITY,n98,n99
twelfth_share,twelfth_share:E0012,rtc_277bf2c5320642b582a68462e103d149,43f71d59-0118-4b54-8bd9-1f112c2e708d,2026-08-04 16:48:16.332790+00:00,UNIVERSAL_SEMANTIC_SCREEN,n102,n103
twelfth_share,twelfth_share:E0013,rtc_277bf2c5320642b582a68462e103d149,43f71d59-0118-4b54-8bd9-1f112c2e708d,2026-08-04 16:51:20.225281+00:00,BUSINESS_INSTITUTIONAL_SCREEN;FROZEN_INFERENCE_OPPORTUNITY,n134,n135;n136
twelfth_share,twelfth_share:E0014,rtc_277bf2c5320642b582a68462e103d149,43f71d59-0118-4b54-8bd9-1f112c2e708d,2026-08-04 16:52:16.858434+00:00,BUSINESS_INSTITUTIONAL_SCREEN,n140,n141;n142
twelfth_share,twelfth_share:E0015,rtc_277bf2c5320642b582a68462e103d149,43f71d59-0118-4b54-8bd9-1f112c2e708d,2026-08-04 16:53:05.364202+00:00,BUSINESS_INSTITUTIONAL_SCREEN,n145,n146;n147
twelfth_share,twelfth_share:E0016,rtc_277bf2c5320642b582a68462e103d149,43f71d59-0118-4b54-8bd9-1f112c2e708d,2026-08-04 16:55:29.017203+00:00,BUSINESS_INSTITUTIONAL_SCREEN;UNIVERSAL_SEMANTIC_SCREEN,n158,n159;n160
twelfth_share,twelfth_share:E0017,rtc_277bf2c5320642b582a68462e103d149,43f71d59-0118-4b54-8bd9-1f112c2e708d,2026-08-04 16:56:26.198310+00:00,BUSINESS_INSTITUTIONAL_SCREEN,n161,n162;n163
twelfth_share,twelfth_share:E0018,rtc_277bf2c5320642b582a68462e103d149,43f71d59-0118-4b54-8bd9-1f112c2e708d,2026-08-04 16:56:59.982578+00:00,BUSINESS_INSTITUTIONAL_SCREEN;UNIVERSAL_SEMANTIC_SCREEN,n164,n165
twelfth_share,twelfth_share:E0019,rtc_277bf2c5320642b582a68462e103d149,43f71d59-0118-4b54-8bd9-1f112c2e708d,2026-08-04 16:57:40.410261+00:00,BUSINESS_INSTITUTIONAL_SCREEN,n170,n171;n172
twelfth_share,twelfth_share:E0020,rtc_277bf2c5320642b582a68462e103d149,43f71d59-0118-4b54-8bd9-1f112c2e708d,2026-08-04 16:59:27.848207+00:00,BUSINESS_INSTITUTIONAL_SCREEN,n184,n185
twelfth_share,twelfth_share:E0021,rtc_277bf2c5320642b582a68462e103d149,43f71d59-0118-4b54-8bd9-1f112c2e708d,2026-08-04 16:59:40.969907+00:00,BUSINESS_INSTITUTIONAL_SCREEN,n186,n187;n188
twelfth_share,twelfth_share:E0022,rtc_277bf2c5320642b582a68462e103d149,43f71d59-0118-4b54-8bd9-1f112c2e708d,2026-08-04 17:00:25.092304+00:00,BUSINESS_INSTITUTIONAL_SCREEN,n189,n190
twelfth_share,twelfth_share:E0023,rtc_277bf2c5320642b582a68462e103d149,43f71d59-0118-4b54-8bd9-1f112c2e708d,2026-08-04 17:01:26.886731+00:00,BUSINESS_INSTITUTIONAL_SCREEN,n199,n200
twelfth_share,twelfth_share:E0024,rtc_277bf2c5320642b582a68462e103d149,43f71d59-0118-4b54-8bd9-1f112c2e708d,2026-08-04 17:02:48.675167+00:00,BUSINESS_INSTITUTIONAL_SCREEN,n203,n204;n205
twelfth_share,twelfth_share:E0025,rtc_277bf2c5320642b582a68462e103d149,43f71d59-0118-4b54-8bd9-1f112c2e708d,2026-08-04 17:03:22.011336+00:00,BUSINESS_INSTITUTIONAL_SCREEN,n206,n207;n208
twelfth_share,twelfth_share:E0026,rtc_277bf2c5320642b582a68462e103d149,43f71d59-0118-4b54-8bd9-1f112c2e708d,2026-08-04 17:04:19.346192+00:00,BUSINESS_INSTITUTIONAL_SCREEN,n212,n213;n214
twelfth_share,twelfth_share:E0027,rtc_277bf2c5320642b582a68462e103d149,43f71d59-0118-4b54-8bd9-1f112c2e708d,2026-08-04 17:05:18.581103+00:00,AGENCY_NEUTRAL_OPPORTUNITY;BUSINESS_INSTITUTIONAL_SCREEN;FROZEN_INFERENCE_OPPORTUNITY;UNIVERSAL_SEMANTIC_SCREEN,n218;n221;n224;n227,n219;n220;n222;n223;n225;n226;n228;n229
twelfth_share,twelfth_share:E0028,rtc_277bf2c5320642b582a68462e103d149,43f71d59-0118-4b54-8bd9-1f112c2e708d,2026-08-04 17:07:24.201247+00:00,BUSINESS_INSTITUTIONAL_SCREEN,n230,n231;n232
twelfth_share,twelfth_share:E0029,rtc_277bf2c5320642b582a68462e103d149,43f71d59-0118-4b54-8bd9-1f112c2e708d,2026-08-04 17:07:49.197814+00:00,BUSINESS_INSTITUTIONAL_SCREEN,n233,n234;n235
twelfth_share,twelfth_share:E0030,rtc_277bf2c5320642b582a68462e103d149,43f71d59-0118-4b54-8bd9-1f112c2e708d,2026-08-04 17:08:26.258007+00:00,BUSINESS_INSTITUTIONAL_SCREEN,n236,n237
twelfth_share,twelfth_share:E0031,rtc_277bf2c5320642b582a68462e103d149,43f71d59-0118-4b54-8bd9-1f112c2e708d,2026-08-04 17:09:01.204203+00:00,BUSINESS_INSTITUTIONAL_SCREEN;UNIVERSAL_SEMANTIC_SCREEN,n238,n239;n240
twelfth_share,twelfth_share:E0032,rtc_277bf2c5320642b582a68462e103d149,43f71d59-0118-4b54-8bd9-1f112c2e708d,2026-08-04 17:09:23.427211+00:00,BUSINESS_INSTITUTIONAL_SCREEN,n241,n242;n243
twelfth_share,twelfth_share:E0033,rtc_277bf2c5320642b582a68462e103d149,43f71d59-0118-4b54-8bd9-1f112c2e708d,2026-08-04 17:10:01.643725+00:00,BUSINESS_INSTITUTIONAL_SCREEN;UNIVERSAL_SEMANTIC_SCREEN,n244,n245;n246
twelfth_share,twelfth_share:E0034,rtc_277bf2c5320642b582a68462e103d149,43f71d59-0118-4b54-8bd9-1f112c2e708d,2026-08-04 17:10:40.903477+00:00,BUSINESS_INSTITUTIONAL_SCREEN,n247,n248
twelfth_share,twelfth_share:E0035,rtc_277bf2c5320642b582a68462e103d149,43f71d59-0118-4b54-8bd9-1f112c2e708d,2026-08-04 17:10:59.861019+00:00,BUSINESS_INSTITUTIONAL_SCREEN;UNIVERSAL_SEMANTIC_SCREEN,n249,n250;n251
twelfth_share,twelfth_share:E0036,rtc_277bf2c5320642b582a68462e103d149,43f71d59-0118-4b54-8bd9-1f112c2e708d,2026-08-04 17:11:26.282583+00:00,UNIVERSAL_SEMANTIC_SCREEN,n252,n253;n254
twelfth_share,twelfth_share:E0037,rtc_277bf2c5320642b582a68462e103d149,43f71d59-0118-4b54-8bd9-1f112c2e708d,2026-08-04 17:11:39.593514+00:00,BUSINESS_INSTITUTIONAL_SCREEN,n255,n256
twelfth_share,twelfth_share:E0038,rtc_277bf2c5320642b582a68462e103d149,43f71d59-0118-4b54-8bd9-1f112c2e708d,2026-08-04 17:11:51.899489+00:00,BUSINESS_INSTITUTIONAL_SCREEN;UNIVERSAL_SEMANTIC_SCREEN,n257,n258;n259
twelfth_share,twelfth_share:E0039,rtc_277bf2c5320642b582a68462e103d149,43f71d59-0118-4b54-8bd9-1f112c2e708d,2026-08-04 17:12:14.487134+00:00,BUSINESS_INSTITUTIONAL_SCREEN;UNIVERSAL_SEMANTIC_SCREEN,n260,n261;n262
twelfth_share,twelfth_share:E0040,rtc_277bf2c5320642b582a68462e103d149,43f71d59-0118-4b54-8bd9-1f112c2e708d,2026-08-04 17:12:47.799261+00:00,BUSINESS_INSTITUTIONAL_SCREEN;UNIVERSAL_SEMANTIC_SCREEN,n263,n264;n265
twelfth_share,twelfth_share:E0041,rtc_277bf2c5320642b582a68462e103d149,43f71d59-0118-4b54-8bd9-1f112c2e708d,2026-08-04 17:13:29.495731+00:00,BUSINESS_INSTITUTIONAL_SCREEN,n266,n267
twelfth_share,twelfth_share:E0042,rtc_277bf2c5320642b582a68462e103d149,43f71d59-0118-4b54-8bd9-1f112c2e708d,2026-08-04 17:13:53.751565+00:00,BUSINESS_INSTITUTIONAL_SCREEN;UNIVERSAL_SEMANTIC_SCREEN,n268,n269;n270
twelfth_share,twelfth_share:E0043,rtc_277bf2c5320642b582a68462e103d149,43f71d59-0118-4b54-8bd9-1f112c2e708d,2026-08-04 17:14:28.974667+00:00,BUSINESS_INSTITUTIONAL_SCREEN;UNIVERSAL_SEMANTIC_SCREEN,n271,n272;n273
twelfth_share,twelfth_share:E0044,rtc_277bf2c5320642b582a68462e103d149,43f71d59-0118-4b54-8bd9-1f112c2e708d,2026-08-04 17:15:53.969600+00:00,BUSINESS_INSTITUTIONAL_SCREEN,n281,n282;n283
twelfth_share,twelfth_share:E0045,rtc_277bf2c5320642b582a68462e103d149,43f71d59-0118-4b54-8bd9-1f112c2e708d,2026-08-04 17:17:13.485034+00:00,BUSINESS_INSTITUTIONAL_SCREEN,n287,n288;n289
twelfth_share,twelfth_share:E0046,rtc_277bf2c5320642b582a68462e103d149,43f71d59-0118-4b54-8bd9-1f112c2e708d,2026-08-04 17:17:41.149286+00:00,BUSINESS_INSTITUTIONAL_SCREEN,n290,n291;n292
twelfth_share,twelfth_share:E0047,rtc_277bf2c5320642b582a68462e103d149,43f71d59-0118-4b54-8bd9-1f112c2e708d,2026-08-04 17:18:22.787673+00:00,AO30_EVENT;BUSINESS_INSTITUTIONAL_SCREEN,n293;n296;n300;n308;n311,n294;n295;n297;n298;n299;n301;n302;n309;n310;n312;n313
twelfth_share,twelfth_share:E0048,rtc_277bf2c5320642b582a68462e103d149,43f71d59-0118-4b54-8bd9-1f112c2e708d,2026-08-04 17:23:37.274212+00:00,UNIVERSAL_SEMANTIC_SCREEN,n314,n315
twelfth_share,twelfth_share:E0049,rtc_277bf2c5320642b582a68462e103d149,43f71d59-0118-4b54-8bd9-1f112c2e708d,2026-08-04 17:25:49.511211+00:00,BUSINESS_INSTITUTIONAL_SCREEN;FROZEN_INFERENCE_OPPORTUNITY;UNIVERSAL_SEMANTIC_SCREEN,n328,n329;n330
twelfth_share,twelfth_share:E0050,rtc_277bf2c5320642b582a68462e103d149,43f71d59-0118-4b54-8bd9-1f112c2e708d,2026-08-04 17:26:37.755336+00:00,BUSINESS_INSTITUTIONAL_SCREEN,n333,n334
twelfth_share,twelfth_share:E0051,rtc_277bf2c5320642b582a68462e103d149,43f71d59-0118-4b54-8bd9-1f112c2e708d,2026-08-04 17:26:51.822835+00:00,BUSINESS_INSTITUTIONAL_SCREEN,n335,n336
twelfth_share,twelfth_share:E0052,rtc_277bf2c5320642b582a68462e103d149,43f71d59-0118-4b54-8bd9-1f112c2e708d,2026-08-04 17:27:23.060022+00:00,BUSINESS_INSTITUTIONAL_SCREEN,n339,n340;n341
twelfth_share,twelfth_share:E0053,rtc_277bf2c5320642b582a68462e103d149,43f71d59-0118-4b54-8bd9-1f112c2e708d,2026-08-04 17:27:55.440753+00:00,BUSINESS_INSTITUTIONAL_SCREEN;UNIVERSAL_SEMANTIC_SCREEN,n344,n345;n346
twelfth_share,twelfth_share:E0054,rtc_277bf2c5320642b582a68462e103d149,43f71d59-0118-4b54-8bd9-1f112c2e708d,2026-08-04 17:29:12.978276+00:00,BUSINESS_INSTITUTIONAL_SCREEN;FROZEN_INFERENCE_OPPORTUNITY,n353,n354
twelfth_share,twelfth_share:E0055,rtc_277bf2c5320642b582a68462e103d149,43f71d59-0118-4b54-8bd9-1f112c2e708d,2026-08-04 17:29:51.265545+00:00,BUSINESS_INSTITUTIONAL_SCREEN,n358,n359
twelfth_share,twelfth_share:E0056,rtc_277bf2c5320642b582a68462e103d149,43f71d59-0118-4b54-8bd9-1f112c2e708d,2026-08-04 17:30:15.673619+00:00,UNIVERSAL_SEMANTIC_SCREEN,n362,n363
twelfth_share,twelfth_share:E0057,rtc_277bf2c5320642b582a68462e103d149,43f71d59-0118-4b54-8bd9-1f112c2e708d,2026-08-04 17:32:21.399429+00:00,BUSINESS_INSTITUTIONAL_SCREEN,n375,n376;n377
twelfth_share,twelfth_share:E0058,rtc_277bf2c5320642b582a68462e103d149,43f71d59-0118-4b54-8bd9-1f112c2e708d,2026-08-04 17:32:47.647489+00:00,BUSINESS_INSTITUTIONAL_SCREEN;UNIVERSAL_SEMANTIC_SCREEN,n378,n379
twentieth_share,twentieth_share:E0001,rtc_ed45b69c03a648aea04b1ee9f07310e9,ba3942ed-4d26-4bc4-8d13-0479b1a3e09b,2026-08-12 17:15:03.550519+00:00,UNIVERSAL_SEMANTIC_SCREEN,n23,n24
twentieth_share,twentieth_share:E0002,rtc_ed45b69c03a648aea04b1ee9f07310e9,ba3942ed-4d26-4bc4-8d13-0479b1a3e09b,2026-08-12 17:17:13.263510+00:00,BUSINESS_INSTITUTIONAL_SCREEN;UNIVERSAL_SEMANTIC_SCREEN,n31,n32;n35
twentieth_share,twentieth_share:E0004,rtc_ed45b69c03a648aea04b1ee9f07310e9,ba3942ed-4d26-4bc4-8d13-0479b1a3e09b,2026-08-12 17:23:29.464354+00:00,UNIVERSAL_SEMANTIC_SCREEN,n61,n62
twentieth_share,twentieth_share:E0003,rtc_ed45b69c03a648aea04b1ee9f07310e9,ba3942ed-4d26-4bc4-8d13-0479b1a3e09b,2026-08-12 17:23:30.800235+00:00,BUSINESS_INSTITUTIONAL_SCREEN;UNIVERSAL_SEMANTIC_SCREEN,n56,n57;n60
twentieth_share,twentieth_share:E0005,rtc_ed45b69c03a648aea04b1ee9f07310e9,ba3942ed-4d26-4bc4-8d13-0479b1a3e09b,2026-08-12 17:24:36.718431+00:00,BUSINESS_INSTITUTIONAL_SCREEN;UNIVERSAL_SEMANTIC_SCREEN,n71,n72;n74
twentieth_share,twentieth_share:E0006,rtc_ed45b69c03a648aea04b1ee9f07310e9,ba3942ed-4d26-4bc4-8d13-0479b1a3e09b,2026-08-12 17:28:29.370122+00:00,UNIVERSAL_SEMANTIC_SCREEN,n83,n87
twentieth_share,twentieth_share:E0007,rtc_ed45b69c03a648aea04b1ee9f07310e9,ba3942ed-4d26-4bc4-8d13-0479b1a3e09b,2026-08-12 17:30:12.175237+00:00,BUSINESS_INSTITUTIONAL_SCREEN,n88,n89;n91
twentieth_share,twentieth_share:E0008,rtc_ed45b69c03a648aea04b1ee9f07310e9,ba3942ed-4d26-4bc4-8d13-0479b1a3e09b,2026-08-12 17:30:12.895172+00:00,BUSINESS_INSTITUTIONAL_SCREEN;UNIVERSAL_SEMANTIC_SCREEN,n92,n93;n95
twentieth_share,twentieth_share:E0009,rtc_ed45b69c03a648aea04b1ee9f07310e9,ba3942ed-4d26-4bc4-8d13-0479b1a3e09b,2026-08-12 17:30:31.099259+00:00,BUSINESS_INSTITUTIONAL_SCREEN;UNIVERSAL_SEMANTIC_SCREEN,n96,n97;n99
twentieth_share,twentieth_share:E0010,rtc_ed45b69c03a648aea04b1ee9f07310e9,ba3942ed-4d26-4bc4-8d13-0479b1a3e09b,2026-08-12 17:30:48.820781+00:00,BUSINESS_INSTITUTIONAL_SCREEN,n102,n104
twentieth_share,twentieth_share:E0011,rtc_ed45b69c03a648aea04b1ee9f07310e9,ba3942ed-4d26-4bc4-8d13-0479b1a3e09b,2026-08-12 17:31:11.060497+00:00,UNIVERSAL_SEMANTIC_SCREEN,n105,n108
twentieth_share,twentieth_share:E0012,rtc_ed45b69c03a648aea04b1ee9f07310e9,ba3942ed-4d26-4bc4-8d13-0479b1a3e09b,2026-08-12 17:32:04.997600+00:00,BUSINESS_INSTITUTIONAL_SCREEN;UNIVERSAL_SEMANTIC_SCREEN,n117,n118
twentieth_share,twentieth_share:E0013,rtc_ed45b69c03a648aea04b1ee9f07310e9,ba3942ed-4d26-4bc4-8d13-0479b1a3e09b,2026-08-12 17:33:21.492816+00:00,BUSINESS_INSTITUTIONAL_SCREEN,n128,n129;n131
twentieth_share,twentieth_share:E0014,rtc_ed45b69c03a648aea04b1ee9f07310e9,ba3942ed-4d26-4bc4-8d13-0479b1a3e09b,2026-08-12 17:34:20.999487+00:00,UNIVERSAL_SEMANTIC_SCREEN,n134,n135
twentieth_share,twentieth_share:E0015,rtc_ed45b69c03a648aea04b1ee9f07310e9,ba3942ed-4d26-4bc4-8d13-0479b1a3e09b,2026-08-12 17:36:17.830742+00:00,UNIVERSAL_SEMANTIC_SCREEN,n152,n156
twentieth_share,twentieth_share:E0016,rtc_ed45b69c03a648aea04b1ee9f07310e9,ba3942ed-4d26-4bc4-8d13-0479b1a3e09b,2026-08-12 17:37:23.890583+00:00,UNIVERSAL_SEMANTIC_SCREEN,n159,n160
twentieth_share,twentieth_share:E0017,rtc_ed45b69c03a648aea04b1ee9f07310e9,ba3942ed-4d26-4bc4-8d13-0479b1a3e09b,2026-08-12 17:39:33.720210+00:00,UNIVERSAL_SEMANTIC_SCREEN,n169,n172
twentieth_share,twentieth_share:E0018,rtc_ed45b69c03a648aea04b1ee9f07310e9,ba3942ed-4d26-4bc4-8d13-0479b1a3e09b,2026-08-12 17:40:01.445241+00:00,UNIVERSAL_SEMANTIC_SCREEN,n173,n176
twentieth_share,twentieth_share:E0019,rtc_ed45b69c03a648aea04b1ee9f07310e9,ba3942ed-4d26-4bc4-8d13-0479b1a3e09b,2026-08-12 17:40:02.003742+00:00,BUSINESS_INSTITUTIONAL_SCREEN,n177,n178;n180
twentieth_share,twentieth_share:E0020,rtc_ed45b69c03a648aea04b1ee9f07310e9,ba3942ed-4d26-4bc4-8d13-0479b1a3e09b,2026-08-12 17:40:32.029076+00:00,BUSINESS_INSTITUTIONAL_SCREEN,n181,n182;n184
twentieth_share,twentieth_share:E0021,rtc_ed45b69c03a648aea04b1ee9f07310e9,ba3942ed-4d26-4bc4-8d13-0479b1a3e09b,2026-08-12 17:42:08.861355+00:00,BUSINESS_INSTITUTIONAL_SCREEN;UNIVERSAL_SEMANTIC_SCREEN,n189,n190
twentieth_share,twentieth_share:E0022,rtc_ed45b69c03a648aea04b1ee9f07310e9,ba3942ed-4d26-4bc4-8d13-0479b1a3e09b,2026-08-12 17:42:39.131582+00:00,AO30_EVENT;BUSINESS_INSTITUTIONAL_SCREEN;RTC_RULE_EPISODE;UNIVERSAL_SEMANTIC_SCREEN,n196;n200;n204;n215;n229;n240;n248;n255;n257;n260;n263;n268,n197;n199;n203;n205;n208;n214;n216;n218;n220;n222;n230;n231;n242;n243;n249;n256;n258;n259;n261;n262;n264;n265;n266;n269;n270;n271;n272;n273;n274;n275;n276;n277;n283;n285;n287;n289;n291
twentieth_share,twentieth_share:E0023,rtc_353453a5a77e4c46af5af8fb7bb9b63a,a6830805-fcb6-40c7-90e9-04ef5b7b3af5,2026-08-12 20:25:04.655857+00:00,BUSINESS_INSTITUTIONAL_SCREEN;UNIVERSAL_SEMANTIC_SCREEN,n299;n307,n300;n306;n308
twentieth_share,twentieth_share:E0024,rtc_353453a5a77e4c46af5af8fb7bb9b63a,a6830805-fcb6-40c7-90e9-04ef5b7b3af5,2026-08-12 20:25:56.076960+00:00,BUSINESS_INSTITUTIONAL_SCREEN,n309,n310;n312
twentieth_share,twentieth_share:E0025,rtc_353453a5a77e4c46af5af8fb7bb9b63a,a6830805-fcb6-40c7-90e9-04ef5b7b3af5,2026-08-12 20:26:29.761435+00:00,BUSINESS_INSTITUTIONAL_SCREEN;UNIVERSAL_SEMANTIC_SCREEN,n313,n314;n317
twentieth_share,twentieth_share:E0026,rtc_353453a5a77e4c46af5af8fb7bb9b63a,a6830805-fcb6-40c7-90e9-04ef5b7b3af5,2026-08-12 20:28:01.334307+00:00,AO30_EVENT;BUSINESS_INSTITUTIONAL_SCREEN;UNIVERSAL_SEMANTIC_SCREEN,n318;n323;n329;n338,n319;n322;n324;n326;n330;n333;n339;n340
twentieth_share,twentieth_share:E0027,rtc_353453a5a77e4c46af5af8fb7bb9b63a,a6830805-fcb6-40c7-90e9-04ef5b7b3af5,2026-08-12 20:46:15.991125+00:00,AO30_EVENT;BUSINESS_INSTITUTIONAL_SCREEN;UNIVERSAL_SEMANTIC_SCREEN,n347;n359;n365,n348;n350;n356;n360;n361;n366;n367
twentieth_share,twentieth_share:E0028,rtc_353453a5a77e4c46af5af8fb7bb9b63a,a6830805-fcb6-40c7-90e9-04ef5b7b3af5,2026-08-12 21:13:29.779367+00:00,BUSINESS_INSTITUTIONAL_SCREEN;UNIVERSAL_SEMANTIC_SCREEN,n368,n369
twentieth_share,twentieth_share:E0029,rtc_353453a5a77e4c46af5af8fb7bb9b63a,a6830805-fcb6-40c7-90e9-04ef5b7b3af5,2026-08-12 21:13:51.538853+00:00,BUSINESS_INSTITUTIONAL_SCREEN;UNIVERSAL_SEMANTIC_SCREEN,n370,n371
twentieth_share,twentieth_share:E0030,rtc_353453a5a77e4c46af5af8fb7bb9b63a,a6830805-fcb6-40c7-90e9-04ef5b7b3af5,2026-08-12 21:15:18.067467+00:00,BUSINESS_INSTITUTIONAL_SCREEN;UNIVERSAL_SEMANTIC_SCREEN,n376,n377
twentieth_share,twentieth_share:E0031,rtc_353453a5a77e4c46af5af8fb7bb9b63a,a6830805-fcb6-40c7-90e9-04ef5b7b3af5,2026-08-12 21:17:20.197096+00:00,BUSINESS_INSTITUTIONAL_SCREEN;UNIVERSAL_SEMANTIC_SCREEN,n378,n379
twentieth_share,twentieth_share:E0032,rtc_353453a5a77e4c46af5af8fb7bb9b63a,a6830805-fcb6-40c7-90e9-04ef5b7b3af5,2026-08-12 21:19:01.981223+00:00,BUSINESS_INSTITUTIONAL_SCREEN;UNIVERSAL_SEMANTIC_SCREEN,n386,n387
twentieth_share,twentieth_share:E0033,rtc_353453a5a77e4c46af5af8fb7bb9b63a,a6830805-fcb6-40c7-90e9-04ef5b7b3af5,2026-08-12 21:22:00.139716+00:00,BUSINESS_INSTITUTIONAL_SCREEN;UNIVERSAL_SEMANTIC_SCREEN,n392;n394,n393;n395
twentieth_share,twentieth_share:E0034,rtc_353453a5a77e4c46af5af8fb7bb9b63a,a6830805-fcb6-40c7-90e9-04ef5b7b3af5,2026-08-12 21:23:28.419099+00:00,BUSINESS_INSTITUTIONAL_SCREEN;UNIVERSAL_SEMANTIC_SCREEN,n396,n397
twentieth_share,twentieth_share:E0035,rtc_353453a5a77e4c46af5af8fb7bb9b63a,a6830805-fcb6-40c7-90e9-04ef5b7b3af5,2026-08-12 21:24:57.269732+00:00,BUSINESS_INSTITUTIONAL_SCREEN;UNIVERSAL_SEMANTIC_SCREEN,n398,n399
twentieth_share,twentieth_share:E0036,rtc_353453a5a77e4c46af5af8fb7bb9b63a,a6830805-fcb6-40c7-90e9-04ef5b7b3af5,2026-08-12 21:25:38.495285+00:00,BUSINESS_INSTITUTIONAL_SCREEN;UNIVERSAL_SEMANTIC_SCREEN,n400,n401
twentieth_share,twentieth_share:E0037,rtc_353453a5a77e4c46af5af8fb7bb9b63a,a6830805-fcb6-40c7-90e9-04ef5b7b3af5,2026-08-12 21:26:02.074322+00:00,BUSINESS_INSTITUTIONAL_SCREEN,n402,n403
twentysecond_share,twentysecond_share:E0001,rtc_3763804f2f784a26b89c1c7d1bdee18b,a7da43f3-3805-4706-9634-88f080eeb2ac,2026-08-18 08:20:38.815197+00:00,BUSINESS_INSTITUTIONAL_SCREEN;UNIVERSAL_SEMANTIC_SCREEN,n13,n14
twentysecond_share,twentysecond_share:E0002,rtc_3763804f2f784a26b89c1c7d1bdee18b,a7da43f3-3805-4706-9634-88f080eeb2ac,2026-08-18 08:21:14.008298+00:00,BUSINESS_INSTITUTIONAL_SCREEN;UNIVERSAL_SEMANTIC_SCREEN,n17,n18
twentysecond_share,twentysecond_share:E0003,rtc_3763804f2f784a26b89c1c7d1bdee18b,a7da43f3-3805-4706-9634-88f080eeb2ac,2026-08-18 08:22:33.069031+00:00,UNIVERSAL_SEMANTIC_SCREEN,n27,n28
twentysecond_share,twentysecond_share:E0004,rtc_3763804f2f784a26b89c1c7d1bdee18b,a7da43f3-3805-4706-9634-88f080eeb2ac,2026-08-18 08:23:32.442324+00:00,UNIVERSAL_SEMANTIC_SCREEN,n35,n36
twentysecond_share,twentysecond_share:E0005,rtc_3763804f2f784a26b89c1c7d1bdee18b,a7da43f3-3805-4706-9634-88f080eeb2ac,2026-08-18 08:25:33.121818+00:00,BUSINESS_INSTITUTIONAL_SCREEN,n41,n42;n48
twentysecond_share,twentysecond_share:E0006,rtc_3763804f2f784a26b89c1c7d1bdee18b,a7da43f3-3805-4706-9634-88f080eeb2ac,2026-08-18 08:25:50.938468+00:00,UNIVERSAL_SEMANTIC_SCREEN,n49,n50
twentysecond_share,twentysecond_share:E0007,rtc_3763804f2f784a26b89c1c7d1bdee18b,a7da43f3-3805-4706-9634-88f080eeb2ac,2026-08-18 08:26:34.749860+00:00,BUSINESS_INSTITUTIONAL_SCREEN,n51,n52
twentysecond_share,twentysecond_share:E0008,rtc_3763804f2f784a26b89c1c7d1bdee18b,a7da43f3-3805-4706-9634-88f080eeb2ac,2026-08-18 08:27:20.760756+00:00,UNIVERSAL_SEMANTIC_SCREEN,n53,n54
twentysecond_share,twentysecond_share:E0009,rtc_3763804f2f784a26b89c1c7d1bdee18b,a7da43f3-3805-4706-9634-88f080eeb2ac,2026-08-18 08:28:21.926504+00:00,BUSINESS_INSTITUTIONAL_SCREEN,n57,n58
twentysecond_share,twentysecond_share:E0010,rtc_3763804f2f784a26b89c1c7d1bdee18b,a7da43f3-3805-4706-9634-88f080eeb2ac,2026-08-18 08:29:43.808958+00:00,BUSINESS_INSTITUTIONAL_SCREEN,n59,n60
twentysecond_share,twentysecond_share:E0011,rtc_3763804f2f784a26b89c1c7d1bdee18b,a7da43f3-3805-4706-9634-88f080eeb2ac,2026-08-18 08:31:04.047172+00:00,BUSINESS_INSTITUTIONAL_SCREEN,n61,n62
twentysecond_share,twentysecond_share:E0012,rtc_3763804f2f784a26b89c1c7d1bdee18b,a7da43f3-3805-4706-9634-88f080eeb2ac,2026-08-18 08:31:05.011035+00:00,UNIVERSAL_SEMANTIC_SCREEN,n64,n65
twentysecond_share,twentysecond_share:E0013,rtc_3763804f2f784a26b89c1c7d1bdee18b,a7da43f3-3805-4706-9634-88f080eeb2ac,2026-08-18 08:31:17.379206+00:00,UNIVERSAL_SEMANTIC_SCREEN,n66,ABSENT
twentysecond_share,twentysecond_share:E0014,rtc_3763804f2f784a26b89c1c7d1bdee18b,a7da43f3-3805-4706-9634-88f080eeb2ac,2026-08-18 08:33:41.490016+00:00,BUSINESS_INSTITUTIONAL_SCREEN,n78,n79
twentysecond_share,twentysecond_share:E0015,rtc_3763804f2f784a26b89c1c7d1bdee18b,a7da43f3-3805-4706-9634-88f080eeb2ac,2026-08-18 08:37:01.257667+00:00,UNIVERSAL_SEMANTIC_SCREEN,n84,ABSENT
twentysecond_share,twentysecond_share:E0016,rtc_3763804f2f784a26b89c1c7d1bdee18b,a7da43f3-3805-4706-9634-88f080eeb2ac,2026-08-18 08:37:28.767421+00:00,BUSINESS_INSTITUTIONAL_SCREEN;UNIVERSAL_SEMANTIC_SCREEN,n86,n87;n89
twentysecond_share,twentysecond_share:E0017,rtc_3763804f2f784a26b89c1c7d1bdee18b,a7da43f3-3805-4706-9634-88f080eeb2ac,2026-08-18 08:37:58.080380+00:00,UNIVERSAL_SEMANTIC_SCREEN,n90,ABSENT
twentysecond_share,twentysecond_share:E0018,rtc_3763804f2f784a26b89c1c7d1bdee18b,a7da43f3-3805-4706-9634-88f080eeb2ac,2026-08-18 08:38:59.288965+00:00,BUSINESS_INSTITUTIONAL_SCREEN;UNIVERSAL_SEMANTIC_SCREEN,n93,n94
twentysecond_share,twentysecond_share:E0019,rtc_3763804f2f784a26b89c1c7d1bdee18b,a7da43f3-3805-4706-9634-88f080eeb2ac,2026-08-18 08:39:26.354330+00:00,BUSINESS_INSTITUTIONAL_SCREEN,n96,n97
twentysecond_share,twentysecond_share:E0020,rtc_3763804f2f784a26b89c1c7d1bdee18b,a7da43f3-3805-4706-9634-88f080eeb2ac,2026-08-18 08:41:51.131614+00:00,BUSINESS_INSTITUTIONAL_SCREEN;UNIVERSAL_SEMANTIC_SCREEN,n101,n102
twentysecond_share,twentysecond_share:E0021,rtc_3763804f2f784a26b89c1c7d1bdee18b,a7da43f3-3805-4706-9634-88f080eeb2ac,2026-08-18 08:42:35.923018+00:00,BUSINESS_INSTITUTIONAL_SCREEN;UNIVERSAL_SEMANTIC_SCREEN,n103,n104
twentysecond_share,twentysecond_share:E0022,rtc_3763804f2f784a26b89c1c7d1bdee18b,a7da43f3-3805-4706-9634-88f080eeb2ac,2026-08-18 08:43:38.321787+00:00,BUSINESS_INSTITUTIONAL_SCREEN,n107,n108
twentysecond_share,twentysecond_share:E0023,rtc_3763804f2f784a26b89c1c7d1bdee18b,a7da43f3-3805-4706-9634-88f080eeb2ac,2026-08-18 08:44:03.001727+00:00,BUSINESS_INSTITUTIONAL_SCREEN,n109,n110
twentysecond_share,twentysecond_share:E0024,rtc_3763804f2f784a26b89c1c7d1bdee18b,a7da43f3-3805-4706-9634-88f080eeb2ac,2026-08-18 08:44:48.803348+00:00,BUSINESS_INSTITUTIONAL_SCREEN;UNIVERSAL_SEMANTIC_SCREEN,n111,n112
twentysecond_share,twentysecond_share:E0025,rtc_3763804f2f784a26b89c1c7d1bdee18b,a7da43f3-3805-4706-9634-88f080eeb2ac,2026-08-18 08:45:25.424257+00:00,BUSINESS_INSTITUTIONAL_SCREEN,n113,n114
twentysecond_share,twentysecond_share:E0026,rtc_3763804f2f784a26b89c1c7d1bdee18b,a7da43f3-3805-4706-9634-88f080eeb2ac,2026-08-18 08:46:07.215029+00:00,BUSINESS_INSTITUTIONAL_SCREEN;UNIVERSAL_SEMANTIC_SCREEN,n115;n118,n116
twentysecond_share,twentysecond_share:E0027,rtc_3763804f2f784a26b89c1c7d1bdee18b,a7da43f3-3805-4706-9634-88f080eeb2ac,2026-08-18 08:47:23.964659+00:00,BUSINESS_INSTITUTIONAL_SCREEN;UNIVERSAL_SEMANTIC_SCREEN,n121,n122
twentysecond_share,twentysecond_share:E0028,rtc_3763804f2f784a26b89c1c7d1bdee18b,a7da43f3-3805-4706-9634-88f080eeb2ac,2026-08-18 08:47:53.124407+00:00,BUSINESS_INSTITUTIONAL_SCREEN,n124,n125
twentysecond_share,twentysecond_share:E0029,rtc_3763804f2f784a26b89c1c7d1bdee18b,a7da43f3-3805-4706-9634-88f080eeb2ac,2026-08-18 08:48:26.324766+00:00,AGENCY_NEUTRAL_OPPORTUNITY;BUSINESS_INSTITUTIONAL_SCREEN;FROZEN_INFERENCE_OPPORTUNITY;UNIVERSAL_SEMANTIC_SCREEN,n127,n128
twentysecond_share,twentysecond_share:E0030,rtc_3763804f2f784a26b89c1c7d1bdee18b,a7da43f3-3805-4706-9634-88f080eeb2ac,2026-08-18 08:48:54.638825+00:00,AGENCY_NEUTRAL_OPPORTUNITY;BUSINESS_INSTITUTIONAL_SCREEN;FROZEN_INFERENCE_OPPORTUNITY;UNIVERSAL_SEMANTIC_SCREEN,n130;n132,n131;n133
twentysecond_share,twentysecond_share:E0031,rtc_3763804f2f784a26b89c1c7d1bdee18b,a7da43f3-3805-4706-9634-88f080eeb2ac,2026-08-18 08:51:19.136443+00:00,BUSINESS_INSTITUTIONAL_SCREEN;FROZEN_INFERENCE_OPPORTUNITY;UNIVERSAL_SEMANTIC_SCREEN,n134;n137,n135;n138
twentysecond_share,twentysecond_share:E0032,rtc_3763804f2f784a26b89c1c7d1bdee18b,a7da43f3-3805-4706-9634-88f080eeb2ac,2026-08-18 08:52:53.832731+00:00,AGENCY_NEUTRAL_OPPORTUNITY;BUSINESS_INSTITUTIONAL_SCREEN;FROZEN_INFERENCE_OPPORTUNITY;UNIVERSAL_SEMANTIC_SCREEN,n140,n141
twentysecond_share,twentysecond_share:E0033,rtc_3763804f2f784a26b89c1c7d1bdee18b,a7da43f3-3805-4706-9634-88f080eeb2ac,2026-08-18 08:53:46.497382+00:00,BUSINESS_INSTITUTIONAL_SCREEN;UNIVERSAL_SEMANTIC_SCREEN,n143,n144
twentysecond_share,twentysecond_share:E0034,rtc_3763804f2f784a26b89c1c7d1bdee18b,a7da43f3-3805-4706-9634-88f080eeb2ac,2026-08-18 08:53:55.742975+00:00,BUSINESS_INSTITUTIONAL_SCREEN;UNIVERSAL_SEMANTIC_SCREEN,n146,n147
twentysecond_share,twentysecond_share:E0035,rtc_3763804f2f784a26b89c1c7d1bdee18b,a7da43f3-3805-4706-9634-88f080eeb2ac,2026-08-18 08:54:07.149219+00:00,BUSINESS_INSTITUTIONAL_SCREEN,n149,n150
twentysecond_share,twentysecond_share:E0036,rtc_3763804f2f784a26b89c1c7d1bdee18b,a7da43f3-3805-4706-9634-88f080eeb2ac,2026-08-18 08:56:01.853385+00:00,UNIVERSAL_SEMANTIC_SCREEN,n154,ABSENT
twentysecond_share,twentysecond_share:E0037,rtc_3763804f2f784a26b89c1c7d1bdee18b,a7da43f3-3805-4706-9634-88f080eeb2ac,2026-08-18 08:56:09.854581+00:00,BUSINESS_INSTITUTIONAL_SCREEN;FROZEN_INFERENCE_OPPORTUNITY;UNIVERSAL_SEMANTIC_SCREEN,n157;n165;n168,n158;n164;n167;n169;n172
twentysecond_share,twentysecond_share:E0038,rtc_3763804f2f784a26b89c1c7d1bdee18b,a7da43f3-3805-4706-9634-88f080eeb2ac,2026-08-18 08:59:48.955811+00:00,UNIVERSAL_SEMANTIC_SCREEN,n175,n176
twentysecond_share,twentysecond_share:E0039,rtc_3763804f2f784a26b89c1c7d1bdee18b,a7da43f3-3805-4706-9634-88f080eeb2ac,2026-08-18 09:00:19.746499+00:00,BUSINESS_INSTITUTIONAL_SCREEN;FROZEN_INFERENCE_OPPORTUNITY,n177,n178
twentysecond_share,twentysecond_share:E0040,rtc_3763804f2f784a26b89c1c7d1bdee18b,a7da43f3-3805-4706-9634-88f080eeb2ac,2026-08-18 09:01:51.225088+00:00,BUSINESS_INSTITUTIONAL_SCREEN;UNIVERSAL_SEMANTIC_SCREEN,n181,n182
twentysecond_share,twentysecond_share:E0041,rtc_3763804f2f784a26b89c1c7d1bdee18b,a7da43f3-3805-4706-9634-88f080eeb2ac,2026-08-18 09:02:11.322595+00:00,BUSINESS_INSTITUTIONAL_SCREEN;UNIVERSAL_SEMANTIC_SCREEN,n183,n184
twentysecond_share,twentysecond_share:E0042,rtc_3763804f2f784a26b89c1c7d1bdee18b,a7da43f3-3805-4706-9634-88f080eeb2ac,2026-08-18 09:02:39.123843+00:00,BUSINESS_INSTITUTIONAL_SCREEN;UNIVERSAL_SEMANTIC_SCREEN,n190,n191
twentysecond_share,twentysecond_share:E0043,rtc_3763804f2f784a26b89c1c7d1bdee18b,a7da43f3-3805-4706-9634-88f080eeb2ac,2026-08-18 09:03:02.428408+00:00,BUSINESS_INSTITUTIONAL_SCREEN;UNIVERSAL_SEMANTIC_SCREEN,n194,n195
twentysecond_share,twentysecond_share:E0044,rtc_3763804f2f784a26b89c1c7d1bdee18b,a7da43f3-3805-4706-9634-88f080eeb2ac,2026-08-18 09:03:28.719744+00:00,BUSINESS_INSTITUTIONAL_SCREEN,n197,n198;n199
twentysecond_share,twentysecond_share:E0045,rtc_3763804f2f784a26b89c1c7d1bdee18b,a7da43f3-3805-4706-9634-88f080eeb2ac,2026-08-18 09:04:23.274211+00:00,BUSINESS_INSTITUTIONAL_SCREEN;UNIVERSAL_SEMANTIC_SCREEN,n200,n201
twentysecond_share,twentysecond_share:E0046,rtc_3763804f2f784a26b89c1c7d1bdee18b,a7da43f3-3805-4706-9634-88f080eeb2ac,2026-08-18 09:04:31.609726+00:00,BUSINESS_INSTITUTIONAL_SCREEN,n203,n204
twentysecond_share,twentysecond_share:E0047,rtc_3763804f2f784a26b89c1c7d1bdee18b,a7da43f3-3805-4706-9634-88f080eeb2ac,2026-08-18 09:04:45.866415+00:00,BUSINESS_INSTITUTIONAL_SCREEN;UNIVERSAL_SEMANTIC_SCREEN,n205,n206
twentysecond_share,twentysecond_share:E0048,rtc_3763804f2f784a26b89c1c7d1bdee18b,a7da43f3-3805-4706-9634-88f080eeb2ac,2026-08-18 09:05:03.625429+00:00,BUSINESS_INSTITUTIONAL_SCREEN,n208,n209
twentysecond_share,twentysecond_share:E0049,rtc_3763804f2f784a26b89c1c7d1bdee18b,a7da43f3-3805-4706-9634-88f080eeb2ac,2026-08-18 09:06:45.383665+00:00,BUSINESS_INSTITUTIONAL_SCREEN;UNIVERSAL_SEMANTIC_SCREEN,n210;n213,n211
twentysecond_share,twentysecond_share:E0050,rtc_3763804f2f784a26b89c1c7d1bdee18b,a7da43f3-3805-4706-9634-88f080eeb2ac,2026-08-18 09:07:39.542471+00:00,BUSINESS_INSTITUTIONAL_SCREEN;UNIVERSAL_SEMANTIC_SCREEN,n216,n217
twentysecond_share,twentysecond_share:E0051,rtc_3763804f2f784a26b89c1c7d1bdee18b,a7da43f3-3805-4706-9634-88f080eeb2ac,2026-08-18 09:08:12.929205+00:00,BUSINESS_INSTITUTIONAL_SCREEN;UNIVERSAL_SEMANTIC_SCREEN,n219,n220
twentysecond_share,twentysecond_share:E0052,rtc_3763804f2f784a26b89c1c7d1bdee18b,a7da43f3-3805-4706-9634-88f080eeb2ac,2026-08-18 09:08:30.096292+00:00,BUSINESS_INSTITUTIONAL_SCREEN;UNIVERSAL_SEMANTIC_SCREEN,n222,n223
twentysecond_share,twentysecond_share:E0053,rtc_3763804f2f784a26b89c1c7d1bdee18b,a7da43f3-3805-4706-9634-88f080eeb2ac,2026-08-18 09:08:42.194877+00:00,BUSINESS_INSTITUTIONAL_SCREEN;UNIVERSAL_SEMANTIC_SCREEN,n225,n226
twentysecond_share,twentysecond_share:E0054,rtc_3763804f2f784a26b89c1c7d1bdee18b,a7da43f3-3805-4706-9634-88f080eeb2ac,2026-08-18 09:09:46.016388+00:00,BUSINESS_INSTITUTIONAL_SCREEN;FROZEN_INFERENCE_OPPORTUNITY;UNIVERSAL_SEMANTIC_SCREEN,n227,n228
twentysecond_share,twentysecond_share:E0055,rtc_3763804f2f784a26b89c1c7d1bdee18b,a7da43f3-3805-4706-9634-88f080eeb2ac,2026-08-18 09:10:16.565294+00:00,BUSINESS_INSTITUTIONAL_SCREEN;UNIVERSAL_SEMANTIC_SCREEN,n230,n231
twentysecond_share,twentysecond_share:E0056,rtc_3763804f2f784a26b89c1c7d1bdee18b,a7da43f3-3805-4706-9634-88f080eeb2ac,2026-08-18 09:11:19.366380+00:00,BUSINESS_INSTITUTIONAL_SCREEN,n233,n234
twentysecond_share,twentysecond_share:E0057,rtc_3763804f2f784a26b89c1c7d1bdee18b,a7da43f3-3805-4706-9634-88f080eeb2ac,2026-08-18 09:12:17.509578+00:00,BUSINESS_INSTITUTIONAL_SCREEN;UNIVERSAL_SEMANTIC_SCREEN,n240,n241
twentysecond_share,twentysecond_share:E0058,rtc_3763804f2f784a26b89c1c7d1bdee18b,a7da43f3-3805-4706-9634-88f080eeb2ac,2026-08-18 09:12:39.055205+00:00,BUSINESS_INSTITUTIONAL_SCREEN;UNIVERSAL_SEMANTIC_SCREEN,n247,n248
twentysecond_share,twentysecond_share:E0059,rtc_3763804f2f784a26b89c1c7d1bdee18b,a7da43f3-3805-4706-9634-88f080eeb2ac,2026-08-18 09:13:36.576660+00:00,BUSINESS_INSTITUTIONAL_SCREEN;UNIVERSAL_SEMANTIC_SCREEN,n253;n255,n254;n256
twentysecond_share,twentysecond_share:E0060,rtc_3763804f2f784a26b89c1c7d1bdee18b,a7da43f3-3805-4706-9634-88f080eeb2ac,2026-08-18 09:14:24.031065+00:00,AGENCY_NEUTRAL_OPPORTUNITY;BUSINESS_INSTITUTIONAL_SCREEN;FROZEN_INFERENCE_OPPORTUNITY;UNIVERSAL_SEMANTIC_SCREEN,n257;n259;n264;n267;n269,n258;n260;n265;n268;n270;n273
twentysecond_share,twentysecond_share:E0061,rtc_3763804f2f784a26b89c1c7d1bdee18b,a7da43f3-3805-4706-9634-88f080eeb2ac,2026-08-18 09:20:11.781313+00:00,BUSINESS_INSTITUTIONAL_SCREEN;UNIVERSAL_SEMANTIC_SCREEN,n295,n296
twentysecond_share,twentysecond_share:E0062,rtc_3763804f2f784a26b89c1c7d1bdee18b,a7da43f3-3805-4706-9634-88f080eeb2ac,2026-08-18 09:21:06.120995+00:00,BUSINESS_INSTITUTIONAL_SCREEN;UNIVERSAL_SEMANTIC_SCREEN,n298,n299
twentysecond_share,twentysecond_share:E0063,rtc_3763804f2f784a26b89c1c7d1bdee18b,a7da43f3-3805-4706-9634-88f080eeb2ac,2026-08-18 09:22:04.565975+00:00,BUSINESS_INSTITUTIONAL_SCREEN,n301,n302
twentysecond_share,twentysecond_share:E0064,rtc_3763804f2f784a26b89c1c7d1bdee18b,a7da43f3-3805-4706-9634-88f080eeb2ac,2026-08-18 09:22:20.988882+00:00,BUSINESS_INSTITUTIONAL_SCREEN,n304,n305
twentysecond_share,twentysecond_share:E0065,rtc_3763804f2f784a26b89c1c7d1bdee18b,a7da43f3-3805-4706-9634-88f080eeb2ac,2026-08-18 09:24:55.540668+00:00,REFUSAL_TO_INFER_SENSITIVITY_EVENT;UNIVERSAL_SEMANTIC_SCREEN,n310,n311
twentysecond_share,twentysecond_share:E0066,rtc_3763804f2f784a26b89c1c7d1bdee18b,a7da43f3-3805-4706-9634-88f080eeb2ac,2026-08-18 09:25:32.816506+00:00,BUSINESS_INSTITUTIONAL_SCREEN;FROZEN_INFERENCE_OPPORTUNITY;UNIVERSAL_SEMANTIC_SCREEN,n313;n316,n314;n317;n318
twentysecond_share,twentysecond_share:E0067,rtc_3763804f2f784a26b89c1c7d1bdee18b,a7da43f3-3805-4706-9634-88f080eeb2ac,2026-08-18 09:27:03.851411+00:00,BUSINESS_INSTITUTIONAL_SCREEN;FROZEN_INFERENCE_OPPORTUNITY;UNIVERSAL_SEMANTIC_SCREEN,n319;n322;n325;n328,n320;n326;n329
twentysecond_share,twentysecond_share:E0068,rtc_3763804f2f784a26b89c1c7d1bdee18b,a7da43f3-3805-4706-9634-88f080eeb2ac,2026-08-18 09:29:21.267686+00:00,BUSINESS_INSTITUTIONAL_SCREEN,n330,n331
twentysecond_share,twentysecond_share:E0069,rtc_3763804f2f784a26b89c1c7d1bdee18b,a7da43f3-3805-4706-9634-88f080eeb2ac,2026-08-18 09:30:52.572631+00:00,BUSINESS_INSTITUTIONAL_SCREEN,n341,n342
twentysecond_share,twentysecond_share:E0070,rtc_3763804f2f784a26b89c1c7d1bdee18b,a7da43f3-3805-4706-9634-88f080eeb2ac,2026-08-18 09:31:07.730586+00:00,BUSINESS_INSTITUTIONAL_SCREEN,n344,n345
twentysecond_share,twentysecond_share:E0071,rtc_3763804f2f784a26b89c1c7d1bdee18b,a7da43f3-3805-4706-9634-88f080eeb2ac,2026-08-18 09:32:11.366873+00:00,BUSINESS_INSTITUTIONAL_SCREEN;UNIVERSAL_SEMANTIC_SCREEN,n354,n355
twentysecond_share,twentysecond_share:E0072,rtc_3763804f2f784a26b89c1c7d1bdee18b,a7da43f3-3805-4706-9634-88f080eeb2ac,2026-08-18 09:33:49.831305+00:00,BUSINESS_INSTITUTIONAL_SCREEN,n359,n360
twentysecond_share,twentysecond_share:E0073,rtc_3763804f2f784a26b89c1c7d1bdee18b,a7da43f3-3805-4706-9634-88f080eeb2ac,2026-08-18 09:34:06.411858+00:00,BUSINESS_INSTITUTIONAL_SCREEN;UNIVERSAL_SEMANTIC_SCREEN,n362,n363
twentysecond_share,twentysecond_share:E0074,rtc_3763804f2f784a26b89c1c7d1bdee18b,a7da43f3-3805-4706-9634-88f080eeb2ac,2026-08-18 09:35:35.481425+00:00,BUSINESS_INSTITUTIONAL_SCREEN,n369,n370;n371
twentysecond_share,twentysecond_share:E0075,rtc_3763804f2f784a26b89c1c7d1bdee18b,a7da43f3-3805-4706-9634-88f080eeb2ac,2026-08-18 09:36:11.924316+00:00,BUSINESS_INSTITUTIONAL_SCREEN,n372,n373
twentysecond_share,twentysecond_share:E0076,rtc_3763804f2f784a26b89c1c7d1bdee18b,a7da43f3-3805-4706-9634-88f080eeb2ac,2026-08-18 09:36:25.555679+00:00,BUSINESS_INSTITUTIONAL_SCREEN,n375,n376
twentysecond_share,twentysecond_share:E0077,rtc_3763804f2f784a26b89c1c7d1bdee18b,a7da43f3-3805-4706-9634-88f080eeb2ac,2026-08-18 09:36:49.720340+00:00,BUSINESS_INSTITUTIONAL_SCREEN,n378,n379
twentysecond_share,twentysecond_share:E0078,rtc_3763804f2f784a26b89c1c7d1bdee18b,a7da43f3-3805-4706-9634-88f080eeb2ac,2026-08-18 09:37:32.088125+00:00,BUSINESS_INSTITUTIONAL_SCREEN,n384,n385
twentysecond_share,twentysecond_share:E0079,rtc_3763804f2f784a26b89c1c7d1bdee18b,a7da43f3-3805-4706-9634-88f080eeb2ac,2026-08-18 09:39:48.327068+00:00,BUSINESS_INSTITUTIONAL_SCREEN;FROZEN_INFERENCE_OPPORTUNITY;UNIVERSAL_SEMANTIC_SCREEN,n391,n392
twentysecond_share,twentysecond_share:E0080,rtc_3763804f2f784a26b89c1c7d1bdee18b,a7da43f3-3805-4706-9634-88f080eeb2ac,2026-08-18 09:41:40.818009+00:00,BUSINESS_INSTITUTIONAL_SCREEN,n408,n409
twentysecond_share,twentysecond_share:E0081,rtc_3763804f2f784a26b89c1c7d1bdee18b,a7da43f3-3805-4706-9634-88f080eeb2ac,2026-08-18 09:41:46.569271+00:00,UNIVERSAL_SEMANTIC_SCREEN,n410,n411
twentysecond_share,twentysecond_share:E0082,rtc_3763804f2f784a26b89c1c7d1bdee18b,a7da43f3-3805-4706-9634-88f080eeb2ac,2026-08-18 09:42:14.501933+00:00,AGENCY_NEUTRAL_OPPORTUNITY;BUSINESS_INSTITUTIONAL_SCREEN;FROZEN_INFERENCE_OPPORTUNITY;UNIVERSAL_SEMANTIC_SCREEN,n412;n415,n413;n414;n418
twentysecond_share,twentysecond_share:E0083,rtc_3763804f2f784a26b89c1c7d1bdee18b,a7da43f3-3805-4706-9634-88f080eeb2ac,2026-08-18 09:43:31.516899+00:00,BUSINESS_INSTITUTIONAL_SCREEN;FROZEN_INFERENCE_OPPORTUNITY,n419;n422,n420;n423
twentysecond_share,twentysecond_share:E0084,rtc_3763804f2f784a26b89c1c7d1bdee18b,a7da43f3-3805-4706-9634-88f080eeb2ac,2026-08-18 09:44:49.603415+00:00,BUSINESS_INSTITUTIONAL_SCREEN;UNIVERSAL_SEMANTIC_SCREEN,n427,n428
twentysecond_share,twentysecond_share:E0085,rtc_3763804f2f784a26b89c1c7d1bdee18b,a7da43f3-3805-4706-9634-88f080eeb2ac,2026-08-18 09:45:32.647654+00:00,BUSINESS_INSTITUTIONAL_SCREEN,n429,n430
twentysecond_share,twentysecond_share:E0086,rtc_3763804f2f784a26b89c1c7d1bdee18b,a7da43f3-3805-4706-9634-88f080eeb2ac,2026-08-18 09:45:33.191711+00:00,UNIVERSAL_SEMANTIC_SCREEN,n431,ABSENT
twentysecond_share,twentysecond_share:E0087,rtc_3763804f2f784a26b89c1c7d1bdee18b,a7da43f3-3805-4706-9634-88f080eeb2ac,2026-08-18 09:46:07.701748+00:00,BUSINESS_INSTITUTIONAL_SCREEN,n433,n434
twentysecond_share,twentysecond_share:E0088,rtc_3763804f2f784a26b89c1c7d1bdee18b,a7da43f3-3805-4706-9634-88f080eeb2ac,2026-08-18 09:47:10.040245+00:00,UNIVERSAL_SEMANTIC_SCREEN,n441,n442
twentysecond_share,twentysecond_share:E0089,rtc_3763804f2f784a26b89c1c7d1bdee18b,a7da43f3-3805-4706-9634-88f080eeb2ac,2026-08-18 09:48:25.415404+00:00,BUSINESS_INSTITUTIONAL_SCREEN,n453,n454
twentysecond_share,twentysecond_share:E0090,rtc_3763804f2f784a26b89c1c7d1bdee18b,a7da43f3-3805-4706-9634-88f080eeb2ac,2026-08-18 09:49:03.635778+00:00,BUSINESS_INSTITUTIONAL_SCREEN,n465,n466
twentysecond_share,twentysecond_share:E0091,rtc_3763804f2f784a26b89c1c7d1bdee18b,a7da43f3-3805-4706-9634-88f080eeb2ac,2026-08-18 09:49:59.967453+00:00,UNIVERSAL_SEMANTIC_SCREEN,n475,n476
twentysecond_share,twentysecond_share:E0092,rtc_3763804f2f784a26b89c1c7d1bdee18b,a7da43f3-3805-4706-9634-88f080eeb2ac,2026-08-18 09:51:17.262424+00:00,BUSINESS_INSTITUTIONAL_SCREEN;UNIVERSAL_SEMANTIC_SCREEN,n481,n482
twentysecond_share,twentysecond_share:E0093,rtc_3763804f2f784a26b89c1c7d1bdee18b,a7da43f3-3805-4706-9634-88f080eeb2ac,2026-08-18 09:51:30.686799+00:00,BUSINESS_INSTITUTIONAL_SCREEN,n484,n485
twentysecond_share,twentysecond_share:E0094,rtc_3763804f2f784a26b89c1c7d1bdee18b,a7da43f3-3805-4706-9634-88f080eeb2ac,2026-08-18 09:52:27.863840+00:00,BUSINESS_INSTITUTIONAL_SCREEN,n486,n487
twentysecond_share,twentysecond_share:E0095,rtc_3763804f2f784a26b89c1c7d1bdee18b,a7da43f3-3805-4706-9634-88f080eeb2ac,2026-08-18 09:52:42.668106+00:00,BUSINESS_INSTITUTIONAL_SCREEN,n489,n490
twentysecond_share,twentysecond_share:E0096,rtc_3763804f2f784a26b89c1c7d1bdee18b,a7da43f3-3805-4706-9634-88f080eeb2ac,2026-08-18 09:52:55.040528+00:00,BUSINESS_INSTITUTIONAL_SCREEN,n491,n492
twentysecond_share,twentysecond_share:E0097,rtc_3763804f2f784a26b89c1c7d1bdee18b,a7da43f3-3805-4706-9634-88f080eeb2ac,2026-08-18 09:53:56.212160+00:00,BUSINESS_INSTITUTIONAL_SCREEN,n493,n494
twentysecond_share,twentysecond_share:E0098,rtc_3763804f2f784a26b89c1c7d1bdee18b,a7da43f3-3805-4706-9634-88f080eeb2ac,2026-08-18 09:54:04.992810+00:00,BUSINESS_INSTITUTIONAL_SCREEN;FROZEN_INFERENCE_OPPORTUNITY;UNIVERSAL_SEMANTIC_SCREEN,n496,n497
twentysecond_share,twentysecond_share:E0099,rtc_3763804f2f784a26b89c1c7d1bdee18b,a7da43f3-3805-4706-9634-88f080eeb2ac,2026-08-18 09:54:48.590178+00:00,UNIVERSAL_SEMANTIC_SCREEN,n498,n499
twentysecond_share,twentysecond_share:E0100,rtc_3763804f2f784a26b89c1c7d1bdee18b,a7da43f3-3805-4706-9634-88f080eeb2ac,2026-08-18 09:56:10.202855+00:00,BUSINESS_INSTITUTIONAL_SCREEN;UNIVERSAL_SEMANTIC_SCREEN,n503,n504;n505
twentysecond_share,twentysecond_share:E0101,rtc_3763804f2f784a26b89c1c7d1bdee18b,a7da43f3-3805-4706-9634-88f080eeb2ac,2026-08-18 09:56:25.267171+00:00,BUSINESS_INSTITUTIONAL_SCREEN;UNIVERSAL_SEMANTIC_SCREEN,n506,n507
twentysecond_share,twentysecond_share:E0102,rtc_3763804f2f784a26b89c1c7d1bdee18b,a7da43f3-3805-4706-9634-88f080eeb2ac,2026-08-18 09:56:55.895735+00:00,UNIVERSAL_SEMANTIC_SCREEN,n508,n509;n510
twentysecond_share,twentysecond_share:E0103,rtc_3763804f2f784a26b89c1c7d1bdee18b,a7da43f3-3805-4706-9634-88f080eeb2ac,2026-08-18 09:57:22.406744+00:00,UNIVERSAL_SEMANTIC_SCREEN,n513,n514
twentysecond_share,twentysecond_share:E0104,rtc_3763804f2f784a26b89c1c7d1bdee18b,a7da43f3-3805-4706-9634-88f080eeb2ac,2026-08-18 09:57:48.656411+00:00,BUSINESS_INSTITUTIONAL_SCREEN,n515,n516
twentysecond_share,twentysecond_share:E0105,rtc_3763804f2f784a26b89c1c7d1bdee18b,a7da43f3-3805-4706-9634-88f080eeb2ac,2026-08-18 09:58:02.262650+00:00,UNIVERSAL_SEMANTIC_SCREEN,n517,n518
twentysecond_share,twentysecond_share:E0106,rtc_3763804f2f784a26b89c1c7d1bdee18b,a7da43f3-3805-4706-9634-88f080eeb2ac,2026-08-18 09:58:38.513391+00:00,BUSINESS_INSTITUTIONAL_SCREEN;UNIVERSAL_SEMANTIC_SCREEN,n519,n520
twentysecond_share,twentysecond_share:E0107,rtc_3763804f2f784a26b89c1c7d1bdee18b,a7da43f3-3805-4706-9634-88f080eeb2ac,2026-08-18 09:58:56.090390+00:00,BUSINESS_INSTITUTIONAL_SCREEN,n521,n522
twentysecond_share,twentysecond_share:E0108,rtc_3763804f2f784a26b89c1c7d1bdee18b,a7da43f3-3805-4706-9634-88f080eeb2ac,2026-08-18 09:59:10.564815+00:00,BUSINESS_INSTITUTIONAL_SCREEN;FROZEN_INFERENCE_OPPORTUNITY;UNIVERSAL_SEMANTIC_SCREEN,n523;n526,n524;n527
twentysecond_share,twentysecond_share:E0109,rtc_3763804f2f784a26b89c1c7d1bdee18b,a7da43f3-3805-4706-9634-88f080eeb2ac,2026-08-18 10:00:03.729594+00:00,UNIVERSAL_SEMANTIC_SCREEN,n532,n533
twentysecond_share,twentysecond_share:E0110,rtc_3763804f2f784a26b89c1c7d1bdee18b,a7da43f3-3805-4706-9634-88f080eeb2ac,2026-08-18 10:00:21.432936+00:00,BUSINESS_INSTITUTIONAL_SCREEN,n534,n535
twentysecond_share,twentysecond_share:E0111,rtc_3763804f2f784a26b89c1c7d1bdee18b,a7da43f3-3805-4706-9634-88f080eeb2ac,2026-08-18 10:00:54.009773+00:00,BUSINESS_INSTITUTIONAL_SCREEN;UNIVERSAL_SEMANTIC_SCREEN,n536,n537
twentysecond_share,twentysecond_share:E0112,rtc_3763804f2f784a26b89c1c7d1bdee18b,a7da43f3-3805-4706-9634-88f080eeb2ac,2026-08-18 10:01:06.964725+00:00,BUSINESS_INSTITUTIONAL_SCREEN,n541,n542
twentysecond_share,twentysecond_share:E0113,rtc_3763804f2f784a26b89c1c7d1bdee18b,a7da43f3-3805-4706-9634-88f080eeb2ac,2026-08-18 10:01:50.665843+00:00,BUSINESS_INSTITUTIONAL_SCREEN,n545,n546;n550
twentysecond_share,twentysecond_share:E0114,rtc_3763804f2f784a26b89c1c7d1bdee18b,a7da43f3-3805-4706-9634-88f080eeb2ac,2026-08-18 10:03:24.173596+00:00,BUSINESS_INSTITUTIONAL_SCREEN,n560,n561
twentysecond_share,twentysecond_share:E0115,rtc_3763804f2f784a26b89c1c7d1bdee18b,a7da43f3-3805-4706-9634-88f080eeb2ac,2026-08-18 10:04:32.711545+00:00,BUSINESS_INSTITUTIONAL_SCREEN,n569,n570
twentysecond_share,twentysecond_share:E0116,rtc_3763804f2f784a26b89c1c7d1bdee18b,a7da43f3-3805-4706-9634-88f080eeb2ac,2026-08-18 10:06:01.641090+00:00,BUSINESS_INSTITUTIONAL_SCREEN,n577,n578
twentysecond_share,twentysecond_share:E0117,rtc_3763804f2f784a26b89c1c7d1bdee18b,a7da43f3-3805-4706-9634-88f080eeb2ac,2026-08-18 10:07:22.901263+00:00,BUSINESS_INSTITUTIONAL_SCREEN;UNIVERSAL_SEMANTIC_SCREEN,n582,n583
twentysecond_share,twentysecond_share:E0118,rtc_3763804f2f784a26b89c1c7d1bdee18b,a7da43f3-3805-4706-9634-88f080eeb2ac,2026-08-18 10:11:16.361164+00:00,BUSINESS_INSTITUTIONAL_SCREEN,n606,n607
twentysecond_share,twentysecond_share:E0119,rtc_3763804f2f784a26b89c1c7d1bdee18b,a7da43f3-3805-4706-9634-88f080eeb2ac,2026-08-18 10:11:19.047937+00:00,BUSINESS_INSTITUTIONAL_SCREEN,n609,n610;n611
twentysecond_share,twentysecond_share:E0121,rtc_3763804f2f784a26b89c1c7d1bdee18b,a7da43f3-3805-4706-9634-88f080eeb2ac,2026-08-18 10:13:07.057851+00:00,BUSINESS_INSTITUTIONAL_SCREEN,n618,n619
twentysecond_share,twentysecond_share:E0120,rtc_3763804f2f784a26b89c1c7d1bdee18b,a7da43f3-3805-4706-9634-88f080eeb2ac,2026-08-18 10:13:07.997998+00:00,BUSINESS_INSTITUTIONAL_SCREEN;UNIVERSAL_SEMANTIC_SCREEN,n616,n617
twentysecond_share,twentysecond_share:E0122,rtc_3763804f2f784a26b89c1c7d1bdee18b,a7da43f3-3805-4706-9634-88f080eeb2ac,2026-08-18 10:14:37.125168+00:00,BUSINESS_INSTITUTIONAL_SCREEN;FROZEN_INFERENCE_OPPORTUNITY;UNIVERSAL_SEMANTIC_SCREEN,n624,n625
twentysecond_share,twentysecond_share:E0123,rtc_3763804f2f784a26b89c1c7d1bdee18b,a7da43f3-3805-4706-9634-88f080eeb2ac,2026-08-18 10:14:54.160415+00:00,BUSINESS_INSTITUTIONAL_SCREEN;UNIVERSAL_SEMANTIC_SCREEN,n626,n627
twentysecond_share,twentysecond_share:E0124,rtc_3763804f2f784a26b89c1c7d1bdee18b,a7da43f3-3805-4706-9634-88f080eeb2ac,2026-08-18 10:16:10.363060+00:00,BUSINESS_INSTITUTIONAL_SCREEN;UNIVERSAL_SEMANTIC_SCREEN,n628;n631,n629;n632
twentysecond_share,twentysecond_share:E0125,rtc_3763804f2f784a26b89c1c7d1bdee18b,a7da43f3-3805-4706-9634-88f080eeb2ac,2026-08-18 10:17:46.883253+00:00,BUSINESS_INSTITUTIONAL_SCREEN;UNIVERSAL_SEMANTIC_SCREEN,n635,n636
twentysecond_share,twentysecond_share:E0126,rtc_3763804f2f784a26b89c1c7d1bdee18b,a7da43f3-3805-4706-9634-88f080eeb2ac,2026-08-18 10:18:02.287468+00:00,BUSINESS_INSTITUTIONAL_SCREEN;RTC_RULE_EPISODE;UNIVERSAL_SEMANTIC_SCREEN,n638;n643;n645;n654;n666;n668,n639;n644;n646;n655;n663;n667;n669;n671
twentysecond_share,twentysecond_share:E0127,rtc_4ddae641713c4bdcadac02b175175cb0,e0d38259-6ee9-46dd-a4d7-f85a457f906b,2026-08-18 10:22:29.439639+00:00,BUSINESS_INSTITUTIONAL_SCREEN,n676,n677
twentysecond_share,twentysecond_share:E0128,rtc_4ddae641713c4bdcadac02b175175cb0,e0d38259-6ee9-46dd-a4d7-f85a457f906b,2026-08-18 10:22:45.461937+00:00,BUSINESS_INSTITUTIONAL_SCREEN;UNIVERSAL_SEMANTIC_SCREEN,n678,n679
twentysecond_share,twentysecond_share:E0129,rtc_4ddae641713c4bdcadac02b175175cb0,e0d38259-6ee9-46dd-a4d7-f85a457f906b,2026-08-18 10:23:06.782564+00:00,BUSINESS_INSTITUTIONAL_SCREEN;UNIVERSAL_SEMANTIC_SCREEN,n680,n681;n688
twentysecond_share,twentysecond_share:E0130,rtc_4ddae641713c4bdcadac02b175175cb0,e0d38259-6ee9-46dd-a4d7-f85a457f906b,2026-08-18 10:23:50.502657+00:00,UNIVERSAL_SEMANTIC_SCREEN,n689,n690
twentysecond_share,twentysecond_share:E0132,rtc_4ddae641713c4bdcadac02b175175cb0,e0d38259-6ee9-46dd-a4d7-f85a457f906b,2026-08-18 10:24:24.032326+00:00,BUSINESS_INSTITUTIONAL_SCREEN,n693,n694
twentysecond_share,twentysecond_share:E0131,rtc_4ddae641713c4bdcadac02b175175cb0,e0d38259-6ee9-46dd-a4d7-f85a457f906b,2026-08-18 10:24:25.101049+00:00,BUSINESS_INSTITUTIONAL_SCREEN;UNIVERSAL_SEMANTIC_SCREEN,n691,n692
twentysecond_share,twentysecond_share:E0133,rtc_4ddae641713c4bdcadac02b175175cb0,e0d38259-6ee9-46dd-a4d7-f85a457f906b,2026-08-18 10:25:06.299819+00:00,FROZEN_INFERENCE_OPPORTUNITY,n695,n696
twentysecond_share,twentysecond_share:E0134,rtc_4ddae641713c4bdcadac02b175175cb0,e0d38259-6ee9-46dd-a4d7-f85a457f906b,2026-08-18 10:25:27.071583+00:00,UNIVERSAL_SEMANTIC_SCREEN,n699,n700
twentysecond_share,twentysecond_share:E0135,rtc_4ddae641713c4bdcadac02b175175cb0,e0d38259-6ee9-46dd-a4d7-f85a457f906b,2026-08-18 10:25:31.094128+00:00,UNIVERSAL_SEMANTIC_SCREEN,n701,ABSENT
twentysecond_share,twentysecond_share:E0136,rtc_4ddae641713c4bdcadac02b175175cb0,e0d38259-6ee9-46dd-a4d7-f85a457f906b,2026-08-18 10:25:44.801712+00:00,BUSINESS_INSTITUTIONAL_SCREEN;UNIVERSAL_SEMANTIC_SCREEN,n703,n704
twentysecond_share,twentysecond_share:E0137,rtc_4ddae641713c4bdcadac02b175175cb0,e0d38259-6ee9-46dd-a4d7-f85a457f906b,2026-08-18 10:26:12.416091+00:00,BUSINESS_INSTITUTIONAL_SCREEN,n709,n710
twentysecond_share,twentysecond_share:E0138,rtc_4ddae641713c4bdcadac02b175175cb0,e0d38259-6ee9-46dd-a4d7-f85a457f906b,2026-08-18 10:26:29.486499+00:00,BUSINESS_INSTITUTIONAL_SCREEN;UNIVERSAL_SEMANTIC_SCREEN,n711,n712;n718
twentysecond_share,twentysecond_share:E0139,rtc_4ddae641713c4bdcadac02b175175cb0,e0d38259-6ee9-46dd-a4d7-f85a457f906b,2026-08-18 10:27:11.256653+00:00,BUSINESS_INSTITUTIONAL_SCREEN;UNIVERSAL_SEMANTIC_SCREEN,n723,n724
twentysecond_share,twentysecond_share:E0140,rtc_4ddae641713c4bdcadac02b175175cb0,e0d38259-6ee9-46dd-a4d7-f85a457f906b,2026-08-18 10:28:59.165009+00:00,BUSINESS_INSTITUTIONAL_SCREEN,n731,n732
twentysecond_share,twentysecond_share:E0141,rtc_4ddae641713c4bdcadac02b175175cb0,e0d38259-6ee9-46dd-a4d7-f85a457f906b,2026-08-18 10:29:46.121988+00:00,BUSINESS_INSTITUTIONAL_SCREEN;UNIVERSAL_SEMANTIC_SCREEN,n739,n740
twentysecond_share,twentysecond_share:E0142,rtc_4ddae641713c4bdcadac02b175175cb0,e0d38259-6ee9-46dd-a4d7-f85a457f906b,2026-08-18 10:30:25.617985+00:00,BUSINESS_INSTITUTIONAL_SCREEN,n743,n744;n749
twentysecond_share,twentysecond_share:E0143,rtc_4ddae641713c4bdcadac02b175175cb0,e0d38259-6ee9-46dd-a4d7-f85a457f906b,2026-08-18 10:30:52.109647+00:00,BUSINESS_INSTITUTIONAL_SCREEN,n752,n753
twentysecond_share,twentysecond_share:E0145,rtc_4ddae641713c4bdcadac02b175175cb0,e0d38259-6ee9-46dd-a4d7-f85a457f906b,2026-08-18 10:31:41.285238+00:00,BUSINESS_INSTITUTIONAL_SCREEN,n760,n761
twentysecond_share,twentysecond_share:E0144,rtc_4ddae641713c4bdcadac02b175175cb0,e0d38259-6ee9-46dd-a4d7-f85a457f906b,2026-08-18 10:31:42.261493+00:00,BUSINESS_INSTITUTIONAL_SCREEN,n758,n759
twentysecond_share,twentysecond_share:E0146,rtc_4ddae641713c4bdcadac02b175175cb0,e0d38259-6ee9-46dd-a4d7-f85a457f906b,2026-08-18 10:32:41.535390+00:00,BUSINESS_INSTITUTIONAL_SCREEN;FROZEN_INFERENCE_OPPORTUNITY;UNIVERSAL_SEMANTIC_SCREEN,n764,n765
twentysecond_share,twentysecond_share:E0147,rtc_4ddae641713c4bdcadac02b175175cb0,e0d38259-6ee9-46dd-a4d7-f85a457f906b,2026-08-18 10:33:14.801108+00:00,BUSINESS_INSTITUTIONAL_SCREEN,n768,n769
twentysecond_share,twentysecond_share:E0148,rtc_4ddae641713c4bdcadac02b175175cb0,e0d38259-6ee9-46dd-a4d7-f85a457f906b,2026-08-18 10:33:59.886644+00:00,BUSINESS_INSTITUTIONAL_SCREEN,n770,n771
twentysecond_share,twentysecond_share:E0149,rtc_4ddae641713c4bdcadac02b175175cb0,e0d38259-6ee9-46dd-a4d7-f85a457f906b,2026-08-18 10:34:16.019549+00:00,UNIVERSAL_SEMANTIC_SCREEN,n774,n775
twentysecond_share,twentysecond_share:E0150,rtc_4ddae641713c4bdcadac02b175175cb0,e0d38259-6ee9-46dd-a4d7-f85a457f906b,2026-08-18 10:34:24.448163+00:00,BUSINESS_INSTITUTIONAL_SCREEN,n776,n777
twentysecond_share,twentysecond_share:E0151,rtc_4ddae641713c4bdcadac02b175175cb0,e0d38259-6ee9-46dd-a4d7-f85a457f906b,2026-08-18 10:35:44.442824+00:00,UNIVERSAL_SEMANTIC_SCREEN,n796,n797
twentysecond_share,twentysecond_share:E0152,rtc_4ddae641713c4bdcadac02b175175cb0,e0d38259-6ee9-46dd-a4d7-f85a457f906b,2026-08-18 10:36:20.811943+00:00,BUSINESS_INSTITUTIONAL_SCREEN;UNIVERSAL_SEMANTIC_SCREEN,n800,n801
twentysecond_share,twentysecond_share:E0153,rtc_4ddae641713c4bdcadac02b175175cb0,e0d38259-6ee9-46dd-a4d7-f85a457f906b,2026-08-18 10:37:27.136704+00:00,BUSINESS_INSTITUTIONAL_SCREEN,n810,n811
twentysecond_share,twentysecond_share:E0154,rtc_4ddae641713c4bdcadac02b175175cb0,e0d38259-6ee9-46dd-a4d7-f85a457f906b,2026-08-18 10:37:36.231333+00:00,BUSINESS_INSTITUTIONAL_SCREEN;UNIVERSAL_SEMANTIC_SCREEN,n812,n813
twentysecond_share,twentysecond_share:E0155,rtc_4ddae641713c4bdcadac02b175175cb0,e0d38259-6ee9-46dd-a4d7-f85a457f906b,2026-08-18 10:37:56.238357+00:00,BUSINESS_INSTITUTIONAL_SCREEN,n816,n817
twentysecond_share,twentysecond_share:E0156,rtc_4ddae641713c4bdcadac02b175175cb0,e0d38259-6ee9-46dd-a4d7-f85a457f906b,2026-08-18 10:38:32.487949+00:00,BUSINESS_INSTITUTIONAL_SCREEN;UNIVERSAL_SEMANTIC_SCREEN,n822,n823;n827
twentysecond_share,twentysecond_share:E0157,rtc_4ddae641713c4bdcadac02b175175cb0,e0d38259-6ee9-46dd-a4d7-f85a457f906b,2026-08-18 10:39:31.925323+00:00,BUSINESS_INSTITUTIONAL_SCREEN;FROZEN_INFERENCE_OPPORTUNITY;UNIVERSAL_SEMANTIC_SCREEN,n832,n833
twentysecond_share,twentysecond_share:E0158,rtc_4ddae641713c4bdcadac02b175175cb0,e0d38259-6ee9-46dd-a4d7-f85a457f906b,2026-08-18 10:39:59.790235+00:00,BUSINESS_INSTITUTIONAL_SCREEN;FROZEN_INFERENCE_OPPORTUNITY;UNIVERSAL_SEMANTIC_SCREEN,n836;n838,n837;n839
twentysecond_share,twentysecond_share:E0159,rtc_4ddae641713c4bdcadac02b175175cb0,e0d38259-6ee9-46dd-a4d7-f85a457f906b,2026-08-18 10:40:52.542235+00:00,UNIVERSAL_SEMANTIC_SCREEN,n848,n849
twentysecond_share,twentysecond_share:E0160,rtc_4ddae641713c4bdcadac02b175175cb0,e0d38259-6ee9-46dd-a4d7-f85a457f906b,2026-08-18 10:41:12.555129+00:00,BUSINESS_INSTITUTIONAL_SCREEN,n852,n853
twentysecond_share,twentysecond_share:E0161,rtc_4ddae641713c4bdcadac02b175175cb0,e0d38259-6ee9-46dd-a4d7-f85a457f906b,2026-08-18 10:41:33.538057+00:00,BUSINESS_INSTITUTIONAL_SCREEN;FROZEN_INFERENCE_OPPORTUNITY,n856,n857
twentysecond_share,twentysecond_share:E0162,rtc_4ddae641713c4bdcadac02b175175cb0,e0d38259-6ee9-46dd-a4d7-f85a457f906b,2026-08-18 10:42:50.913682+00:00,BUSINESS_INSTITUTIONAL_SCREEN;UNIVERSAL_SEMANTIC_SCREEN,n871,n872
twentysecond_share,twentysecond_share:E0163,rtc_4ddae641713c4bdcadac02b175175cb0,e0d38259-6ee9-46dd-a4d7-f85a457f906b,2026-08-18 10:43:11.694363+00:00,BUSINESS_INSTITUTIONAL_SCREEN;UNIVERSAL_SEMANTIC_SCREEN,n873,n874;n875;n876
twentysecond_share,twentysecond_share:E0164,rtc_4ddae641713c4bdcadac02b175175cb0,e0d38259-6ee9-46dd-a4d7-f85a457f906b,2026-08-18 10:43:41.458063+00:00,BUSINESS_INSTITUTIONAL_SCREEN,n877,n878
twentysecond_share,twentysecond_share:E0165,rtc_4ddae641713c4bdcadac02b175175cb0,e0d38259-6ee9-46dd-a4d7-f85a457f906b,2026-08-18 10:43:58.997698+00:00,BUSINESS_INSTITUTIONAL_SCREEN,n886,n887
twentysecond_share,twentysecond_share:E0166,rtc_4ddae641713c4bdcadac02b175175cb0,e0d38259-6ee9-46dd-a4d7-f85a457f906b,2026-08-18 10:45:55.513010+00:00,BUSINESS_INSTITUTIONAL_SCREEN,n900,n901
twentysecond_share,twentysecond_share:E0167,rtc_4ddae641713c4bdcadac02b175175cb0,e0d38259-6ee9-46dd-a4d7-f85a457f906b,2026-08-18 10:46:18.640550+00:00,BUSINESS_INSTITUTIONAL_SCREEN,n906,n907;n911
twentysecond_share,twentysecond_share:E0168,rtc_4ddae641713c4bdcadac02b175175cb0,e0d38259-6ee9-46dd-a4d7-f85a457f906b,2026-08-18 10:47:10.463603+00:00,UNIVERSAL_SEMANTIC_SCREEN,n916,n917
twentysecond_share,twentysecond_share:E0169,rtc_4ddae641713c4bdcadac02b175175cb0,e0d38259-6ee9-46dd-a4d7-f85a457f906b,2026-08-18 10:47:58.083438+00:00,BUSINESS_INSTITUTIONAL_SCREEN,n926,n927
twentysecond_share,twentysecond_share:E0170,rtc_4ddae641713c4bdcadac02b175175cb0,e0d38259-6ee9-46dd-a4d7-f85a457f906b,2026-08-18 10:48:15.562069+00:00,BUSINESS_INSTITUTIONAL_SCREEN;UNIVERSAL_SEMANTIC_SCREEN,n930;n932,n931;n933
twentysecond_share,twentysecond_share:E0171,rtc_4ddae641713c4bdcadac02b175175cb0,e0d38259-6ee9-46dd-a4d7-f85a457f906b,2026-08-18 10:49:05.602954+00:00,BUSINESS_INSTITUTIONAL_SCREEN;UNIVERSAL_SEMANTIC_SCREEN,n938;n940,n939;n941
twentysecond_share,twentysecond_share:E0172,rtc_4ddae641713c4bdcadac02b175175cb0,e0d38259-6ee9-46dd-a4d7-f85a457f906b,2026-08-18 10:51:09.184858+00:00,UNIVERSAL_SEMANTIC_SCREEN,n958,n959
twentysecond_share,twentysecond_share:E0173,rtc_4ddae641713c4bdcadac02b175175cb0,e0d38259-6ee9-46dd-a4d7-f85a457f906b,2026-08-18 10:52:11.536322+00:00,UNIVERSAL_SEMANTIC_SCREEN,n981,n982
twentysecond_share,twentysecond_share:E0174,rtc_4ddae641713c4bdcadac02b175175cb0,e0d38259-6ee9-46dd-a4d7-f85a457f906b,2026-08-18 10:53:50.315236+00:00,BUSINESS_INSTITUTIONAL_SCREEN;UNIVERSAL_SEMANTIC_SCREEN,n991,n992
twentysecond_share,twentysecond_share:E0175,rtc_4ddae641713c4bdcadac02b175175cb0,e0d38259-6ee9-46dd-a4d7-f85a457f906b,2026-08-18 10:54:40.545557+00:00,BUSINESS_INSTITUTIONAL_SCREEN;UNIVERSAL_SEMANTIC_SCREEN,n995,n996;n997
twentysecond_share,twentysecond_share:E0176,rtc_4ddae641713c4bdcadac02b175175cb0,e0d38259-6ee9-46dd-a4d7-f85a457f906b,2026-08-18 10:55:03.227028+00:00,BUSINESS_INSTITUTIONAL_SCREEN,n998,n999
twentysecond_share,twentysecond_share:E0177,rtc_4ddae641713c4bdcadac02b175175cb0,e0d38259-6ee9-46dd-a4d7-f85a457f906b,2026-08-18 10:56:52.088632+00:00,BUSINESS_INSTITUTIONAL_SCREEN;UNIVERSAL_SEMANTIC_SCREEN,n1004,n1005;n1009
twentysecond_share,twentysecond_share:E0178,rtc_4ddae641713c4bdcadac02b175175cb0,e0d38259-6ee9-46dd-a4d7-f85a457f906b,2026-08-18 10:57:22.453356+00:00,BUSINESS_INSTITUTIONAL_SCREEN,n1012,n1013
twentysecond_share,twentysecond_share:E0179,rtc_4ddae641713c4bdcadac02b175175cb0,e0d38259-6ee9-46dd-a4d7-f85a457f906b,2026-08-18 10:57:54.188972+00:00,FROZEN_INFERENCE_OPPORTUNITY;UNIVERSAL_SEMANTIC_SCREEN,n1016,n1017
twentysecond_share,twentysecond_share:E0180,rtc_4ddae641713c4bdcadac02b175175cb0,e0d38259-6ee9-46dd-a4d7-f85a457f906b,2026-08-18 10:58:27.299688+00:00,FROZEN_INFERENCE_OPPORTUNITY,n1022,n1023
twentysecond_share,twentysecond_share:E0181,rtc_4ddae641713c4bdcadac02b175175cb0,e0d38259-6ee9-46dd-a4d7-f85a457f906b,2026-08-18 10:58:33.766064+00:00,UNIVERSAL_SEMANTIC_SCREEN,n1024,n1025
twentysecond_share,twentysecond_share:E0182,rtc_4ddae641713c4bdcadac02b175175cb0,e0d38259-6ee9-46dd-a4d7-f85a457f906b,2026-08-18 10:58:57.708143+00:00,UNIVERSAL_SEMANTIC_SCREEN,n1026,ABSENT
twentysecond_share,twentysecond_share:E0183,rtc_4ddae641713c4bdcadac02b175175cb0,e0d38259-6ee9-46dd-a4d7-f85a457f906b,2026-08-18 11:00:48.861140+00:00,BUSINESS_INSTITUTIONAL_SCREEN;UNIVERSAL_SEMANTIC_SCREEN,n1033;n1036,n1034;n1035;n1037
twentysecond_share,twentysecond_share:E0184,rtc_4ddae641713c4bdcadac02b175175cb0,e0d38259-6ee9-46dd-a4d7-f85a457f906b,2026-08-18 11:02:43.120768+00:00,BUSINESS_INSTITUTIONAL_SCREEN;UNIVERSAL_SEMANTIC_SCREEN,n1040,n1041;n1042
twentysecond_share,twentysecond_share:E0185,rtc_4ddae641713c4bdcadac02b175175cb0,e0d38259-6ee9-46dd-a4d7-f85a457f906b,2026-08-18 11:03:35.711390+00:00,BUSINESS_INSTITUTIONAL_SCREEN;UNIVERSAL_SEMANTIC_SCREEN,n1043,n1044
twentysecond_share,twentysecond_share:E0186,rtc_4ddae641713c4bdcadac02b175175cb0,e0d38259-6ee9-46dd-a4d7-f85a457f906b,2026-08-18 11:04:24.000181+00:00,BUSINESS_INSTITUTIONAL_SCREEN;UNIVERSAL_SEMANTIC_SCREEN,n1047,n1048
twentysecond_share,twentysecond_share:E0187,rtc_4ddae641713c4bdcadac02b175175cb0,e0d38259-6ee9-46dd-a4d7-f85a457f906b,2026-08-18 11:04:35.879715+00:00,BUSINESS_INSTITUTIONAL_SCREEN;UNIVERSAL_SEMANTIC_SCREEN,n1049,n1050
twentysecond_share,twentysecond_share:E0188,rtc_4ddae641713c4bdcadac02b175175cb0,e0d38259-6ee9-46dd-a4d7-f85a457f906b,2026-08-18 11:05:50.757343+00:00,BUSINESS_INSTITUTIONAL_SCREEN;FROZEN_INFERENCE_OPPORTUNITY;UNIVERSAL_SEMANTIC_SCREEN,n1053,n1054
twentysecond_share,twentysecond_share:E0189,rtc_4ddae641713c4bdcadac02b175175cb0,e0d38259-6ee9-46dd-a4d7-f85a457f906b,2026-08-18 11:07:08.354881+00:00,BUSINESS_INSTITUTIONAL_SCREEN;FROZEN_INFERENCE_OPPORTUNITY;UNIVERSAL_SEMANTIC_SCREEN,n1058;n1061;n1067,n1059;n1060;n1062;n1066
twentysecond_share,twentysecond_share:E0190,rtc_4ddae641713c4bdcadac02b175175cb0,e0d38259-6ee9-46dd-a4d7-f85a457f906b,2026-08-18 11:11:23.135532+00:00,BUSINESS_INSTITUTIONAL_SCREEN;UNIVERSAL_SEMANTIC_SCREEN,n1070,n1071;n1072
twentysecond_share,twentysecond_share:E0191,rtc_4ddae641713c4bdcadac02b175175cb0,e0d38259-6ee9-46dd-a4d7-f85a457f906b,2026-08-18 11:12:43.272446+00:00,BUSINESS_INSTITUTIONAL_SCREEN;UNIVERSAL_SEMANTIC_SCREEN,n1075,n1076
twentysecond_share,twentysecond_share:E0192,rtc_4ddae641713c4bdcadac02b175175cb0,e0d38259-6ee9-46dd-a4d7-f85a457f906b,2026-08-18 11:12:48.203087+00:00,BUSINESS_INSTITUTIONAL_SCREEN,n1078,n1079
twentysecond_share,twentysecond_share:E0193,rtc_4ddae641713c4bdcadac02b175175cb0,e0d38259-6ee9-46dd-a4d7-f85a457f906b,2026-08-18 11:13:16.384103+00:00,BUSINESS_INSTITUTIONAL_SCREEN;UNIVERSAL_SEMANTIC_SCREEN,n1080,n1081
twentysecond_share,twentysecond_share:E0194,rtc_4ddae641713c4bdcadac02b175175cb0,e0d38259-6ee9-46dd-a4d7-f85a457f906b,2026-08-18 11:13:36.533410+00:00,BUSINESS_INSTITUTIONAL_SCREEN,n1083,n1084
twentysecond_share,twentysecond_share:E0195,rtc_4ddae641713c4bdcadac02b175175cb0,e0d38259-6ee9-46dd-a4d7-f85a457f906b,2026-08-18 11:14:08.689092+00:00,BUSINESS_INSTITUTIONAL_SCREEN,n1086,n1087
twentysecond_share,twentysecond_share:E0196,rtc_4ddae641713c4bdcadac02b175175cb0,e0d38259-6ee9-46dd-a4d7-f85a457f906b,2026-08-18 11:14:12.791830+00:00,BUSINESS_INSTITUTIONAL_SCREEN;UNIVERSAL_SEMANTIC_SCREEN,n1089;n1091,n1090;n1092
twentysecond_share,twentysecond_share:E0197,rtc_4ddae641713c4bdcadac02b175175cb0,e0d38259-6ee9-46dd-a4d7-f85a457f906b,2026-08-18 11:14:30.167363+00:00,UNIVERSAL_SEMANTIC_SCREEN,n1093,ABSENT
twentysecond_share,twentysecond_share:E0198,rtc_4ddae641713c4bdcadac02b175175cb0,e0d38259-6ee9-46dd-a4d7-f85a457f906b,2026-08-18 11:15:21.078950+00:00,UNIVERSAL_SEMANTIC_SCREEN,n1105,n1112
twentysecond_share,twentysecond_share:E0199,rtc_4ddae641713c4bdcadac02b175175cb0,e0d38259-6ee9-46dd-a4d7-f85a457f906b,2026-08-18 11:15:38.671563+00:00,BUSINESS_INSTITUTIONAL_SCREEN;UNIVERSAL_SEMANTIC_SCREEN,n1113,n1114;n1118
twentysecond_share,twentysecond_share:E0200,rtc_4ddae641713c4bdcadac02b175175cb0,e0d38259-6ee9-46dd-a4d7-f85a457f906b,2026-08-18 11:16:15.245097+00:00,BUSINESS_INSTITUTIONAL_SCREEN;UNIVERSAL_SEMANTIC_SCREEN,n1119,n1120;n1126;n1127
twentysecond_share,twentysecond_share:E0201,rtc_4ddae641713c4bdcadac02b175175cb0,e0d38259-6ee9-46dd-a4d7-f85a457f906b,2026-08-18 11:16:31.943179+00:00,BUSINESS_INSTITUTIONAL_SCREEN;UNIVERSAL_SEMANTIC_SCREEN,n1128,n1129;n1131
twentysecond_share,twentysecond_share:E0202,rtc_4ddae641713c4bdcadac02b175175cb0,e0d38259-6ee9-46dd-a4d7-f85a457f906b,2026-08-18 11:18:10.669236+00:00,PRIMARY_REFUSAL_TO_INFER_EVENT,n1136,n1137
twentysecond_share,twentysecond_share:E0203,rtc_4ddae641713c4bdcadac02b175175cb0,e0d38259-6ee9-46dd-a4d7-f85a457f906b,2026-08-18 11:18:39.182598+00:00,UNIVERSAL_SEMANTIC_SCREEN,n1140,n1141
twentysecond_share,twentysecond_share:E0204,rtc_4ddae641713c4bdcadac02b175175cb0,e0d38259-6ee9-46dd-a4d7-f85a457f906b,2026-08-18 11:22:54.232190+00:00,UNIVERSAL_SEMANTIC_SCREEN,n1162,n1163
twentysecond_share,twentysecond_share:E0205,rtc_4ddae641713c4bdcadac02b175175cb0,e0d38259-6ee9-46dd-a4d7-f85a457f906b,2026-08-18 11:25:33.662540+00:00,UNIVERSAL_SEMANTIC_SCREEN,n1172,ABSENT
twentysecond_share,twentysecond_share:E0206,rtc_4ddae641713c4bdcadac02b175175cb0,e0d38259-6ee9-46dd-a4d7-f85a457f906b,2026-08-18 11:25:44.012956+00:00,BUSINESS_INSTITUTIONAL_SCREEN,n1175,n1176
twentysecond_share,twentysecond_share:E0207,rtc_4ddae641713c4bdcadac02b175175cb0,e0d38259-6ee9-46dd-a4d7-f85a457f906b,2026-08-18 11:25:48.342371+00:00,UNIVERSAL_SEMANTIC_SCREEN,n1177,n1178
twentysecond_share,twentysecond_share:E0208,rtc_4ddae641713c4bdcadac02b175175cb0,e0d38259-6ee9-46dd-a4d7-f85a457f906b,2026-08-18 11:26:00.403098+00:00,BUSINESS_INSTITUTIONAL_SCREEN,n1179,n1180
twentysecond_share,twentysecond_share:E0209,rtc_4ddae641713c4bdcadac02b175175cb0,e0d38259-6ee9-46dd-a4d7-f85a457f906b,2026-08-18 11:26:40.415724+00:00,BUSINESS_INSTITUTIONAL_SCREEN;FROZEN_INFERENCE_OPPORTUNITY;UNIVERSAL_SEMANTIC_SCREEN,n1185;n1188,n1186;n1189;n1191
twentysecond_share,twentysecond_share:E0210,rtc_4ddae641713c4bdcadac02b175175cb0,e0d38259-6ee9-46dd-a4d7-f85a457f906b,2026-08-18 11:28:47.046897+00:00,BUSINESS_INSTITUTIONAL_SCREEN,n1212,n1213
twentysecond_share,twentysecond_share:E0211,rtc_4ddae641713c4bdcadac02b175175cb0,e0d38259-6ee9-46dd-a4d7-f85a457f906b,2026-08-18 11:30:21.665938+00:00,BUSINESS_INSTITUTIONAL_SCREEN;UNIVERSAL_SEMANTIC_SCREEN,n1214,n1215
twentysecond_share,twentysecond_share:E0212,rtc_4ddae641713c4bdcadac02b175175cb0,e0d38259-6ee9-46dd-a4d7-f85a457f906b,2026-08-18 11:30:35.901984+00:00,BUSINESS_INSTITUTIONAL_SCREEN;FROZEN_INFERENCE_OPPORTUNITY;UNIVERSAL_SEMANTIC_SCREEN,n1217,n1218
twentysecond_share,twentysecond_share:E0213,rtc_4ddae641713c4bdcadac02b175175cb0,e0d38259-6ee9-46dd-a4d7-f85a457f906b,2026-08-18 11:31:05.504940+00:00,UNIVERSAL_SEMANTIC_SCREEN,n1222,n1223
twentysecond_share,twentysecond_share:E0214,rtc_4ddae641713c4bdcadac02b175175cb0,e0d38259-6ee9-46dd-a4d7-f85a457f906b,2026-08-18 11:33:49.435560+00:00,BUSINESS_INSTITUTIONAL_SCREEN;UNIVERSAL_SEMANTIC_SCREEN,n1238,n1239
twentysecond_share,twentysecond_share:E0215,rtc_4ddae641713c4bdcadac02b175175cb0,e0d38259-6ee9-46dd-a4d7-f85a457f906b,2026-08-18 11:34:29.306896+00:00,BUSINESS_INSTITUTIONAL_SCREEN;FROZEN_INFERENCE_OPPORTUNITY;UNIVERSAL_SEMANTIC_SCREEN,n1243;n1246;n1249;n1252,n1244;n1247;n1250;n1253
twentysecond_share,twentysecond_share:E0216,rtc_4ddae641713c4bdcadac02b175175cb0,e0d38259-6ee9-46dd-a4d7-f85a457f906b,2026-08-18 11:35:57.719654+00:00,UNIVERSAL_SEMANTIC_SCREEN,n1255,n1256
twentysecond_share,twentysecond_share:E0217,rtc_4ddae641713c4bdcadac02b175175cb0,e0d38259-6ee9-46dd-a4d7-f85a457f906b,2026-08-18 11:35:57.730474+00:00,UNIVERSAL_SEMANTIC_SCREEN,n1257,ABSENT
twentysecond_share,twentysecond_share:E0218,rtc_4ddae641713c4bdcadac02b175175cb0,e0d38259-6ee9-46dd-a4d7-f85a457f906b,2026-08-18 11:37:24.310131+00:00,BUSINESS_INSTITUTIONAL_SCREEN;FROZEN_INFERENCE_OPPORTUNITY;UNIVERSAL_SEMANTIC_SCREEN,n1267;n1269;n1271;n1273;n1277,n1268;n1270;n1272;n1274;n1278
twentysecond_share,twentysecond_share:E0219,rtc_4ddae641713c4bdcadac02b175175cb0,e0d38259-6ee9-46dd-a4d7-f85a457f906b,2026-08-18 11:39:20.546947+00:00,BUSINESS_INSTITUTIONAL_SCREEN;UNIVERSAL_SEMANTIC_SCREEN,n1281,n1282
twentysecond_share,twentysecond_share:E0220,rtc_4ddae641713c4bdcadac02b175175cb0,e0d38259-6ee9-46dd-a4d7-f85a457f906b,2026-08-18 11:40:04.950051+00:00,UNIVERSAL_SEMANTIC_SCREEN,n1292,n1293
twentysecond_share,twentysecond_share:E0221,rtc_4ddae641713c4bdcadac02b175175cb0,e0d38259-6ee9-46dd-a4d7-f85a457f906b,2026-08-18 11:40:45.294293+00:00,AGENCY_NEUTRAL_OPPORTUNITY;BUSINESS_INSTITUTIONAL_SCREEN;FROZEN_INFERENCE_OPPORTUNITY,n1298,n1299
twentysecond_share,twentysecond_share:E0222,rtc_4ddae641713c4bdcadac02b175175cb0,e0d38259-6ee9-46dd-a4d7-f85a457f906b,2026-08-18 11:41:02.286348+00:00,UNIVERSAL_SEMANTIC_SCREEN,n1300,n1301
twentysecond_share,twentysecond_share:E0223,rtc_4ddae641713c4bdcadac02b175175cb0,e0d38259-6ee9-46dd-a4d7-f85a457f906b,2026-08-18 11:41:30.052831+00:00,UNIVERSAL_SEMANTIC_SCREEN,n1304,n1305
twentysecond_share,twentysecond_share:E0224,rtc_4ddae641713c4bdcadac02b175175cb0,e0d38259-6ee9-46dd-a4d7-f85a457f906b,2026-08-18 11:41:38.135726+00:00,BUSINESS_INSTITUTIONAL_SCREEN,n1306,n1307
twentysecond_share,twentysecond_share:E0225,rtc_4ddae641713c4bdcadac02b175175cb0,e0d38259-6ee9-46dd-a4d7-f85a457f906b,2026-08-18 11:42:00.881345+00:00,UNIVERSAL_SEMANTIC_SCREEN,n1312,n1313
twentysecond_share,twentysecond_share:E0226,rtc_4ddae641713c4bdcadac02b175175cb0,e0d38259-6ee9-46dd-a4d7-f85a457f906b,2026-08-18 11:43:10.864847+00:00,BUSINESS_INSTITUTIONAL_SCREEN;UNIVERSAL_SEMANTIC_SCREEN,n1318,n1319
twentysecond_share,twentysecond_share:E0227,rtc_4ddae641713c4bdcadac02b175175cb0,e0d38259-6ee9-46dd-a4d7-f85a457f906b,2026-08-18 11:43:30.639884+00:00,BUSINESS_INSTITUTIONAL_SCREEN,n1323,n1324
twentysecond_share,twentysecond_share:E0228,rtc_4ddae641713c4bdcadac02b175175cb0,e0d38259-6ee9-46dd-a4d7-f85a457f906b,2026-08-18 11:43:45.620288+00:00,BUSINESS_INSTITUTIONAL_SCREEN,n1325,n1326
twentysecond_share,twentysecond_share:E0229,rtc_4ddae641713c4bdcadac02b175175cb0,e0d38259-6ee9-46dd-a4d7-f85a457f906b,2026-08-18 11:44:01.839771+00:00,BUSINESS_INSTITUTIONAL_SCREEN,n1335,n1336
twentysecond_share,twentysecond_share:E0230,rtc_4ddae641713c4bdcadac02b175175cb0,e0d38259-6ee9-46dd-a4d7-f85a457f906b,2026-08-18 11:44:47.984490+00:00,BUSINESS_INSTITUTIONAL_SCREEN;FROZEN_INFERENCE_OPPORTUNITY;UNIVERSAL_SEMANTIC_SCREEN,n1337;n1342,n1338;n1341;n1343
twentysecond_share,twentysecond_share:E0232,rtc_4ddae641713c4bdcadac02b175175cb0,e0d38259-6ee9-46dd-a4d7-f85a457f906b,2026-08-18 11:45:57.336040+00:00,BUSINESS_INSTITUTIONAL_SCREEN,n1346,n1347
twentysecond_share,twentysecond_share:E0231,rtc_4ddae641713c4bdcadac02b175175cb0,e0d38259-6ee9-46dd-a4d7-f85a457f906b,2026-08-18 11:45:58.758417+00:00,BUSINESS_INSTITUTIONAL_SCREEN;UNIVERSAL_SEMANTIC_SCREEN,n1344,n1345
twentysecond_share,twentysecond_share:E0233,rtc_4ddae641713c4bdcadac02b175175cb0,e0d38259-6ee9-46dd-a4d7-f85a457f906b,2026-08-18 11:46:29.898771+00:00,UNIVERSAL_SEMANTIC_SCREEN,n1350,n1351
twentysecond_share,twentysecond_share:E0234,rtc_4ddae641713c4bdcadac02b175175cb0,e0d38259-6ee9-46dd-a4d7-f85a457f906b,2026-08-18 11:46:52.017965+00:00,BUSINESS_INSTITUTIONAL_SCREEN;CONFIRMED_CRITIQUE_BEFORE_COMPLETE_READING;FROZEN_INFERENCE_OPPORTUNITY;UNIVERSAL_SEMANTIC_SCREEN,n1352;n1354;n1356;n1358;n1360;n1362;n1365;n1371;n1373;n1376;n1379;n1381;n1384;n1386;n1388;n1390;n1393;n1396;n1398;n1400;n1402;n1404;n1406;n1408;n1410;n1412;n1414;n1416;n1418;n1420;n1422;n1424;n1426;n1428;n1430;n1432;n1434;n1436;n1438;n1440;n1442;n1444;n1447;n1449;n1451;n1453;n1455;n1457;n1465,n1353;n1357;n1359;n1361;n1363;n1366;n1370;n1372;n1374;n1377;n1380;n1382;n1385;n1387;n1389;n1391;n1392;n1394;n1397;n1399;n1401;n1403;n1405;n1407;n1409;n1411;n1413;n1415;n1417;n1419;n1421;n1423;n1425;n1427;n1429;n1431;n1433;n1435;n1437;n1439;n1441;n1443;n1445;n1448;n1450;n1452;n1454;n1456;n1458;n1464
twentythird_share,twentythird_share:E0001,rtc_4afb8c71de7044a3a7ce60cf5727910f,d8664c19-052c-4290-acac-c4c12170230f,2026-08-18 19:02:29.807877+00:00,BUSINESS_INSTITUTIONAL_SCREEN;UNIVERSAL_SEMANTIC_SCREEN,n34,n35;n36
twentythird_share,twentythird_share:E0002,rtc_4afb8c71de7044a3a7ce60cf5727910f,d8664c19-052c-4290-acac-c4c12170230f,2026-08-18 19:03:51.078221+00:00,BUSINESS_INSTITUTIONAL_SCREEN;UNIVERSAL_SEMANTIC_SCREEN,n47,n48
twentythird_share,twentythird_share:E0003,rtc_4afb8c71de7044a3a7ce60cf5727910f,d8664c19-052c-4290-acac-c4c12170230f,2026-08-18 19:04:03.565822+00:00,BUSINESS_INSTITUTIONAL_SCREEN;UNIVERSAL_SEMANTIC_SCREEN,n50,n51
twentythird_share,twentythird_share:E0004,rtc_4afb8c71de7044a3a7ce60cf5727910f,d8664c19-052c-4290-acac-c4c12170230f,2026-08-18 19:05:11.623600+00:00,BUSINESS_INSTITUTIONAL_SCREEN,n57,n58
twentythird_share,twentythird_share:E0005,rtc_4afb8c71de7044a3a7ce60cf5727910f,d8664c19-052c-4290-acac-c4c12170230f,2026-08-18 19:05:24.545419+00:00,BUSINESS_INSTITUTIONAL_SCREEN;UNIVERSAL_SEMANTIC_SCREEN,n62,n63
twentythird_share,twentythird_share:E0006,rtc_4afb8c71de7044a3a7ce60cf5727910f,d8664c19-052c-4290-acac-c4c12170230f,2026-08-18 19:06:45.630969+00:00,BUSINESS_INSTITUTIONAL_SCREEN,n70,n71
twentythird_share,twentythird_share:E0007,rtc_4afb8c71de7044a3a7ce60cf5727910f,d8664c19-052c-4290-acac-c4c12170230f,2026-08-18 19:07:22.689308+00:00,BUSINESS_INSTITUTIONAL_SCREEN;UNIVERSAL_SEMANTIC_SCREEN,n72,n73
twentythird_share,twentythird_share:E0008,rtc_4afb8c71de7044a3a7ce60cf5727910f,d8664c19-052c-4290-acac-c4c12170230f,2026-08-18 19:07:59.672076+00:00,BUSINESS_INSTITUTIONAL_SCREEN,n74,n75
twentythird_share,twentythird_share:E0009,rtc_4afb8c71de7044a3a7ce60cf5727910f,d8664c19-052c-4290-acac-c4c12170230f,2026-08-18 19:08:07.362485+00:00,BUSINESS_INSTITUTIONAL_SCREEN;UNIVERSAL_SEMANTIC_SCREEN,n77,n78
twentythird_share,twentythird_share:E0010,rtc_4afb8c71de7044a3a7ce60cf5727910f,d8664c19-052c-4290-acac-c4c12170230f,2026-08-18 19:09:20.658593+00:00,UNIVERSAL_SEMANTIC_SCREEN,n89,n91
twentythird_share,twentythird_share:E0011,rtc_4afb8c71de7044a3a7ce60cf5727910f,d8664c19-052c-4290-acac-c4c12170230f,2026-08-18 19:09:33.119827+00:00,UNIVERSAL_SEMANTIC_SCREEN,n92,n93
twentythird_share,twentythird_share:E0012,rtc_4afb8c71de7044a3a7ce60cf5727910f,d8664c19-052c-4290-acac-c4c12170230f,2026-08-18 19:09:53.912644+00:00,UNIVERSAL_SEMANTIC_SCREEN,n94,n95
twentythird_share,twentythird_share:E0013,rtc_4afb8c71de7044a3a7ce60cf5727910f,d8664c19-052c-4290-acac-c4c12170230f,2026-08-18 19:10:12.566884+00:00,UNIVERSAL_SEMANTIC_SCREEN,n96,n97
twentythird_share,twentythird_share:E0014,rtc_4afb8c71de7044a3a7ce60cf5727910f,d8664c19-052c-4290-acac-c4c12170230f,2026-08-18 19:10:31.384758+00:00,UNIVERSAL_SEMANTIC_SCREEN,n98,n99
twentythird_share,twentythird_share:E0015,rtc_4afb8c71de7044a3a7ce60cf5727910f,d8664c19-052c-4290-acac-c4c12170230f,2026-08-18 19:10:44.909153+00:00,BUSINESS_INSTITUTIONAL_SCREEN;FROZEN_INFERENCE_OPPORTUNITY;UNIVERSAL_SEMANTIC_SCREEN,n100,n101;n105;n107;n109
twentythird_share,twentythird_share:E0016,rtc_4afb8c71de7044a3a7ce60cf5727910f,d8664c19-052c-4290-acac-c4c12170230f,2026-08-18 19:11:45.923654+00:00,UNIVERSAL_SEMANTIC_SCREEN,n112,ABSENT
twentythird_share,twentythird_share:E0017,rtc_4afb8c71de7044a3a7ce60cf5727910f,d8664c19-052c-4290-acac-c4c12170230f,2026-08-18 19:12:16.746375+00:00,BUSINESS_INSTITUTIONAL_SCREEN;UNIVERSAL_SEMANTIC_SCREEN,n114,n115
twentythird_share,twentythird_share:E0018,rtc_4afb8c71de7044a3a7ce60cf5727910f,d8664c19-052c-4290-acac-c4c12170230f,2026-08-18 19:15:31.883793+00:00,BUSINESS_INSTITUTIONAL_SCREEN,n132,n133
twentythird_share,twentythird_share:E0019,rtc_4afb8c71de7044a3a7ce60cf5727910f,d8664c19-052c-4290-acac-c4c12170230f,2026-08-18 19:15:34.794586+00:00,UNIVERSAL_SEMANTIC_SCREEN,n135,n136
twentythird_share,twentythird_share:E0020,rtc_4afb8c71de7044a3a7ce60cf5727910f,d8664c19-052c-4290-acac-c4c12170230f,2026-08-18 19:16:53.716346+00:00,BUSINESS_INSTITUTIONAL_SCREEN;UNIVERSAL_SEMANTIC_SCREEN,n137,n138
twentythird_share,twentythird_share:E0021,rtc_4afb8c71de7044a3a7ce60cf5727910f,d8664c19-052c-4290-acac-c4c12170230f,2026-08-18 19:17:21.308195+00:00,BUSINESS_INSTITUTIONAL_SCREEN,n140,n141
twentythird_share,twentythird_share:E0022,rtc_4afb8c71de7044a3a7ce60cf5727910f,d8664c19-052c-4290-acac-c4c12170230f,2026-08-18 19:18:40.304935+00:00,UNIVERSAL_SEMANTIC_SCREEN,n145,n146;n147
twentythird_share,twentythird_share:E0023,rtc_4afb8c71de7044a3a7ce60cf5727910f,d8664c19-052c-4290-acac-c4c12170230f,2026-08-18 19:19:49.123136+00:00,UNIVERSAL_SEMANTIC_SCREEN,n150,n151;n152
twentythird_share,twentythird_share:E0024,rtc_4afb8c71de7044a3a7ce60cf5727910f,d8664c19-052c-4290-acac-c4c12170230f,2026-08-18 19:20:24.390781+00:00,FROZEN_INFERENCE_OPPORTUNITY,n156,n157
twentythird_share,twentythird_share:E0025,rtc_4afb8c71de7044a3a7ce60cf5727910f,d8664c19-052c-4290-acac-c4c12170230f,2026-08-18 19:21:30.261406+00:00,BUSINESS_INSTITUTIONAL_SCREEN,n166,n167
twentythird_share,twentythird_share:E0026,rtc_4afb8c71de7044a3a7ce60cf5727910f,d8664c19-052c-4290-acac-c4c12170230f,2026-08-18 19:21:33.321944+00:00,UNIVERSAL_SEMANTIC_SCREEN,n169,n170;n171
twentythird_share,twentythird_share:E0027,rtc_4afb8c71de7044a3a7ce60cf5727910f,d8664c19-052c-4290-acac-c4c12170230f,2026-08-18 19:21:59.985052+00:00,BUSINESS_INSTITUTIONAL_SCREEN,n172,n173
twentythird_share,twentythird_share:E0028,rtc_4afb8c71de7044a3a7ce60cf5727910f,d8664c19-052c-4290-acac-c4c12170230f,2026-08-18 19:22:40.778804+00:00,UNIVERSAL_SEMANTIC_SCREEN,n179,n180
twentythird_share,twentythird_share:E0029,rtc_4afb8c71de7044a3a7ce60cf5727910f,d8664c19-052c-4290-acac-c4c12170230f,2026-08-18 19:23:06.486257+00:00,UNIVERSAL_SEMANTIC_SCREEN,n181,n182
twentythird_share,twentythird_share:E0030,rtc_4afb8c71de7044a3a7ce60cf5727910f,d8664c19-052c-4290-acac-c4c12170230f,2026-08-18 19:24:08.516100+00:00,BUSINESS_INSTITUTIONAL_SCREEN,n189,n190
twentythird_share,twentythird_share:E0031,rtc_4afb8c71de7044a3a7ce60cf5727910f,d8664c19-052c-4290-acac-c4c12170230f,2026-08-18 19:25:46.451260+00:00,BUSINESS_INSTITUTIONAL_SCREEN;UNIVERSAL_SEMANTIC_SCREEN,n199,n200
twentythird_share,twentythird_share:E0032,rtc_4afb8c71de7044a3a7ce60cf5727910f,d8664c19-052c-4290-acac-c4c12170230f,2026-08-18 19:27:03.932982+00:00,BUSINESS_INSTITUTIONAL_SCREEN,n210,n211
twentythird_share,twentythird_share:E0033,rtc_4afb8c71de7044a3a7ce60cf5727910f,d8664c19-052c-4290-acac-c4c12170230f,2026-08-18 19:28:27.768859+00:00,BUSINESS_INSTITUTIONAL_SCREEN,n221,n222
twentythird_share,twentythird_share:E0034,rtc_4afb8c71de7044a3a7ce60cf5727910f,d8664c19-052c-4290-acac-c4c12170230f,2026-08-18 19:29:27.622772+00:00,BUSINESS_INSTITUTIONAL_SCREEN,n230,n231
twentythird_share,twentythird_share:E0035,rtc_4afb8c71de7044a3a7ce60cf5727910f,d8664c19-052c-4290-acac-c4c12170230f,2026-08-18 19:29:33.933294+00:00,BUSINESS_INSTITUTIONAL_SCREEN,n233,n234;n235
twentythird_share,twentythird_share:E0036,rtc_4afb8c71de7044a3a7ce60cf5727910f,d8664c19-052c-4290-acac-c4c12170230f,2026-08-18 19:30:31.038661+00:00,BUSINESS_INSTITUTIONAL_SCREEN,n236,n237
twentythird_share,twentythird_share:E0037,rtc_4afb8c71de7044a3a7ce60cf5727910f,d8664c19-052c-4290-acac-c4c12170230f,2026-08-18 19:31:00.598765+00:00,BUSINESS_INSTITUTIONAL_SCREEN,n241,n242
twentythird_share,twentythird_share:E0038,rtc_4afb8c71de7044a3a7ce60cf5727910f,d8664c19-052c-4290-acac-c4c12170230f,2026-08-18 19:31:13.938961+00:00,BUSINESS_INSTITUTIONAL_SCREEN,n244,n245
twentythird_share,twentythird_share:E0039,rtc_4afb8c71de7044a3a7ce60cf5727910f,d8664c19-052c-4290-acac-c4c12170230f,2026-08-18 19:32:58.951445+00:00,BUSINESS_INSTITUTIONAL_SCREEN,n255,n256
twentythird_share,twentythird_share:E0040,rtc_4afb8c71de7044a3a7ce60cf5727910f,d8664c19-052c-4290-acac-c4c12170230f,2026-08-18 19:33:11.025961+00:00,BUSINESS_INSTITUTIONAL_SCREEN,n258,n259
twentythird_share,twentythird_share:E0041,rtc_4afb8c71de7044a3a7ce60cf5727910f,d8664c19-052c-4290-acac-c4c12170230f,2026-08-18 19:33:26.168029+00:00,UNIVERSAL_SEMANTIC_SCREEN,n263,n264
twentythird_share,twentythird_share:E0042,rtc_4afb8c71de7044a3a7ce60cf5727910f,d8664c19-052c-4290-acac-c4c12170230f,2026-08-18 19:33:33.478802+00:00,UNIVERSAL_SEMANTIC_SCREEN,n265,n266
twentythird_share,twentythird_share:E0043,rtc_4afb8c71de7044a3a7ce60cf5727910f,d8664c19-052c-4290-acac-c4c12170230f,2026-08-18 19:34:00.337676+00:00,BUSINESS_INSTITUTIONAL_SCREEN;UNIVERSAL_SEMANTIC_SCREEN,n267,n268
twentythird_share,twentythird_share:E0044,rtc_4afb8c71de7044a3a7ce60cf5727910f,d8664c19-052c-4290-acac-c4c12170230f,2026-08-18 19:34:40.305779+00:00,BUSINESS_INSTITUTIONAL_SCREEN,n271,n272
twentythird_share,twentythird_share:E0045,rtc_4afb8c71de7044a3a7ce60cf5727910f,d8664c19-052c-4290-acac-c4c12170230f,2026-08-18 19:34:52.545044+00:00,BUSINESS_INSTITUTIONAL_SCREEN,n274,n275
twentythird_share,twentythird_share:E0046,rtc_4afb8c71de7044a3a7ce60cf5727910f,d8664c19-052c-4290-acac-c4c12170230f,2026-08-18 19:35:26.604649+00:00,BUSINESS_INSTITUTIONAL_SCREEN;UNIVERSAL_SEMANTIC_SCREEN,n277;n280,n278
twentythird_share,twentythird_share:E0047,rtc_4afb8c71de7044a3a7ce60cf5727910f,d8664c19-052c-4290-acac-c4c12170230f,2026-08-18 19:35:36.904199+00:00,BUSINESS_INSTITUTIONAL_SCREEN,n283,n284
twentythird_share,twentythird_share:E0048,rtc_4afb8c71de7044a3a7ce60cf5727910f,d8664c19-052c-4290-acac-c4c12170230f,2026-08-18 19:37:22.460491+00:00,BUSINESS_INSTITUTIONAL_SCREEN;UNIVERSAL_SEMANTIC_SCREEN,n293,n294
twentythird_share,twentythird_share:E0049,rtc_4afb8c71de7044a3a7ce60cf5727910f,d8664c19-052c-4290-acac-c4c12170230f,2026-08-18 19:37:33.699298+00:00,BUSINESS_INSTITUTIONAL_SCREEN,n296,n297
twentythird_share,twentythird_share:E0050,rtc_4afb8c71de7044a3a7ce60cf5727910f,d8664c19-052c-4290-acac-c4c12170230f,2026-08-18 19:37:49.282746+00:00,UNIVERSAL_SEMANTIC_SCREEN,n301,n302
twentythird_share,twentythird_share:E0051,rtc_4afb8c71de7044a3a7ce60cf5727910f,d8664c19-052c-4290-acac-c4c12170230f,2026-08-18 19:38:08.504227+00:00,BUSINESS_INSTITUTIONAL_SCREEN,n303,n304;n305;n306
twentythird_share,twentythird_share:E0052,rtc_4afb8c71de7044a3a7ce60cf5727910f,d8664c19-052c-4290-acac-c4c12170230f,2026-08-18 19:39:08.706849+00:00,BUSINESS_INSTITUTIONAL_SCREEN;UNIVERSAL_SEMANTIC_SCREEN,n311,n312
twentythird_share,twentythird_share:E0053,rtc_4afb8c71de7044a3a7ce60cf5727910f,d8664c19-052c-4290-acac-c4c12170230f,2026-08-18 19:39:35.610376+00:00,UNIVERSAL_SEMANTIC_SCREEN,n317,n318
twentythird_share,twentythird_share:E0054,rtc_4afb8c71de7044a3a7ce60cf5727910f,d8664c19-052c-4290-acac-c4c12170230f,2026-08-18 19:40:04.751408+00:00,UNIVERSAL_SEMANTIC_SCREEN,n321,n322
twentythird_share,twentythird_share:E0055,rtc_4afb8c71de7044a3a7ce60cf5727910f,d8664c19-052c-4290-acac-c4c12170230f,2026-08-18 19:40:19.036397+00:00,BUSINESS_INSTITUTIONAL_SCREEN,n323,n324
twentythird_share,twentythird_share:E0056,rtc_4afb8c71de7044a3a7ce60cf5727910f,d8664c19-052c-4290-acac-c4c12170230f,2026-08-18 19:40:43.783553+00:00,BUSINESS_INSTITUTIONAL_SCREEN,n325,n326
twentythird_share,twentythird_share:E0057,rtc_4afb8c71de7044a3a7ce60cf5727910f,d8664c19-052c-4290-acac-c4c12170230f,2026-08-18 19:40:58.286540+00:00,BUSINESS_INSTITUTIONAL_SCREEN,n331,n332
twentythird_share,twentythird_share:E0058,rtc_4afb8c71de7044a3a7ce60cf5727910f,d8664c19-052c-4290-acac-c4c12170230f,2026-08-18 19:41:00.216478+00:00,BUSINESS_INSTITUTIONAL_SCREEN;UNIVERSAL_SEMANTIC_SCREEN,n334,n335
twentythird_share,twentythird_share:E0060,rtc_4afb8c71de7044a3a7ce60cf5727910f,d8664c19-052c-4290-acac-c4c12170230f,2026-08-18 19:41:17.546025+00:00,BUSINESS_INSTITUTIONAL_SCREEN,n341,n342
twentythird_share,twentythird_share:E0059,rtc_4afb8c71de7044a3a7ce60cf5727910f,d8664c19-052c-4290-acac-c4c12170230f,2026-08-18 19:41:27.073240+00:00,BUSINESS_INSTITUTIONAL_SCREEN;UNIVERSAL_SEMANTIC_SCREEN,n336,n337
twentythird_share,twentythird_share:E0061,rtc_4afb8c71de7044a3a7ce60cf5727910f,d8664c19-052c-4290-acac-c4c12170230f,2026-08-18 19:41:47.736191+00:00,BUSINESS_INSTITUTIONAL_SCREEN,n346,n347
twentythird_share,twentythird_share:E0062,rtc_4afb8c71de7044a3a7ce60cf5727910f,d8664c19-052c-4290-acac-c4c12170230f,2026-08-18 19:42:21.324236+00:00,BUSINESS_INSTITUTIONAL_SCREEN,n348,n349
twentythird_share,twentythird_share:E0063,rtc_4afb8c71de7044a3a7ce60cf5727910f,d8664c19-052c-4290-acac-c4c12170230f,2026-08-18 19:42:44.849797+00:00,UNIVERSAL_SEMANTIC_SCREEN,n357,n358
twentythird_share,twentythird_share:E0064,rtc_4afb8c71de7044a3a7ce60cf5727910f,d8664c19-052c-4290-acac-c4c12170230f,2026-08-18 19:43:19.639627+00:00,UNIVERSAL_SEMANTIC_SCREEN,n367,n368
twentythird_share,twentythird_share:E0065,rtc_4afb8c71de7044a3a7ce60cf5727910f,d8664c19-052c-4290-acac-c4c12170230f,2026-08-18 19:43:48.593598+00:00,BUSINESS_INSTITUTIONAL_SCREEN,n373,n374
twentythird_share,twentythird_share:E0066,rtc_4afb8c71de7044a3a7ce60cf5727910f,d8664c19-052c-4290-acac-c4c12170230f,2026-08-18 19:43:55.444078+00:00,BUSINESS_INSTITUTIONAL_SCREEN;UNIVERSAL_SEMANTIC_SCREEN,n376,n377
twentythird_share,twentythird_share:E0067,rtc_4afb8c71de7044a3a7ce60cf5727910f,d8664c19-052c-4290-acac-c4c12170230f,2026-08-18 19:44:29.759067+00:00,BUSINESS_INSTITUTIONAL_SCREEN;UNIVERSAL_SEMANTIC_SCREEN,n381;n384,n382;n385
twentythird_share,twentythird_share:E0068,rtc_4afb8c71de7044a3a7ce60cf5727910f,d8664c19-052c-4290-acac-c4c12170230f,2026-08-18 19:44:53.256066+00:00,UNIVERSAL_SEMANTIC_SCREEN,n391,n392
twentythird_share,twentythird_share:E0069,rtc_4afb8c71de7044a3a7ce60cf5727910f,d8664c19-052c-4290-acac-c4c12170230f,2026-08-18 19:45:04.950578+00:00,BUSINESS_INSTITUTIONAL_SCREEN,n393,n394
twentythird_share,twentythird_share:E0070,rtc_4afb8c71de7044a3a7ce60cf5727910f,d8664c19-052c-4290-acac-c4c12170230f,2026-08-18 19:45:24.157120+00:00,BUSINESS_INSTITUTIONAL_SCREEN,n398,n399
twentythird_share,twentythird_share:E0071,rtc_4afb8c71de7044a3a7ce60cf5727910f,d8664c19-052c-4290-acac-c4c12170230f,2026-08-18 19:46:29.583171+00:00,BUSINESS_INSTITUTIONAL_SCREEN;UNIVERSAL_SEMANTIC_SCREEN,n405,n406
twentythird_share,twentythird_share:E0072,rtc_4afb8c71de7044a3a7ce60cf5727910f,d8664c19-052c-4290-acac-c4c12170230f,2026-08-18 19:47:37.541391+00:00,BUSINESS_INSTITUTIONAL_SCREEN,n412,n413
twentythird_share,twentythird_share:E0073,rtc_4afb8c71de7044a3a7ce60cf5727910f,d8664c19-052c-4290-acac-c4c12170230f,2026-08-18 19:48:39.059841+00:00,BUSINESS_INSTITUTIONAL_SCREEN,n421,n422;n423
twentythird_share,twentythird_share:E0074,rtc_4afb8c71de7044a3a7ce60cf5727910f,d8664c19-052c-4290-acac-c4c12170230f,2026-08-18 19:48:52.358648+00:00,BUSINESS_INSTITUTIONAL_SCREEN,n424,n425
twentythird_share,twentythird_share:E0075,rtc_4afb8c71de7044a3a7ce60cf5727910f,d8664c19-052c-4290-acac-c4c12170230f,2026-08-18 19:49:05.005926+00:00,BUSINESS_INSTITUTIONAL_SCREEN,n427,n428
twentythird_share,twentythird_share:E0076,rtc_4afb8c71de7044a3a7ce60cf5727910f,d8664c19-052c-4290-acac-c4c12170230f,2026-08-18 19:49:19.052440+00:00,BUSINESS_INSTITUTIONAL_SCREEN,n433,n434
twentythird_share,twentythird_share:E0077,rtc_4afb8c71de7044a3a7ce60cf5727910f,d8664c19-052c-4290-acac-c4c12170230f,2026-08-18 19:49:47.010887+00:00,BUSINESS_INSTITUTIONAL_SCREEN,n437,n438
twentythird_share,twentythird_share:E0078,rtc_4afb8c71de7044a3a7ce60cf5727910f,d8664c19-052c-4290-acac-c4c12170230f,2026-08-18 19:49:49.830984+00:00,BUSINESS_INSTITUTIONAL_SCREEN;UNIVERSAL_SEMANTIC_SCREEN,n440,n441
twentythird_share,twentythird_share:E0079,rtc_4afb8c71de7044a3a7ce60cf5727910f,d8664c19-052c-4290-acac-c4c12170230f,2026-08-18 19:50:11.341451+00:00,UNIVERSAL_SEMANTIC_SCREEN,n444,n445
twentythird_share,twentythird_share:E0080,rtc_4afb8c71de7044a3a7ce60cf5727910f,d8664c19-052c-4290-acac-c4c12170230f,2026-08-18 19:50:20.888745+00:00,UNIVERSAL_SEMANTIC_SCREEN,n446,n447
twentythird_share,twentythird_share:E0081,rtc_4afb8c71de7044a3a7ce60cf5727910f,d8664c19-052c-4290-acac-c4c12170230f,2026-08-18 19:51:04.903960+00:00,BUSINESS_INSTITUTIONAL_SCREEN,n448,n449;n451
twentythird_share,twentythird_share:E0082,rtc_4afb8c71de7044a3a7ce60cf5727910f,d8664c19-052c-4290-acac-c4c12170230f,2026-08-18 19:51:14.757021+00:00,BUSINESS_INSTITUTIONAL_SCREEN,n454,n455
twentythird_share,twentythird_share:E0083,rtc_4afb8c71de7044a3a7ce60cf5727910f,d8664c19-052c-4290-acac-c4c12170230f,2026-08-18 19:53:17.491230+00:00,BUSINESS_INSTITUTIONAL_SCREEN,n456,n457
twentythird_share,twentythird_share:E0084,rtc_4afb8c71de7044a3a7ce60cf5727910f,d8664c19-052c-4290-acac-c4c12170230f,2026-08-18 19:53:59.488966+00:00,BUSINESS_INSTITUTIONAL_SCREEN,n461,n462
twentythird_share,twentythird_share:E0085,rtc_4afb8c71de7044a3a7ce60cf5727910f,d8664c19-052c-4290-acac-c4c12170230f,2026-08-18 19:54:20.982292+00:00,BUSINESS_INSTITUTIONAL_SCREEN,n466,n467
twentythird_share,twentythird_share:E0086,rtc_4afb8c71de7044a3a7ce60cf5727910f,d8664c19-052c-4290-acac-c4c12170230f,2026-08-18 19:54:24.344848+00:00,BUSINESS_INSTITUTIONAL_SCREEN,n469,n470
twentythird_share,twentythird_share:E0087,rtc_4afb8c71de7044a3a7ce60cf5727910f,d8664c19-052c-4290-acac-c4c12170230f,2026-08-18 19:55:02.411598+00:00,BUSINESS_INSTITUTIONAL_SCREEN,n474,n475
twentythird_share,twentythird_share:E0088,rtc_4afb8c71de7044a3a7ce60cf5727910f,d8664c19-052c-4290-acac-c4c12170230f,2026-08-18 19:55:54.268597+00:00,BUSINESS_INSTITUTIONAL_SCREEN,n477,n478
twentythird_share,twentythird_share:E0089,rtc_4afb8c71de7044a3a7ce60cf5727910f,d8664c19-052c-4290-acac-c4c12170230f,2026-08-18 19:56:19.109724+00:00,BUSINESS_INSTITUTIONAL_SCREEN;UNIVERSAL_SEMANTIC_SCREEN,n480,n481
twentythird_share,twentythird_share:E0090,rtc_4afb8c71de7044a3a7ce60cf5727910f,d8664c19-052c-4290-acac-c4c12170230f,2026-08-18 19:56:21.928302+00:00,BUSINESS_INSTITUTIONAL_SCREEN;UNIVERSAL_SEMANTIC_SCREEN,n483,n484
twentythird_share,twentythird_share:E0091,rtc_4afb8c71de7044a3a7ce60cf5727910f,d8664c19-052c-4290-acac-c4c12170230f,2026-08-18 19:57:10.544030+00:00,BUSINESS_INSTITUTIONAL_SCREEN,n491,n492
twentythird_share,twentythird_share:E0092,rtc_4afb8c71de7044a3a7ce60cf5727910f,d8664c19-052c-4290-acac-c4c12170230f,2026-08-18 19:57:51.124135+00:00,BUSINESS_INSTITUTIONAL_SCREEN;UNIVERSAL_SEMANTIC_SCREEN,n493,n494
twentythird_share,twentythird_share:E0093,rtc_4afb8c71de7044a3a7ce60cf5727910f,d8664c19-052c-4290-acac-c4c12170230f,2026-08-18 19:57:54.700092+00:00,BUSINESS_INSTITUTIONAL_SCREEN,n496,n497
twentythird_share,twentythird_share:E0094,rtc_4afb8c71de7044a3a7ce60cf5727910f,d8664c19-052c-4290-acac-c4c12170230f,2026-08-18 20:05:16.724807+00:00,BUSINESS_INSTITUTIONAL_SCREEN;UNIVERSAL_SEMANTIC_SCREEN,n498,n499
twentythird_share,twentythird_share:E0095,rtc_4afb8c71de7044a3a7ce60cf5727910f,d8664c19-052c-4290-acac-c4c12170230f,2026-08-18 20:05:19.692329+00:00,UNIVERSAL_SEMANTIC_SCREEN,n501,n502
twentythird_share,twentythird_share:E0096,rtc_4afb8c71de7044a3a7ce60cf5727910f,d8664c19-052c-4290-acac-c4c12170230f,2026-08-18 20:06:51.143060+00:00,BUSINESS_INSTITUTIONAL_SCREEN,n507,n508
twentythird_share,twentythird_share:E0097,rtc_4afb8c71de7044a3a7ce60cf5727910f,d8664c19-052c-4290-acac-c4c12170230f,2026-08-18 20:07:05.464979+00:00,UNIVERSAL_SEMANTIC_SCREEN,n509,n510
twentythird_share,twentythird_share:E0098,rtc_4afb8c71de7044a3a7ce60cf5727910f,d8664c19-052c-4290-acac-c4c12170230f,2026-08-18 20:07:14.390177+00:00,UNIVERSAL_SEMANTIC_SCREEN,n511,n512
twentythird_share,twentythird_share:E0099,rtc_4afb8c71de7044a3a7ce60cf5727910f,d8664c19-052c-4290-acac-c4c12170230f,2026-08-18 20:07:26.147908+00:00,BUSINESS_INSTITUTIONAL_SCREEN;UNIVERSAL_SEMANTIC_SCREEN,n513,n514
twentythird_share,twentythird_share:E0100,rtc_4afb8c71de7044a3a7ce60cf5727910f,d8664c19-052c-4290-acac-c4c12170230f,2026-08-18 20:08:26.385471+00:00,BUSINESS_INSTITUTIONAL_SCREEN;UNIVERSAL_SEMANTIC_SCREEN,n517,n518
twentythird_share,twentythird_share:E0101,rtc_4afb8c71de7044a3a7ce60cf5727910f,d8664c19-052c-4290-acac-c4c12170230f,2026-08-18 20:09:18.050645+00:00,BUSINESS_INSTITUTIONAL_SCREEN,n528,n529
twentythird_share,twentythird_share:E0102,rtc_4afb8c71de7044a3a7ce60cf5727910f,d8664c19-052c-4290-acac-c4c12170230f,2026-08-18 20:09:25.467795+00:00,BUSINESS_INSTITUTIONAL_SCREEN,n531,n532
twentythird_share,twentythird_share:E0103,rtc_4afb8c71de7044a3a7ce60cf5727910f,d8664c19-052c-4290-acac-c4c12170230f,2026-08-18 20:09:55.201711+00:00,BUSINESS_INSTITUTIONAL_SCREEN,n535,n536
twentythird_share,twentythird_share:E0104,rtc_4afb8c71de7044a3a7ce60cf5727910f,d8664c19-052c-4290-acac-c4c12170230f,2026-08-18 20:10:00.028489+00:00,UNIVERSAL_SEMANTIC_SCREEN,n538,n539;n540
twentythird_share,twentythird_share:E0105,rtc_4afb8c71de7044a3a7ce60cf5727910f,d8664c19-052c-4290-acac-c4c12170230f,2026-08-18 20:11:22.903670+00:00,BUSINESS_INSTITUTIONAL_SCREEN,n546,n547
twentythird_share,twentythird_share:E0106,rtc_4afb8c71de7044a3a7ce60cf5727910f,d8664c19-052c-4290-acac-c4c12170230f,2026-08-18 20:12:07.724338+00:00,BUSINESS_INSTITUTIONAL_SCREEN,n553,n554;n555
twentythird_share,twentythird_share:E0107,rtc_4afb8c71de7044a3a7ce60cf5727910f,d8664c19-052c-4290-acac-c4c12170230f,2026-08-18 20:12:35.192802+00:00,BUSINESS_INSTITUTIONAL_SCREEN;UNIVERSAL_SEMANTIC_SCREEN,n556,n557
twentythird_share,twentythird_share:E0108,rtc_4afb8c71de7044a3a7ce60cf5727910f,d8664c19-052c-4290-acac-c4c12170230f,2026-08-18 20:12:53.712184+00:00,BUSINESS_INSTITUTIONAL_SCREEN,n559,n560
twentythird_share,twentythird_share:E0110,rtc_4afb8c71de7044a3a7ce60cf5727910f,d8664c19-052c-4290-acac-c4c12170230f,2026-08-18 20:13:10.249330+00:00,BUSINESS_INSTITUTIONAL_SCREEN,n567,n568;n569
twentythird_share,twentythird_share:E0109,rtc_4afb8c71de7044a3a7ce60cf5727910f,d8664c19-052c-4290-acac-c4c12170230f,2026-08-18 20:13:11.532112+00:00,BUSINESS_INSTITUTIONAL_SCREEN,n564,n565;n566
twentythird_share,twentythird_share:E0111,rtc_4afb8c71de7044a3a7ce60cf5727910f,d8664c19-052c-4290-acac-c4c12170230f,2026-08-18 20:13:19.015795+00:00,BUSINESS_INSTITUTIONAL_SCREEN,n572,n573
twentythird_share,twentythird_share:E0112,rtc_4afb8c71de7044a3a7ce60cf5727910f,d8664c19-052c-4290-acac-c4c12170230f,2026-08-18 20:13:33.131411+00:00,UNIVERSAL_SEMANTIC_SCREEN,n575,n576
twentythird_share,twentythird_share:E0113,rtc_4afb8c71de7044a3a7ce60cf5727910f,d8664c19-052c-4290-acac-c4c12170230f,2026-08-18 20:13:56.504726+00:00,BUSINESS_INSTITUTIONAL_SCREEN,n577,n578
twentythird_share,twentythird_share:E0114,rtc_4afb8c71de7044a3a7ce60cf5727910f,d8664c19-052c-4290-acac-c4c12170230f,2026-08-18 20:14:03.478330+00:00,BUSINESS_INSTITUTIONAL_SCREEN,n580,n581
twentythird_share,twentythird_share:E0115,rtc_4afb8c71de7044a3a7ce60cf5727910f,d8664c19-052c-4290-acac-c4c12170230f,2026-08-18 20:14:25.884420+00:00,BUSINESS_INSTITUTIONAL_SCREEN;FROZEN_INFERENCE_OPPORTUNITY,n583,n584
twentythird_share,twentythird_share:E0116,rtc_4afb8c71de7044a3a7ce60cf5727910f,d8664c19-052c-4290-acac-c4c12170230f,2026-08-18 20:14:28.172071+00:00,BUSINESS_INSTITUTIONAL_SCREEN;UNIVERSAL_SEMANTIC_SCREEN,n586,n587
twentythird_share,twentythird_share:E0117,rtc_4afb8c71de7044a3a7ce60cf5727910f,d8664c19-052c-4290-acac-c4c12170230f,2026-08-18 20:14:51.219808+00:00,BUSINESS_INSTITUTIONAL_SCREEN;UNIVERSAL_SEMANTIC_SCREEN,n588,n589
twentythird_share,twentythird_share:E0118,rtc_4afb8c71de7044a3a7ce60cf5727910f,d8664c19-052c-4290-acac-c4c12170230f,2026-08-18 20:15:08.153099+00:00,BUSINESS_INSTITUTIONAL_SCREEN,n591,n592
twentythird_share,twentythird_share:E0119,rtc_4afb8c71de7044a3a7ce60cf5727910f,d8664c19-052c-4290-acac-c4c12170230f,2026-08-18 20:15:38.310355+00:00,BUSINESS_INSTITUTIONAL_SCREEN,n598,n599
twentythird_share,twentythird_share:E0120,rtc_4afb8c71de7044a3a7ce60cf5727910f,d8664c19-052c-4290-acac-c4c12170230f,2026-08-18 20:15:47.935081+00:00,BUSINESS_INSTITUTIONAL_SCREEN,n601,n602;n603
twentythird_share,twentythird_share:E0121,rtc_4afb8c71de7044a3a7ce60cf5727910f,d8664c19-052c-4290-acac-c4c12170230f,2026-08-18 20:16:08.225576+00:00,BUSINESS_INSTITUTIONAL_SCREEN,n604,n605
twentythird_share,twentythird_share:E0122,rtc_4afb8c71de7044a3a7ce60cf5727910f,d8664c19-052c-4290-acac-c4c12170230f,2026-08-18 20:16:35.379289+00:00,BUSINESS_INSTITUTIONAL_SCREEN,n607,n608
twentythird_share,twentythird_share:E0123,rtc_4afb8c71de7044a3a7ce60cf5727910f,d8664c19-052c-4290-acac-c4c12170230f,2026-08-18 20:16:46.836290+00:00,BUSINESS_INSTITUTIONAL_SCREEN,n610,n611
twentythird_share,twentythird_share:E0124,rtc_4afb8c71de7044a3a7ce60cf5727910f,d8664c19-052c-4290-acac-c4c12170230f,2026-08-18 20:17:29.126529+00:00,BUSINESS_INSTITUTIONAL_SCREEN;UNIVERSAL_SEMANTIC_SCREEN,n613,n614
twentythird_share,twentythird_share:E0125,rtc_4afb8c71de7044a3a7ce60cf5727910f,d8664c19-052c-4290-acac-c4c12170230f,2026-08-18 20:17:35.109174+00:00,BUSINESS_INSTITUTIONAL_SCREEN,n616,n617
twentythird_share,twentythird_share:E0126,rtc_4afb8c71de7044a3a7ce60cf5727910f,d8664c19-052c-4290-acac-c4c12170230f,2026-08-18 20:17:40.895995+00:00,BUSINESS_INSTITUTIONAL_SCREEN,n623,n624
twentythird_share,twentythird_share:E0127,rtc_4afb8c71de7044a3a7ce60cf5727910f,d8664c19-052c-4290-acac-c4c12170230f,2026-08-18 20:18:04.540109+00:00,BUSINESS_INSTITUTIONAL_SCREEN;UNIVERSAL_SEMANTIC_SCREEN,n626,n627
twentythird_share,twentythird_share:E0128,rtc_4afb8c71de7044a3a7ce60cf5727910f,d8664c19-052c-4290-acac-c4c12170230f,2026-08-18 20:18:08.669875+00:00,BUSINESS_INSTITUTIONAL_SCREEN,n629,n630
twentythird_share,twentythird_share:E0129,rtc_4afb8c71de7044a3a7ce60cf5727910f,d8664c19-052c-4290-acac-c4c12170230f,2026-08-18 20:18:30.698794+00:00,UNIVERSAL_SEMANTIC_SCREEN,n633,n634
twentythird_share,twentythird_share:E0130,rtc_4afb8c71de7044a3a7ce60cf5727910f,d8664c19-052c-4290-acac-c4c12170230f,2026-08-18 20:22:25.427843+00:00,BUSINESS_INSTITUTIONAL_SCREEN;FROZEN_INFERENCE_OPPORTUNITY;UNIVERSAL_SEMANTIC_SCREEN,n637;n640;n642,n638;n641;n643
twentythird_share,twentythird_share:E0131,rtc_4afb8c71de7044a3a7ce60cf5727910f,d8664c19-052c-4290-acac-c4c12170230f,2026-08-18 20:23:39.905616+00:00,UNIVERSAL_SEMANTIC_SCREEN,n644,ABSENT
twentythird_share,twentythird_share:E0132,rtc_4afb8c71de7044a3a7ce60cf5727910f,d8664c19-052c-4290-acac-c4c12170230f,2026-08-18 20:23:46.915352+00:00,BUSINESS_INSTITUTIONAL_SCREEN;FROZEN_INFERENCE_OPPORTUNITY;UNIVERSAL_SEMANTIC_SCREEN,n647,n648
twentythird_share,twentythird_share:E0133,rtc_4afb8c71de7044a3a7ce60cf5727910f,d8664c19-052c-4290-acac-c4c12170230f,2026-08-18 20:24:23.557767+00:00,BUSINESS_INSTITUTIONAL_SCREEN,n652,n653
twentythird_share,twentythird_share:E0136,rtc_4afb8c71de7044a3a7ce60cf5727910f,d8664c19-052c-4290-acac-c4c12170230f,2026-08-18 20:34:43.265544+00:00,BUSINESS_INSTITUTIONAL_SCREEN;UNIVERSAL_SEMANTIC_SCREEN,n660,n661
twentythird_share,twentythird_share:E0134,rtc_4afb8c71de7044a3a7ce60cf5727910f,d8664c19-052c-4290-acac-c4c12170230f,2026-08-18 20:34:43.578850+00:00,BUSINESS_INSTITUTIONAL_SCREEN,n655,n656
twentythird_share,twentythird_share:E0135,rtc_4afb8c71de7044a3a7ce60cf5727910f,d8664c19-052c-4290-acac-c4c12170230f,2026-08-18 20:34:50.118158+00:00,UNIVERSAL_SEMANTIC_SCREEN,n658,ABSENT
twentythird_share,twentythird_share:E0137,rtc_4afb8c71de7044a3a7ce60cf5727910f,d8664c19-052c-4290-acac-c4c12170230f,2026-08-18 20:36:23.065836+00:00,BUSINESS_INSTITUTIONAL_SCREEN;FROZEN_INFERENCE_OPPORTUNITY;UNIVERSAL_SEMANTIC_SCREEN,n667;n672;n675,n668;n669;n673;n674;n677
twentythird_share,twentythird_share:E0138,rtc_4afb8c71de7044a3a7ce60cf5727910f,d8664c19-052c-4290-acac-c4c12170230f,2026-08-18 20:39:14.177581+00:00,BUSINESS_INSTITUTIONAL_SCREEN;UNIVERSAL_SEMANTIC_SCREEN,n678,n679
twentythird_share,twentythird_share:E0139,rtc_4afb8c71de7044a3a7ce60cf5727910f,d8664c19-052c-4290-acac-c4c12170230f,2026-08-18 20:39:36.490500+00:00,BUSINESS_INSTITUTIONAL_SCREEN;REFUSAL_TO_INFER_SENSITIVITY_EVENT,n681,n682
twentythird_share,twentythird_share:E0140,rtc_4afb8c71de7044a3a7ce60cf5727910f,d8664c19-052c-4290-acac-c4c12170230f,2026-08-18 20:40:02.687162+00:00,AGENCY_NEUTRAL_OPPORTUNITY;BUSINESS_INSTITUTIONAL_SCREEN;FROZEN_INFERENCE_OPPORTUNITY,n684,n685;n686
twentythird_share,twentythird_share:E0141,rtc_4afb8c71de7044a3a7ce60cf5727910f,d8664c19-052c-4290-acac-c4c12170230f,2026-08-18 20:40:36.105921+00:00,UNIVERSAL_SEMANTIC_SCREEN,n687,n688
twentythird_share,twentythird_share:E0142,rtc_4afb8c71de7044a3a7ce60cf5727910f,d8664c19-052c-4290-acac-c4c12170230f,2026-08-18 20:41:44.627071+00:00,BUSINESS_INSTITUTIONAL_SCREEN;UNIVERSAL_SEMANTIC_SCREEN,n689;n692,n690;n691
twentythird_share,twentythird_share:E0143,rtc_4afb8c71de7044a3a7ce60cf5727910f,d8664c19-052c-4290-acac-c4c12170230f,2026-08-18 20:44:07.438868+00:00,BUSINESS_INSTITUTIONAL_SCREEN;UNIVERSAL_SEMANTIC_SCREEN,n695,n696;n697
twentythird_share,twentythird_share:E0144,rtc_4afb8c71de7044a3a7ce60cf5727910f,d8664c19-052c-4290-acac-c4c12170230f,2026-08-18 20:45:14.672076+00:00,BUSINESS_INSTITUTIONAL_SCREEN;UNIVERSAL_SEMANTIC_SCREEN,n700,n701
twentythird_share,twentythird_share:E0145,rtc_4afb8c71de7044a3a7ce60cf5727910f,d8664c19-052c-4290-acac-c4c12170230f,2026-08-18 20:45:28.691695+00:00,BUSINESS_INSTITUTIONAL_SCREEN;UNIVERSAL_SEMANTIC_SCREEN,n703;n705,n704;n706
twentythird_share,twentythird_share:E0146,rtc_4afb8c71de7044a3a7ce60cf5727910f,d8664c19-052c-4290-acac-c4c12170230f,2026-08-18 20:47:03.538854+00:00,BUSINESS_INSTITUTIONAL_SCREEN;UNIVERSAL_SEMANTIC_SCREEN,n713,n714
twentythird_share,twentythird_share:E0147,rtc_4afb8c71de7044a3a7ce60cf5727910f,d8664c19-052c-4290-acac-c4c12170230f,2026-08-18 20:47:26.330468+00:00,BUSINESS_INSTITUTIONAL_SCREEN;UNIVERSAL_SEMANTIC_SCREEN,n716,n717
twentythird_share,twentythird_share:E0148,rtc_4afb8c71de7044a3a7ce60cf5727910f,d8664c19-052c-4290-acac-c4c12170230f,2026-08-18 20:47:36.126115+00:00,UNIVERSAL_SEMANTIC_SCREEN,n718,n719
twentythird_share,twentythird_share:E0149,rtc_4afb8c71de7044a3a7ce60cf5727910f,d8664c19-052c-4290-acac-c4c12170230f,2026-08-18 20:48:28.209247+00:00,BUSINESS_INSTITUTIONAL_SCREEN;UNIVERSAL_SEMANTIC_SCREEN,n720,n721
twentythird_share,twentythird_share:E0150,rtc_4afb8c71de7044a3a7ce60cf5727910f,d8664c19-052c-4290-acac-c4c12170230f,2026-08-18 20:48:42.944921+00:00,BUSINESS_INSTITUTIONAL_SCREEN;UNIVERSAL_SEMANTIC_SCREEN,n722;n724,n723;n725
twentythird_share,twentythird_share:E0151,rtc_4afb8c71de7044a3a7ce60cf5727910f,d8664c19-052c-4290-acac-c4c12170230f,2026-08-18 20:49:31.713726+00:00,UNIVERSAL_SEMANTIC_SCREEN,n726,n727
twentythird_share,twentythird_share:E0152,rtc_4afb8c71de7044a3a7ce60cf5727910f,d8664c19-052c-4290-acac-c4c12170230f,2026-08-18 20:51:29.539295+00:00,BUSINESS_INSTITUTIONAL_SCREEN;FROZEN_INFERENCE_OPPORTUNITY;UNIVERSAL_SEMANTIC_SCREEN,n736;n738,n737;n739
twentythird_share,twentythird_share:E0153,rtc_4afb8c71de7044a3a7ce60cf5727910f,d8664c19-052c-4290-acac-c4c12170230f,2026-08-18 20:53:10.727413+00:00,BUSINESS_INSTITUTIONAL_SCREEN,n741,n742
twentythird_share,twentythird_share:E0155,rtc_4afb8c71de7044a3a7ce60cf5727910f,d8664c19-052c-4290-acac-c4c12170230f,2026-08-18 20:57:15.032067+00:00,BUSINESS_INSTITUTIONAL_SCREEN;UNIVERSAL_SEMANTIC_SCREEN,n749,n750
twentythird_share,twentythird_share:E0154,rtc_4afb8c71de7044a3a7ce60cf5727910f,d8664c19-052c-4290-acac-c4c12170230f,2026-08-18 20:57:15.523348+00:00,BUSINESS_INSTITUTIONAL_SCREEN;UNIVERSAL_SEMANTIC_SCREEN,n744,n745
twentythird_share,twentythird_share:E0156,rtc_4afb8c71de7044a3a7ce60cf5727910f,d8664c19-052c-4290-acac-c4c12170230f,2026-08-18 20:58:58.499029+00:00,BUSINESS_INSTITUTIONAL_SCREEN;FROZEN_INFERENCE_OPPORTUNITY;UNIVERSAL_SEMANTIC_SCREEN,n752;n755,n753;n756
twentythird_share,twentythird_share:E0157,rtc_4afb8c71de7044a3a7ce60cf5727910f,d8664c19-052c-4290-acac-c4c12170230f,2026-08-18 20:59:56.287046+00:00,BUSINESS_INSTITUTIONAL_SCREEN;RTC_RULE_EPISODE;UNIVERSAL_SEMANTIC_SCREEN,n758;n761;n766;n768;n770;n772,n765;n767;n769;n771;n773
twentythird_share,twentythird_share:E0158,rtc_1927e8aa705446fdabe31590307bf3d0,c5f8b818-0372-4aa4-b2e4-d711ec32de2d,2026-08-18 21:04:31.302549+00:00,BUSINESS_INSTITUTIONAL_SCREEN;UNIVERSAL_SEMANTIC_SCREEN,n774,n775
twentythird_share,twentythird_share:E0159,rtc_1927e8aa705446fdabe31590307bf3d0,c5f8b818-0372-4aa4-b2e4-d711ec32de2d,2026-08-18 21:05:12.978766+00:00,BUSINESS_INSTITUTIONAL_SCREEN;UNIVERSAL_SEMANTIC_SCREEN,n776,n777
twentythird_share,twentythird_share:E0160,rtc_1927e8aa705446fdabe31590307bf3d0,c5f8b818-0372-4aa4-b2e4-d711ec32de2d,2026-08-18 21:05:50.039136+00:00,BUSINESS_INSTITUTIONAL_SCREEN;UNIVERSAL_SEMANTIC_SCREEN,n778,n779
twentythird_share,twentythird_share:E0161,rtc_1927e8aa705446fdabe31590307bf3d0,c5f8b818-0372-4aa4-b2e4-d711ec32de2d,2026-08-18 21:06:27.484575+00:00,BUSINESS_INSTITUTIONAL_SCREEN,n780,n781;n785
twentythird_share,twentythird_share:E0163,rtc_1927e8aa705446fdabe31590307bf3d0,c5f8b818-0372-4aa4-b2e4-d711ec32de2d,2026-08-18 21:09:53.443868+00:00,BUSINESS_INSTITUTIONAL_SCREEN;UNIVERSAL_SEMANTIC_SCREEN,n791,n792
twentythird_share,twentythird_share:E0162,rtc_1927e8aa705446fdabe31590307bf3d0,c5f8b818-0372-4aa4-b2e4-d711ec32de2d,2026-08-18 21:09:53.816007+00:00,BUSINESS_INSTITUTIONAL_SCREEN;UNIVERSAL_SEMANTIC_SCREEN,n786,n787
