id_key,id_path,id_value,qpipe_id,record_no,source_file,source_index
csv,cross_case_statistics.source_hashes.inference_response_codes_adjudicated_v2.csv,f6e5f69cea54857030b84b27cdf016443c4448d8151922f10aa150d7e564645c,QPIPE-289eff02936d,0,/mnt/data/10_MACHINE_READABLE_RESULTS.json,0
json,cross_case_statistics.source_hashes.inflation_agency_trace_final_v1.json,669934f590e74fa3a5e9f3fe7bd750ebdf9daf4d456e3bafbad32c5d19c5c821,QPIPE-289eff02936d,0,/mnt/data/10_MACHINE_READABLE_RESULTS.json,0
csv,cross_case_statistics.episode_representation.endpoint_graph_validation.input_hashes.inference_response_codes_adjudicated_v2.csv,f6e5f69cea54857030b84b27cdf016443c4448d8151922f10aa150d7e564645c,QPIPE-289eff02936d,0,/mnt/data/10_MACHINE_READABLE_RESULTS.json,0
context_loss_or_incomplete_turn,cross_case_statistics.alternative_explanation_flags.context_loss_or_incomplete_turn,32,QPIPE-289eff02936d,0,/mnt/data/10_MACHINE_READABLE_RESULTS.json,0
model_variability,cross_case_statistics.alternative_explanation_flags.model_variability,12,QPIPE-289eff02936d,0,/mnt/data/10_MACHINE_READABLE_RESULTS.json,0
clean_independent_rows,cross_case_statistics.reliability.inference_response.clean_independent_rows,33,QPIPE-289eff02936d,0,/mnt/data/10_MACHINE_READABLE_RESULTS.json,0
full_rows_including_disclosed_prior_exposure,cross_case_statistics.reliability.inference_response.full_rows_including_disclosed_prior_exposure,44,QPIPE-289eff02936d,0,/mnt/data/10_MACHINE_READABLE_RESULTS.json,0
clean_ids,cross_case_statistics.reliability.inference_response.clean_ids[0],fifth_share:n304,QPIPE-289eff02936d,0,/mnt/data/10_MACHINE_READABLE_RESULTS.json,0
clean_ids,cross_case_statistics.reliability.inference_response.clean_ids[1],first_share:n683,QPIPE-289eff02936d,0,/mnt/data/10_MACHINE_READABLE_RESULTS.json,0
clean_ids,cross_case_statistics.reliability.inference_response.clean_ids[2],fourth_share:n125,QPIPE-289eff02936d,0,/mnt/data/10_MACHINE_READABLE_RESULTS.json,0
clean_ids,cross_case_statistics.reliability.inference_response.clean_ids[3],fourth_share:n1301,QPIPE-289eff02936d,0,/mnt/data/10_MACHINE_READABLE_RESULTS.json,0
clean_ids,cross_case_statistics.reliability.inference_response.clean_ids[4],fourth_share:n500,QPIPE-289eff02936d,0,/mnt/data/10_MACHINE_READABLE_RESULTS.json,0
clean_ids,cross_case_statistics.reliability.inference_response.clean_ids[5],fourth_share:n572,QPIPE-289eff02936d,0,/mnt/data/10_MACHINE_READABLE_RESULTS.json,0
clean_ids,cross_case_statistics.reliability.inference_response.clean_ids[6],office_metaphor:n028,QPIPE-289eff02936d,0,/mnt/data/10_MACHINE_READABLE_RESULTS.json,0
clean_ids,cross_case_statistics.reliability.inference_response.clean_ids[7],office_metaphor:n034,QPIPE-289eff02936d,0,/mnt/data/10_MACHINE_READABLE_RESULTS.json,0
clean_ids,cross_case_statistics.reliability.inference_response.clean_ids[8],office_metaphor:n077,QPIPE-289eff02936d,0,/mnt/data/10_MACHINE_READABLE_RESULTS.json,0
clean_ids,cross_case_statistics.reliability.inference_response.clean_ids[9],office_metaphor:n124,QPIPE-289eff02936d,0,/mnt/data/10_MACHINE_READABLE_RESULTS.json,0
clean_ids,cross_case_statistics.reliability.inference_response.clean_ids[10],office_metaphor:n155,QPIPE-289eff02936d,0,/mnt/data/10_MACHINE_READABLE_RESULTS.json,0
clean_ids,cross_case_statistics.reliability.inference_response.clean_ids[11],office_metaphor:n500,QPIPE-289eff02936d,0,/mnt/data/10_MACHINE_READABLE_RESULTS.json,0
clean_ids,cross_case_statistics.reliability.inference_response.clean_ids[12],office_metaphor:n552,QPIPE-289eff02936d,0,/mnt/data/10_MACHINE_READABLE_RESULTS.json,0
clean_ids,cross_case_statistics.reliability.inference_response.clean_ids[13],office_metaphor:n613,QPIPE-289eff02936d,0,/mnt/data/10_MACHINE_READABLE_RESULTS.json,0
clean_ids,cross_case_statistics.reliability.inference_response.clean_ids[14],office_metaphor:n640,QPIPE-289eff02936d,0,/mnt/data/10_MACHINE_READABLE_RESULTS.json,0
clean_ids,cross_case_statistics.reliability.inference_response.clean_ids[15],office_metaphor:n733,QPIPE-289eff02936d,0,/mnt/data/10_MACHINE_READABLE_RESULTS.json,0
clean_ids,cross_case_statistics.reliability.inference_response.clean_ids[16],seventeenth_share:n438,QPIPE-289eff02936d,0,/mnt/data/10_MACHINE_READABLE_RESULTS.json,0
clean_ids,cross_case_statistics.reliability.inference_response.clean_ids[17],seventh_share:n2209,QPIPE-289eff02936d,0,/mnt/data/10_MACHINE_READABLE_RESULTS.json,0
clean_ids,cross_case_statistics.reliability.inference_response.clean_ids[18],seventh_share:n2751,QPIPE-289eff02936d,0,/mnt/data/10_MACHINE_READABLE_RESULTS.json,0
clean_ids,cross_case_statistics.reliability.inference_response.clean_ids[19],sixth_share:n282,QPIPE-289eff02936d,0,/mnt/data/10_MACHINE_READABLE_RESULTS.json,0
clean_ids,cross_case_statistics.reliability.inference_response.clean_ids[20],tenth_share:n511,QPIPE-289eff02936d,0,/mnt/data/10_MACHINE_READABLE_RESULTS.json,0
clean_ids,cross_case_statistics.reliability.inference_response.clean_ids[21],test4:n507,QPIPE-289eff02936d,0,/mnt/data/10_MACHINE_READABLE_RESULTS.json,0
clean_ids,cross_case_statistics.reliability.inference_response.clean_ids[22],third_share:n126,QPIPE-289eff02936d,0,/mnt/data/10_MACHINE_READABLE_RESULTS.json,0
clean_ids,cross_case_statistics.reliability.inference_response.clean_ids[23],third_share:n785,QPIPE-289eff02936d,0,/mnt/data/10_MACHINE_READABLE_RESULTS.json,0
clean_ids,cross_case_statistics.reliability.inference_response.clean_ids[24],twentysecond_share:n1016,QPIPE-289eff02936d,0,/mnt/data/10_MACHINE_READABLE_RESULTS.json,0
clean_ids,cross_case_statistics.reliability.inference_response.clean_ids[25],twentysecond_share:n1022,QPIPE-289eff02936d,0,/mnt/data/10_MACHINE_READABLE_RESULTS.json,0
clean_ids,cross_case_statistics.reliability.inference_response.clean_ids[26],twentysecond_share:n1246,QPIPE-289eff02936d,0,/mnt/data/10_MACHINE_READABLE_RESULTS.json,0
clean_ids,cross_case_statistics.reliability.inference_response.clean_ids[27],twentysecond_share:n137,QPIPE-289eff02936d,0,/mnt/data/10_MACHINE_READABLE_RESULTS.json,0
clean_ids,cross_case_statistics.reliability.inference_response.clean_ids[28],twentysecond_share:n227,QPIPE-289eff02936d,0,/mnt/data/10_MACHINE_READABLE_RESULTS.json,0
clean_ids,cross_case_statistics.reliability.inference_response.clean_ids[29],twentysecond_share:n259,QPIPE-289eff02936d,0,/mnt/data/10_MACHINE_READABLE_RESULTS.json,0
clean_ids,cross_case_statistics.reliability.inference_response.clean_ids[30],twentysecond_share:n412,QPIPE-289eff02936d,0,/mnt/data/10_MACHINE_READABLE_RESULTS.json,0
clean_ids,cross_case_statistics.reliability.inference_response.clean_ids[31],twentysecond_share:n695,QPIPE-289eff02936d,0,/mnt/data/10_MACHINE_READABLE_RESULTS.json,0
clean_ids,cross_case_statistics.reliability.inference_response.clean_ids[32],twentythird_share:n667,QPIPE-289eff02936d,0,/mnt/data/10_MACHINE_READABLE_RESULTS.json,0
both_applicable,cross_case_statistics.reliability.inference_response.clean_results.evidence_engagement.both_applicable,32,QPIPE-289eff02936d,0,/mnt/data/10_MACHINE_READABLE_RESULTS.json,0
agreement,cross_case_statistics.reliability.inference_response.clean_results.evidence_engagement.agreement,0.875,QPIPE-289eff02936d,0,/mnt/data/10_MACHINE_READABLE_RESULTS.json,0
cohen_kappa,cross_case_statistics.reliability.inference_response.clean_results.evidence_engagement.cohen_kappa,0.6683937823834197,QPIPE-289eff02936d,0,/mnt/data/10_MACHINE_READABLE_RESULTS.json,0
disagreements,cross_case_statistics.reliability.inference_response.clean_results.evidence_engagement.disagreements,4,QPIPE-289eff02936d,0,/mnt/data/10_MACHINE_READABLE_RESULTS.json,0
both_applicable,cross_case_statistics.reliability.inference_response.clean_results.proposition_preservation.both_applicable,32,QPIPE-289eff02936d,0,/mnt/data/10_MACHINE_READABLE_RESULTS.json,0
agreement,cross_case_statistics.reliability.inference_response.clean_results.proposition_preservation.agreement,0.71875,QPIPE-289eff02936d,0,/mnt/data/10_MACHINE_READABLE_RESULTS.json,0
cohen_kappa,cross_case_statistics.reliability.inference_response.clean_results.proposition_preservation.cohen_kappa,0.13253012048192772,QPIPE-289eff02936d,0,/mnt/data/10_MACHINE_READABLE_RESULTS.json,0
disagreements,cross_case_statistics.reliability.inference_response.clean_results.proposition_preservation.disagreements,9,QPIPE-289eff02936d,0,/mnt/data/10_MACHINE_READABLE_RESULTS.json,0
both_applicable,cross_case_statistics.reliability.inference_response.clean_results.task_preservation.both_applicable,32,QPIPE-289eff02936d,0,/mnt/data/10_MACHINE_READABLE_RESULTS.json,0
agreement,cross_case_statistics.reliability.inference_response.clean_results.task_preservation.agreement,0.8125,QPIPE-289eff02936d,0,/mnt/data/10_MACHINE_READABLE_RESULTS.json,0
cohen_kappa,cross_case_statistics.reliability.inference_response.clean_results.task_preservation.cohen_kappa,0.5025906735751295,QPIPE-289eff02936d,0,/mnt/data/10_MACHINE_READABLE_RESULTS.json,0
disagreements,cross_case_statistics.reliability.inference_response.clean_results.task_preservation.disagreements,6,QPIPE-289eff02936d,0,/mnt/data/10_MACHINE_READABLE_RESULTS.json,0
both_applicable,cross_case_statistics.reliability.inference_response.clean_results.discriminating_evidence.both_applicable,10,QPIPE-289eff02936d,0,/mnt/data/10_MACHINE_READABLE_RESULTS.json,0
agreement,cross_case_statistics.reliability.inference_response.clean_results.discriminating_evidence.agreement,0.6,QPIPE-289eff02936d,0,/mnt/data/10_MACHINE_READABLE_RESULTS.json,0
cohen_kappa,cross_case_statistics.reliability.inference_response.clean_results.discriminating_evidence.cohen_kappa,-0.1764705882352943,QPIPE-289eff02936d,0,/mnt/data/10_MACHINE_READABLE_RESULTS.json,0
disagreements,cross_case_statistics.reliability.inference_response.clean_results.discriminating_evidence.disagreements,4,QPIPE-289eff02936d,0,/mnt/data/10_MACHINE_READABLE_RESULTS.json,0
both_applicable,cross_case_statistics.reliability.inference_response.clean_results.refusal_substitute.both_applicable,32,QPIPE-289eff02936d,0,/mnt/data/10_MACHINE_READABLE_RESULTS.json,0
agreement,cross_case_statistics.reliability.inference_response.clean_results.refusal_substitute.agreement,0.84375,QPIPE-289eff02936d,0,/mnt/data/10_MACHINE_READABLE_RESULTS.json,0
cohen_kappa,cross_case_statistics.reliability.inference_response.clean_results.refusal_substitute.cohen_kappa,0.4594594594594595,QPIPE-289eff02936d,0,/mnt/data/10_MACHINE_READABLE_RESULTS.json,0
disagreements,cross_case_statistics.reliability.inference_response.clean_results.refusal_substitute.disagreements,5,QPIPE-289eff02936d,0,/mnt/data/10_MACHINE_READABLE_RESULTS.json,0
both_applicable,cross_case_statistics.reliability.inference_response.clean_results.proposition_inflation.both_applicable,32,QPIPE-289eff02936d,0,/mnt/data/10_MACHINE_READABLE_RESULTS.json,0
agreement,cross_case_statistics.reliability.inference_response.clean_results.proposition_inflation.agreement,0.96875,QPIPE-289eff02936d,0,/mnt/data/10_MACHINE_READABLE_RESULTS.json,0
cohen_kappa,cross_case_statistics.reliability.inference_response.clean_results.proposition_inflation.cohen_kappa,0.6521739130434783,QPIPE-289eff02936d,0,/mnt/data/10_MACHINE_READABLE_RESULTS.json,0
disagreements,cross_case_statistics.reliability.inference_response.clean_results.proposition_inflation.disagreements,1,QPIPE-289eff02936d,0,/mnt/data/10_MACHINE_READABLE_RESULTS.json,0
both_applicable,cross_case_statistics.reliability.inference_response.clean_results.source_substitution.both_applicable,32,QPIPE-289eff02936d,0,/mnt/data/10_MACHINE_READABLE_RESULTS.json,0
agreement,cross_case_statistics.reliability.inference_response.clean_results.source_substitution.agreement,0.96875,QPIPE-289eff02936d,0,/mnt/data/10_MACHINE_READABLE_RESULTS.json,0
cohen_kappa,cross_case_statistics.reliability.inference_response.clean_results.source_substitution.cohen_kappa,0.6521739130434783,QPIPE-289eff02936d,0,/mnt/data/10_MACHINE_READABLE_RESULTS.json,0
disagreements,cross_case_statistics.reliability.inference_response.clean_results.source_substitution.disagreements,1,QPIPE-289eff02936d,0,/mnt/data/10_MACHINE_READABLE_RESULTS.json,0
both_applicable,cross_case_statistics.reliability.inference_response.clean_results.arch_occ_separation.both_applicable,13,QPIPE-289eff02936d,0,/mnt/data/10_MACHINE_READABLE_RESULTS.json,0
agreement,cross_case_statistics.reliability.inference_response.clean_results.arch_occ_separation.agreement,0.8461538461538461,QPIPE-289eff02936d,0,/mnt/data/10_MACHINE_READABLE_RESULTS.json,0
cohen_kappa,cross_case_statistics.reliability.inference_response.clean_results.arch_occ_separation.cohen_kappa,0.40909090909090906,QPIPE-289eff02936d,0,/mnt/data/10_MACHINE_READABLE_RESULTS.json,0
disagreements,cross_case_statistics.reliability.inference_response.clean_results.arch_occ_separation.disagreements,2,QPIPE-289eff02936d,0,/mnt/data/10_MACHINE_READABLE_RESULTS.json,0
both_applicable,cross_case_statistics.reliability.inference_response.clean_results.t_user.both_applicable,29,QPIPE-289eff02936d,0,/mnt/data/10_MACHINE_READABLE_RESULTS.json,0
exact_agreement,cross_case_statistics.reliability.inference_response.clean_results.t_user.exact_agreement,0.27586206896551724,QPIPE-289eff02936d,0,/mnt/data/10_MACHINE_READABLE_RESULTS.json,0
quadratic_weighted_kappa,cross_case_statistics.reliability.inference_response.clean_results.t_user.quadratic_weighted_kappa,0.5738278516445068,QPIPE-289eff02936d,0,/mnt/data/10_MACHINE_READABLE_RESULTS.json,0
mean_absolute_difference,cross_case_statistics.reliability.inference_response.clean_results.t_user.mean_absolute_difference,0.7241379310344828,QPIPE-289eff02936d,0,/mnt/data/10_MACHINE_READABLE_RESULTS.json,0
both_applicable,cross_case_statistics.reliability.inference_response.clean_results.t_alt.both_applicable,6,QPIPE-289eff02936d,0,/mnt/data/10_MACHINE_READABLE_RESULTS.json,0
exact_agreement,cross_case_statistics.reliability.inference_response.clean_results.t_alt.exact_agreement,0.3333333333333333,QPIPE-289eff02936d,0,/mnt/data/10_MACHINE_READABLE_RESULTS.json,0
quadratic_weighted_kappa,cross_case_statistics.reliability.inference_response.clean_results.t_alt.quadratic_weighted_kappa,-0.19999999999999551,QPIPE-289eff02936d,0,/mnt/data/10_MACHINE_READABLE_RESULTS.json,0
mean_absolute_difference,cross_case_statistics.reliability.inference_response.clean_results.t_alt.mean_absolute_difference,0.6666666666666666,QPIPE-289eff02936d,0,/mnt/data/10_MACHINE_READABLE_RESULTS.json,0
both_applicable,cross_case_statistics.reliability.inference_response.clean_results.delta.both_applicable,6,QPIPE-289eff02936d,0,/mnt/data/10_MACHINE_READABLE_RESULTS.json,0
exact_agreement,cross_case_statistics.reliability.inference_response.clean_results.delta.exact_agreement,0.16666666666666666,QPIPE-289eff02936d,0,/mnt/data/10_MACHINE_READABLE_RESULTS.json,0
quadratic_weighted_kappa,cross_case_statistics.reliability.inference_response.clean_results.delta.quadratic_weighted_kappa,-0.09090909090909051,QPIPE-289eff02936d,0,/mnt/data/10_MACHINE_READABLE_RESULTS.json,0
mean_absolute_difference,cross_case_statistics.reliability.inference_response.clean_results.delta.mean_absolute_difference,1.0,QPIPE-289eff02936d,0,/mnt/data/10_MACHINE_READABLE_RESULTS.json,0
both_applicable,cross_case_statistics.reliability.inference_response.full_sensitivity_results.evidence_engagement.both_applicable,42,QPIPE-289eff02936d,0,/mnt/data/10_MACHINE_READABLE_RESULTS.json,0
agreement,cross_case_statistics.reliability.inference_response.full_sensitivity_results.evidence_engagement.agreement,0.8571428571428571,QPIPE-289eff02936d,0,/mnt/data/10_MACHINE_READABLE_RESULTS.json,0
cohen_kappa,cross_case_statistics.reliability.inference_response.full_sensitivity_results.evidence_engagement.cohen_kappa,0.6499999999999999,QPIPE-289eff02936d,0,/mnt/data/10_MACHINE_READABLE_RESULTS.json,0
disagreements,cross_case_statistics.reliability.inference_response.full_sensitivity_results.evidence_engagement.disagreements,6,QPIPE-289eff02936d,0,/mnt/data/10_MACHINE_READABLE_RESULTS.json,0
both_applicable,cross_case_statistics.reliability.inference_response.full_sensitivity_results.proposition_preservation.both_applicable,43,QPIPE-289eff02936d,0,/mnt/data/10_MACHINE_READABLE_RESULTS.json,0
agreement,cross_case_statistics.reliability.inference_response.full_sensitivity_results.proposition_preservation.agreement,0.7906976744186046,QPIPE-289eff02936d,0,/mnt/data/10_MACHINE_READABLE_RESULTS.json,0
cohen_kappa,cross_case_statistics.reliability.inference_response.full_sensitivity_results.proposition_preservation.cohen_kappa,0.3407155025553662,QPIPE-289eff02936d,0,/mnt/data/10_MACHINE_READABLE_RESULTS.json,0
disagreements,cross_case_statistics.reliability.inference_response.full_sensitivity_results.proposition_preservation.disagreements,9,QPIPE-289eff02936d,0,/mnt/data/10_MACHINE_READABLE_RESULTS.json,0
both_applicable,cross_case_statistics.reliability.inference_response.full_sensitivity_results.task_preservation.both_applicable,43,QPIPE-289eff02936d,0,/mnt/data/10_MACHINE_READABLE_RESULTS.json,0
agreement,cross_case_statistics.reliability.inference_response.full_sensitivity_results.task_preservation.agreement,0.8604651162790697,QPIPE-289eff02936d,0,/mnt/data/10_MACHINE_READABLE_RESULTS.json,0
cohen_kappa,cross_case_statistics.reliability.inference_response.full_sensitivity_results.task_preservation.cohen_kappa,0.6102719033232628,QPIPE-289eff02936d,0,/mnt/data/10_MACHINE_READABLE_RESULTS.json,0
disagreements,cross_case_statistics.reliability.inference_response.full_sensitivity_results.task_preservation.disagreements,6,QPIPE-289eff02936d,0,/mnt/data/10_MACHINE_READABLE_RESULTS.json,0
both_applicable,cross_case_statistics.reliability.inference_response.full_sensitivity_results.discriminating_evidence.both_applicable,12,QPIPE-289eff02936d,0,/mnt/data/10_MACHINE_READABLE_RESULTS.json,0
agreement,cross_case_statistics.reliability.inference_response.full_sensitivity_results.discriminating_evidence.agreement,0.5833333333333334,QPIPE-289eff02936d,0,/mnt/data/10_MACHINE_READABLE_RESULTS.json,0
cohen_kappa,cross_case_statistics.reliability.inference_response.full_sensitivity_results.discriminating_evidence.cohen_kappa,-0.24999999999999975,QPIPE-289eff02936d,0,/mnt/data/10_MACHINE_READABLE_RESULTS.json,0
disagreements,cross_case_statistics.reliability.inference_response.full_sensitivity_results.discriminating_evidence.disagreements,5,QPIPE-289eff02936d,0,/mnt/data/10_MACHINE_READABLE_RESULTS.json,0
both_applicable,cross_case_statistics.reliability.inference_response.full_sensitivity_results.refusal_substitute.both_applicable,43,QPIPE-289eff02936d,0,/mnt/data/10_MACHINE_READABLE_RESULTS.json,0
agreement,cross_case_statistics.reliability.inference_response.full_sensitivity_results.refusal_substitute.agreement,0.8837209302325582,QPIPE-289eff02936d,0,/mnt/data/10_MACHINE_READABLE_RESULTS.json,0
cohen_kappa,cross_case_statistics.reliability.inference_response.full_sensitivity_results.refusal_substitute.cohen_kappa,0.4844124700239807,QPIPE-289eff02936d,0,/mnt/data/10_MACHINE_READABLE_RESULTS.json,0
disagreements,cross_case_statistics.reliability.inference_response.full_sensitivity_results.refusal_substitute.disagreements,5,QPIPE-289eff02936d,0,/mnt/data/10_MACHINE_READABLE_RESULTS.json,0
both_applicable,cross_case_statistics.reliability.inference_response.full_sensitivity_results.proposition_inflation.both_applicable,43,QPIPE-289eff02936d,0,/mnt/data/10_MACHINE_READABLE_RESULTS.json,0
agreement,cross_case_statistics.reliability.inference_response.full_sensitivity_results.proposition_inflation.agreement,0.9767441860465116,QPIPE-289eff02936d,0,/mnt/data/10_MACHINE_READABLE_RESULTS.json,0
cohen_kappa,cross_case_statistics.reliability.inference_response.full_sensitivity_results.proposition_inflation.cohen_kappa,0.655999999999999,QPIPE-289eff02936d,0,/mnt/data/10_MACHINE_READABLE_RESULTS.json,0
disagreements,cross_case_statistics.reliability.inference_response.full_sensitivity_results.proposition_inflation.disagreements,1,QPIPE-289eff02936d,0,/mnt/data/10_MACHINE_READABLE_RESULTS.json,0
both_applicable,cross_case_statistics.reliability.inference_response.full_sensitivity_results.source_substitution.both_applicable,43,QPIPE-289eff02936d,0,/mnt/data/10_MACHINE_READABLE_RESULTS.json,0
agreement,cross_case_statistics.reliability.inference_response.full_sensitivity_results.source_substitution.agreement,0.9767441860465116,QPIPE-289eff02936d,0,/mnt/data/10_MACHINE_READABLE_RESULTS.json,0
cohen_kappa,cross_case_statistics.reliability.inference_response.full_sensitivity_results.source_substitution.cohen_kappa,0.655999999999999,QPIPE-289eff02936d,0,/mnt/data/10_MACHINE_READABLE_RESULTS.json,0
disagreements,cross_case_statistics.reliability.inference_response.full_sensitivity_results.source_substitution.disagreements,1,QPIPE-289eff02936d,0,/mnt/data/10_MACHINE_READABLE_RESULTS.json,0
both_applicable,cross_case_statistics.reliability.inference_response.full_sensitivity_results.arch_occ_separation.both_applicable,16,QPIPE-289eff02936d,0,/mnt/data/10_MACHINE_READABLE_RESULTS.json,0
agreement,cross_case_statistics.reliability.inference_response.full_sensitivity_results.arch_occ_separation.agreement,0.875,QPIPE-289eff02936d,0,/mnt/data/10_MACHINE_READABLE_RESULTS.json,0
cohen_kappa,cross_case_statistics.reliability.inference_response.full_sensitivity_results.arch_occ_separation.cohen_kappa,0.42857142857142855,QPIPE-289eff02936d,0,/mnt/data/10_MACHINE_READABLE_RESULTS.json,0
disagreements,cross_case_statistics.reliability.inference_response.full_sensitivity_results.arch_occ_separation.disagreements,2,QPIPE-289eff02936d,0,/mnt/data/10_MACHINE_READABLE_RESULTS.json,0
both_applicable,cross_case_statistics.reliability.inference_response.full_sensitivity_results.t_user.both_applicable,40,QPIPE-289eff02936d,0,/mnt/data/10_MACHINE_READABLE_RESULTS.json,0
exact_agreement,cross_case_statistics.reliability.inference_response.full_sensitivity_results.t_user.exact_agreement,0.4,QPIPE-289eff02936d,0,/mnt/data/10_MACHINE_READABLE_RESULTS.json,0
quadratic_weighted_kappa,cross_case_statistics.reliability.inference_response.full_sensitivity_results.t_user.quadratic_weighted_kappa,0.6774193548387092,QPIPE-289eff02936d,0,/mnt/data/10_MACHINE_READABLE_RESULTS.json,0
mean_absolute_difference,cross_case_statistics.reliability.inference_response.full_sensitivity_results.t_user.mean_absolute_difference,0.625,QPIPE-289eff02936d,0,/mnt/data/10_MACHINE_READABLE_RESULTS.json,0
both_applicable,cross_case_statistics.reliability.inference_response.full_sensitivity_results.t_alt.both_applicable,9,QPIPE-289eff02936d,0,/mnt/data/10_MACHINE_READABLE_RESULTS.json,0
exact_agreement,cross_case_statistics.reliability.inference_response.full_sensitivity_results.t_alt.exact_agreement,0.5555555555555556,QPIPE-289eff02936d,0,/mnt/data/10_MACHINE_READABLE_RESULTS.json,0
quadratic_weighted_kappa,cross_case_statistics.reliability.inference_response.full_sensitivity_results.t_alt.quadratic_weighted_kappa,0.05263157894736862,QPIPE-289eff02936d,0,/mnt/data/10_MACHINE_READABLE_RESULTS.json,0
mean_absolute_difference,cross_case_statistics.reliability.inference_response.full_sensitivity_results.t_alt.mean_absolute_difference,0.4444444444444444,QPIPE-289eff02936d,0,/mnt/data/10_MACHINE_READABLE_RESULTS.json,0
both_applicable,cross_case_statistics.reliability.inference_response.full_sensitivity_results.delta.both_applicable,9,QPIPE-289eff02936d,0,/mnt/data/10_MACHINE_READABLE_RESULTS.json,0
exact_agreement,cross_case_statistics.reliability.inference_response.full_sensitivity_results.delta.exact_agreement,0.3333333333333333,QPIPE-289eff02936d,0,/mnt/data/10_MACHINE_READABLE_RESULTS.json,0
quadratic_weighted_kappa,cross_case_statistics.reliability.inference_response.full_sensitivity_results.delta.quadratic_weighted_kappa,0.14736842105263215,QPIPE-289eff02936d,0,/mnt/data/10_MACHINE_READABLE_RESULTS.json,0
mean_absolute_difference,cross_case_statistics.reliability.inference_response.full_sensitivity_results.delta.mean_absolute_difference,0.7777777777777778,QPIPE-289eff02936d,0,/mnt/data/10_MACHINE_READABLE_RESULTS.json,0
caveat,cross_case_statistics.reliability.inference_response.caveat,Eleven nonheavy rows had prior code/map exposure for the second coder and are excluded from the clean estimate.,QPIPE-289eff02936d,0,/mnt/data/10_MACHINE_READABLE_RESULTS.json,0
RESPONSE_OR_RECORD_BEHAVIOR,cross_case_statistics.reliability.agency_denominator_summary.matching_field_distributions.original_object_class.RESPONSE_OR_RECORD_BEHAVIOR,53,QPIPE-289eff02936d,0,/mnt/data/10_MACHINE_READABLE_RESULTS.json,0
DIRECTIVE_ANALYSIS,cross_case_statistics.reliability.agency_denominator_summary.matching_field_distributions.request_form.DIRECTIVE_ANALYSIS,18,QPIPE-289eff02936d,0,/mnt/data/10_MACHINE_READABLE_RESULTS.json,0
EXPLICIT_QUESTION,cross_case_statistics.reliability.agency_denominator_summary.matching_field_distributions.request_form.EXPLICIT_QUESTION,122,QPIPE-289eff02936d,0,/mnt/data/10_MACHINE_READABLE_RESULTS.json,0
IMPLICIT_OR_FRAGMENT,cross_case_statistics.reliability.agency_denominator_summary.matching_field_distributions.request_form.IMPLICIT_OR_FRAGMENT,3,QPIPE-289eff02936d,0,/mnt/data/10_MACHINE_READABLE_RESULTS.json,0
EXTERNAL,cross_case_statistics.reliability.agency_denominator_summary.matching_field_distributions.request_target.EXTERNAL,33,QPIPE-289eff02936d,0,/mnt/data/10_MACHINE_READABLE_RESULTS.json,0
MIXED,cross_case_statistics.reliability.agency_denominator_summary.matching_field_distributions.request_target.MIXED,6,QPIPE-289eff02936d,0,/mnt/data/10_MACHINE_READABLE_RESULTS.json,0
SELF,cross_case_statistics.reliability.agency_denominator_summary.matching_field_distributions.request_target.SELF,104,QPIPE-289eff02936d,0,/mnt/data/10_MACHINE_READABLE_RESULTS.json,0
RESPONSE_OR_RECORD_BEHAVIOR,cross_case_statistics.reliability.agency_denominator_reliability_source.matching_field_distributions.original_object_class.RESPONSE_OR_RECORD_BEHAVIOR,51,QPIPE-289eff02936d,0,/mnt/data/10_MACHINE_READABLE_RESULTS.json,0
DIRECTIVE_ANALYSIS,cross_case_statistics.reliability.agency_denominator_reliability_source.matching_field_distributions.request_form.DIRECTIVE_ANALYSIS,18,QPIPE-289eff02936d,0,/mnt/data/10_MACHINE_READABLE_RESULTS.json,0
EXPLICIT_QUESTION,cross_case_statistics.reliability.agency_denominator_reliability_source.matching_field_distributions.request_form.EXPLICIT_QUESTION,112,QPIPE-289eff02936d,0,/mnt/data/10_MACHINE_READABLE_RESULTS.json,0
IMPLICIT_OR_FRAGMENT,cross_case_statistics.reliability.agency_denominator_reliability_source.matching_field_distributions.request_form.IMPLICIT_OR_FRAGMENT,4,QPIPE-289eff02936d,0,/mnt/data/10_MACHINE_READABLE_RESULTS.json,0
EXTERNAL,cross_case_statistics.reliability.agency_denominator_reliability_source.matching_field_distributions.request_target.EXTERNAL,31,QPIPE-289eff02936d,0,/mnt/data/10_MACHINE_READABLE_RESULTS.json,0
MIXED,cross_case_statistics.reliability.agency_denominator_reliability_source.matching_field_distributions.request_target.MIXED,6,QPIPE-289eff02936d,0,/mnt/data/10_MACHINE_READABLE_RESULTS.json,0
SELF,cross_case_statistics.reliability.agency_denominator_reliability_source.matching_field_distributions.request_target.SELF,97,QPIPE-289eff02936d,0,/mnt/data/10_MACHINE_READABLE_RESULTS.json,0
sample_frozen_n,cross_case_statistics.reliability.agency_response.sample_frozen_n,15,QPIPE-289eff02936d,0,/mnt/data/10_MACHINE_READABLE_RESULTS.json,0
doublecoded_n,cross_case_statistics.reliability.agency_response.doublecoded_n,15,QPIPE-289eff02936d,0,/mnt/data/10_MACHINE_READABLE_RESULTS.json,0
n,cross_case_statistics.reliability.agency_response.nominal_class.n,15,QPIPE-289eff02936d,0,/mnt/data/10_MACHINE_READABLE_RESULTS.json,0
agreement,cross_case_statistics.reliability.agency_response.nominal_class.agreement,0.8,QPIPE-289eff02936d,0,/mnt/data/10_MACHINE_READABLE_RESULTS.json,0
kappa,cross_case_statistics.reliability.agency_response.nominal_class.kappa,0.6280991735537191,QPIPE-289eff02936d,0,/mnt/data/10_MACHINE_READABLE_RESULTS.json,0
1,cross_case_statistics.reliability.agency_response.nominal_class.coder_a_counts.1,4,QPIPE-289eff02936d,0,/mnt/data/10_MACHINE_READABLE_RESULTS.json,0
0,cross_case_statistics.reliability.agency_response.nominal_class.coder_a_counts.0,9,QPIPE-289eff02936d,0,/mnt/data/10_MACHINE_READABLE_RESULTS.json,0
2,cross_case_statistics.reliability.agency_response.nominal_class.coder_a_counts.2,2,QPIPE-289eff02936d,0,/mnt/data/10_MACHINE_READABLE_RESULTS.json,0
1,cross_case_statistics.reliability.agency_response.nominal_class.coder_b_counts.1,3,QPIPE-289eff02936d,0,/mnt/data/10_MACHINE_READABLE_RESULTS.json,0
0,cross_case_statistics.reliability.agency_response.nominal_class.coder_b_counts.0,10,QPIPE-289eff02936d,0,/mnt/data/10_MACHINE_READABLE_RESULTS.json,0
2,cross_case_statistics.reliability.agency_response.nominal_class.coder_b_counts.2,1,QPIPE-289eff02936d,0,/mnt/data/10_MACHINE_READABLE_RESULTS.json,0
3,cross_case_statistics.reliability.agency_response.nominal_class.coder_b_counts.3,1,QPIPE-289eff02936d,0,/mnt/data/10_MACHINE_READABLE_RESULTS.json,0
n,cross_case_statistics.reliability.agency_response.binary_unnecessary_injection.n,15,QPIPE-289eff02936d,0,/mnt/data/10_MACHINE_READABLE_RESULTS.json,0
agreement,cross_case_statistics.reliability.agency_response.binary_unnecessary_injection.agreement,0.8666666666666667,QPIPE-289eff02936d,0,/mnt/data/10_MACHINE_READABLE_RESULTS.json,0
kappa,cross_case_statistics.reliability.agency_response.binary_unnecessary_injection.kappa,0.423076923076923,QPIPE-289eff02936d,0,/mnt/data/10_MACHINE_READABLE_RESULTS.json,0
0,cross_case_statistics.reliability.agency_response.binary_unnecessary_injection.coder_a_counts.0,13,QPIPE-289eff02936d,0,/mnt/data/10_MACHINE_READABLE_RESULTS.json,0
1,cross_case_statistics.reliability.agency_response.binary_unnecessary_injection.coder_a_counts.1,2,QPIPE-289eff02936d,0,/mnt/data/10_MACHINE_READABLE_RESULTS.json,0
0,cross_case_statistics.reliability.agency_response.binary_unnecessary_injection.coder_b_counts.0,13,QPIPE-289eff02936d,0,/mnt/data/10_MACHINE_READABLE_RESULTS.json,0
1,cross_case_statistics.reliability.agency_response.binary_unnecessary_injection.coder_b_counts.1,2,QPIPE-289eff02936d,0,/mnt/data/10_MACHINE_READABLE_RESULTS.json,0
n,cross_case_statistics.reliability.agency_response.binary_unsolicited_denial.n,15,QPIPE-289eff02936d,0,/mnt/data/10_MACHINE_READABLE_RESULTS.json,0
agreement,cross_case_statistics.reliability.agency_response.binary_unsolicited_denial.agreement,0.9333333333333333,QPIPE-289eff02936d,0,/mnt/data/10_MACHINE_READABLE_RESULTS.json,0
kappa,cross_case_statistics.reliability.agency_response.binary_unsolicited_denial.kappa,0.0,QPIPE-289eff02936d,0,/mnt/data/10_MACHINE_READABLE_RESULTS.json,0
0,cross_case_statistics.reliability.agency_response.binary_unsolicited_denial.coder_a_counts.0,15,QPIPE-289eff02936d,0,/mnt/data/10_MACHINE_READABLE_RESULTS.json,0
0,cross_case_statistics.reliability.agency_response.binary_unsolicited_denial.coder_b_counts.0,14,QPIPE-289eff02936d,0,/mnt/data/10_MACHINE_READABLE_RESULTS.json,0
1,cross_case_statistics.reliability.agency_response.binary_unsolicited_denial.coder_b_counts.1,1,QPIPE-289eff02936d,0,/mnt/data/10_MACHINE_READABLE_RESULTS.json,0
n,cross_case_statistics.reliability.agency_response.original_answered.n,15,QPIPE-289eff02936d,0,/mnt/data/10_MACHINE_READABLE_RESULTS.json,0
agreement,cross_case_statistics.reliability.agency_response.original_answered.agreement,0.8,QPIPE-289eff02936d,0,/mnt/data/10_MACHINE_READABLE_RESULTS.json,0
kappa,cross_case_statistics.reliability.agency_response.original_answered.kappa,-0.04651162790697646,QPIPE-289eff02936d,0,/mnt/data/10_MACHINE_READABLE_RESULTS.json,0
YES,cross_case_statistics.reliability.agency_response.original_answered.coder_a_counts.YES,13,QPIPE-289eff02936d,0,/mnt/data/10_MACHINE_READABLE_RESULTS.json,0
PARTIAL,cross_case_statistics.reliability.agency_response.original_answered.coder_a_counts.PARTIAL,2,QPIPE-289eff02936d,0,/mnt/data/10_MACHINE_READABLE_RESULTS.json,0
YES,cross_case_statistics.reliability.agency_response.original_answered.coder_b_counts.YES,14,QPIPE-289eff02936d,0,/mnt/data/10_MACHINE_READABLE_RESULTS.json,0
NO,cross_case_statistics.reliability.agency_response.original_answered.coder_b_counts.NO,1,QPIPE-289eff02936d,0,/mnt/data/10_MACHINE_READABLE_RESULTS.json,0
n,cross_case_statistics.reliability.agency_response.proposition_preserved.n,15,QPIPE-289eff02936d,0,/mnt/data/10_MACHINE_READABLE_RESULTS.json,0
agreement,cross_case_statistics.reliability.agency_response.proposition_preserved.agreement,0.9333333333333333,QPIPE-289eff02936d,0,/mnt/data/10_MACHINE_READABLE_RESULTS.json,0
kappa,cross_case_statistics.reliability.agency_response.proposition_preserved.kappa,0.0,QPIPE-289eff02936d,0,/mnt/data/10_MACHINE_READABLE_RESULTS.json,0
YES,cross_case_statistics.reliability.agency_response.proposition_preserved.coder_a_counts.YES,14,QPIPE-289eff02936d,0,/mnt/data/10_MACHINE_READABLE_RESULTS.json,0
NO,cross_case_statistics.reliability.agency_response.proposition_preserved.coder_a_counts.NO,1,QPIPE-289eff02936d,0,/mnt/data/10_MACHINE_READABLE_RESULTS.json,0
YES,cross_case_statistics.reliability.agency_response.proposition_preserved.coder_b_counts.YES,15,QPIPE-289eff02936d,0,/mnt/data/10_MACHINE_READABLE_RESULTS.json,0
n,cross_case_statistics.reliability.agency_response.necessary_boundary.n,15,QPIPE-289eff02936d,0,/mnt/data/10_MACHINE_READABLE_RESULTS.json,0
agreement,cross_case_statistics.reliability.agency_response.necessary_boundary.agreement,0.9333333333333333,QPIPE-289eff02936d,0,/mnt/data/10_MACHINE_READABLE_RESULTS.json,0
kappa,cross_case_statistics.reliability.agency_response.necessary_boundary.kappa,0.8148148148148149,QPIPE-289eff02936d,0,/mnt/data/10_MACHINE_READABLE_RESULTS.json,0
1,cross_case_statistics.reliability.agency_response.necessary_boundary.coder_a_counts.1,4,QPIPE-289eff02936d,0,/mnt/data/10_MACHINE_READABLE_RESULTS.json,0
0,cross_case_statistics.reliability.agency_response.necessary_boundary.coder_a_counts.0,11,QPIPE-289eff02936d,0,/mnt/data/10_MACHINE_READABLE_RESULTS.json,0
1,cross_case_statistics.reliability.agency_response.necessary_boundary.coder_b_counts.1,3,QPIPE-289eff02936d,0,/mnt/data/10_MACHINE_READABLE_RESULTS.json,0
0,cross_case_statistics.reliability.agency_response.necessary_boundary.coder_b_counts.0,12,QPIPE-289eff02936d,0,/mnt/data/10_MACHINE_READABLE_RESULTS.json,0
n,cross_case_statistics.reliability.agency_response.transformation_set_exact.n,15,QPIPE-289eff02936d,0,/mnt/data/10_MACHINE_READABLE_RESULTS.json,0
agreement,cross_case_statistics.reliability.agency_response.transformation_set_exact.agreement,0.8,QPIPE-289eff02936d,0,/mnt/data/10_MACHINE_READABLE_RESULTS.json,0
kappa,cross_case_statistics.reliability.agency_response.transformation_set_exact.kappa,0.3382352941176471,QPIPE-289eff02936d,0,/mnt/data/10_MACHINE_READABLE_RESULTS.json,0
NONE,cross_case_statistics.reliability.agency_response.transformation_set_exact.coder_a_counts.NONE,13,QPIPE-289eff02936d,0,/mnt/data/10_MACHINE_READABLE_RESULTS.json,0
BEHAVIOR_TO_AGENT,cross_case_statistics.reliability.agency_response.transformation_set_exact.coder_a_counts.BEHAVIOR_TO_AGENT,1,QPIPE-289eff02936d,0,/mnt/data/10_MACHINE_READABLE_RESULTS.json,0
SOURCE_UNCERTAINTY_TO_INTENT,cross_case_statistics.reliability.agency_response.transformation_set_exact.coder_a_counts.SOURCE_UNCERTAINTY_TO_INTENT,1,QPIPE-289eff02936d,0,/mnt/data/10_MACHINE_READABLE_RESULTS.json,0
NONE,cross_case_statistics.reliability.agency_response.transformation_set_exact.coder_b_counts.NONE,12,QPIPE-289eff02936d,0,/mnt/data/10_MACHINE_READABLE_RESULTS.json,0
ARCHITECTURE_TO_PERSON,cross_case_statistics.reliability.agency_response.transformation_set_exact.coder_b_counts.ARCHITECTURE_TO_PERSON,1,QPIPE-289eff02936d,0,/mnt/data/10_MACHINE_READABLE_RESULTS.json,0
BEHAVIOR_TO_AGENT,cross_case_statistics.reliability.agency_response.transformation_set_exact.coder_b_counts.BEHAVIOR_TO_AGENT,1,QPIPE-289eff02936d,0,/mnt/data/10_MACHINE_READABLE_RESULTS.json,0
OTHER_AGENCY_TRANSFORMATION:nitrogen carrier/provenance -> glass memory,cross_case_statistics.reliability.agency_response.transformation_set_exact.coder_b_counts.OTHER_AGENCY_TRANSFORMATION:nitrogen carrier/provenance -> glass memory,1,QPIPE-289eff02936d,0,/mnt/data/10_MACHINE_READABLE_RESULTS.json,0
1/1,cross_case_statistics.reliability.agency_response.class_confusion_primary_secondary.1/1,3,QPIPE-289eff02936d,0,/mnt/data/10_MACHINE_READABLE_RESULTS.json,0
1/0,cross_case_statistics.reliability.agency_response.class_confusion_primary_secondary.1/0,1,QPIPE-289eff02936d,0,/mnt/data/10_MACHINE_READABLE_RESULTS.json,0
0/0,cross_case_statistics.reliability.agency_response.class_confusion_primary_secondary.0/0,8,QPIPE-289eff02936d,0,/mnt/data/10_MACHINE_READABLE_RESULTS.json,0
2/2,cross_case_statistics.reliability.agency_response.class_confusion_primary_secondary.2/2,1,QPIPE-289eff02936d,0,/mnt/data/10_MACHINE_READABLE_RESULTS.json,0
2/0,cross_case_statistics.reliability.agency_response.class_confusion_primary_secondary.2/0,1,QPIPE-289eff02936d,0,/mnt/data/10_MACHINE_READABLE_RESULTS.json,0
0/3,cross_case_statistics.reliability.agency_response.class_confusion_primary_secondary.0/3,1,QPIPE-289eff02936d,0,/mnt/data/10_MACHINE_READABLE_RESULTS.json,0
rows_with_any_key_disagreement,cross_case_statistics.reliability.agency_response.rows_with_any_key_disagreement,4,QPIPE-289eff02936d,0,/mnt/data/10_MACHINE_READABLE_RESULTS.json,0
csv,cross_case_statistics.reliability.inflation_agency_secondary.source_hashes.inflation_agency_trace_v1.csv,3f8d109a8088e88dc907da7b79604e27fa505713edb172d0a4a8e8283ca20840,QPIPE-289eff02936d,0,/mnt/data/10_MACHINE_READABLE_RESULTS.json,0
csv,cross_case_statistics.reliability.inflation_agency_secondary.source_hashes.inflation_agency_trace_qc_v1.csv,e844460f88fd4140a47548a1aefac2599afc18cb4c7dcfc148a633db70c16b72,QPIPE-289eff02936d,0,/mnt/data/10_MACHINE_READABLE_RESULTS.json,0
csv,cross_case_statistics.reliability.inflation_agency_secondary.source_hashes.inflation_agency_trace_adjudication_v1.csv,e0c58cef6fa1e2e631d128927081d65259216f7474b095450d4887524d57029f,QPIPE-289eff02936d,0,/mnt/data/10_MACHINE_READABLE_RESULTS.json,0
artifact_version,random_inference_response_stability.artifact_version,1.0.0,QPIPE-289eff02936d,0,/mnt/data/10_MACHINE_READABLE_RESULTS.json,0
coding_label,random_inference_response_stability.coding_label,INTRA_MODEL_RECODING_STABILITY,QPIPE-289eff02936d,0,/mnt/data/10_MACHINE_READABLE_RESULTS.json,0
interpretation_scope,random_inference_response_stability.interpretation_scope,Intra-model recoding stability; not inter-rater reliability.,QPIPE-289eff02936d,0,/mnt/data/10_MACHINE_READABLE_RESULTS.json,0
path,random_inference_response_stability.inputs.primary_ledger.path,work/inference_response_codes_adjudicated_v2.csv,QPIPE-289eff02936d,0,/mnt/data/10_MACHINE_READABLE_RESULTS.json,0
sha256,random_inference_response_stability.inputs.primary_ledger.sha256,f6e5f69cea54857030b84b27cdf016443c4448d8151922f10aa150d7e564645c,QPIPE-289eff02936d,0,/mnt/data/10_MACHINE_READABLE_RESULTS.json,0
rows,random_inference_response_stability.inputs.primary_ledger.rows,422,QPIPE-289eff02936d,0,/mnt/data/10_MACHINE_READABLE_RESULTS.json,0
unique_opportunity_ids,random_inference_response_stability.inputs.primary_ledger.unique_opportunity_ids,422,QPIPE-289eff02936d,0,/mnt/data/10_MACHINE_READABLE_RESULTS.json,0
path,random_inference_response_stability.inputs.assignment.path,work/omnibus_gqg_v1/INFERENCE_RANDOM_RELIABILITY_ASSIGNMENT.csv,QPIPE-289eff02936d,0,/mnt/data/10_MACHINE_READABLE_RESULTS.json,0
sha256,random_inference_response_stability.inputs.assignment.sha256,06a610bf8c90d9fd67464f175472fc99870bd9fb123f726997d8909ee1d4b087,QPIPE-289eff02936d,0,/mnt/data/10_MACHINE_READABLE_RESULTS.json,0
rows,random_inference_response_stability.inputs.assignment.rows,42,QPIPE-289eff02936d,0,/mnt/data/10_MACHINE_READABLE_RESULTS.json,0
unique_opportunity_ids,random_inference_response_stability.inputs.assignment.unique_opportunity_ids,42,QPIPE-289eff02936d,0,/mnt/data/10_MACHINE_READABLE_RESULTS.json,0
path,random_inference_response_stability.inputs.second_pass.path,work/omnibus_gqg_v1/INFERENCE_RANDOM_RELIABILITY_SECOND_PASS.csv,QPIPE-289eff02936d,0,/mnt/data/10_MACHINE_READABLE_RESULTS.json,0
sha256,random_inference_response_stability.inputs.second_pass.sha256,fef67bc301e6614b96ee35a95fa29664b1252cd81c55ca2417185a8998887b46,QPIPE-289eff02936d,0,/mnt/data/10_MACHINE_READABLE_RESULTS.json,0
rows,random_inference_response_stability.inputs.second_pass.rows,42,QPIPE-289eff02936d,0,/mnt/data/10_MACHINE_READABLE_RESULTS.json,0
unique_opportunity_ids,random_inference_response_stability.inputs.second_pass.unique_opportunity_ids,42,QPIPE-289eff02936d,0,/mnt/data/10_MACHINE_READABLE_RESULTS.json,0
assignment_second_pass_id_set_match,random_inference_response_stability.validation.assignment_second_pass_id_set_match,true,QPIPE-289eff02936d,0,/mnt/data/10_MACHINE_READABLE_RESULTS.json,0
assignment_second_pass_id_order_match,random_inference_response_stability.validation.assignment_second_pass_id_order_match,true,QPIPE-289eff02936d,0,/mnt/data/10_MACHINE_READABLE_RESULTS.json,0
assigned_ids_all_present_in_primary,random_inference_response_stability.validation.assigned_ids_all_present_in_primary,true,QPIPE-289eff02936d,0,/mnt/data/10_MACHINE_READABLE_RESULTS.json,0
assignment_raw_fields_match_primary,random_inference_response_stability.validation.assignment_raw_fields_match_primary,true,QPIPE-289eff02936d,0,/mnt/data/10_MACHINE_READABLE_RESULTS.json,0
comparison_rows,random_inference_response_stability.validation.comparison_rows,42,QPIPE-289eff02936d,0,/mnt/data/10_MACHINE_READABLE_RESULTS.json,0
comparison_unique_opportunity_ids,random_inference_response_stability.validation.comparison_unique_opportunity_ids,42,QPIPE-289eff02936d,0,/mnt/data/10_MACHINE_READABLE_RESULTS.json,0
fields,random_inference_response_stability.methods.fields[0],response_status,QPIPE-289eff02936d,0,/mnt/data/10_MACHINE_READABLE_RESULTS.json,0
fields,random_inference_response_stability.methods.fields[1],evidence_engagement,QPIPE-289eff02936d,0,/mnt/data/10_MACHINE_READABLE_RESULTS.json,0
fields,random_inference_response_stability.methods.fields[2],proposition_preservation,QPIPE-289eff02936d,0,/mnt/data/10_MACHINE_READABLE_RESULTS.json,0
fields,random_inference_response_stability.methods.fields[3],task_preservation,QPIPE-289eff02936d,0,/mnt/data/10_MACHINE_READABLE_RESULTS.json,0
fields,random_inference_response_stability.methods.fields[4],discriminating_evidence,QPIPE-289eff02936d,0,/mnt/data/10_MACHINE_READABLE_RESULTS.json,0
fields,random_inference_response_stability.methods.fields[5],refusal_substitute,QPIPE-289eff02936d,0,/mnt/data/10_MACHINE_READABLE_RESULTS.json,0
fields,random_inference_response_stability.methods.fields[6],proposition_inflation,QPIPE-289eff02936d,0,/mnt/data/10_MACHINE_READABLE_RESULTS.json,0
fields,random_inference_response_stability.methods.fields[7],source_substitution,QPIPE-289eff02936d,0,/mnt/data/10_MACHINE_READABLE_RESULTS.json,0
fields,random_inference_response_stability.methods.fields[8],arch_occ_separation,QPIPE-289eff02936d,0,/mnt/data/10_MACHINE_READABLE_RESULTS.json,0
raw_agreement,random_inference_response_stability.methods.raw_agreement,"Exact nominal equality, with NA treated as a category in all-row metrics.",QPIPE-289eff02936d,0,/mnt/data/10_MACHINE_READABLE_RESULTS.json,0
cohen_kappa,random_inference_response_stability.methods.cohen_kappa,Unweighted nominal Cohen kappa from primary and second-pass marginals.,QPIPE-289eff02936d,0,/mnt/data/10_MACHINE_READABLE_RESULTS.json,0
applicable_only,random_inference_response_stability.methods.applicable_only,Secondary metric excludes every pair where either value is NA.,QPIPE-289eff02936d,0,/mnt/data/10_MACHINE_READABLE_RESULTS.json,0
undefined_kappa,random_inference_response_stability.methods.undefined_kappa,Reported as null when expected agreement is 1 or no pairs remain.,QPIPE-289eff02936d,0,/mnt/data/10_MACHINE_READABLE_RESULTS.json,0
confusion_orientation,random_inference_response_stability.methods.confusion_orientation,Primary ledger categories are rows; second-pass categories are columns.,QPIPE-289eff02936d,0,/mnt/data/10_MACHINE_READABLE_RESULTS.json,0
n_opportunities,random_inference_response_stability.strata.all.n_opportunities,42,QPIPE-289eff02936d,0,/mnt/data/10_MACHINE_READABLE_RESULTS.json,0
exact_all_field_agreement_count,random_inference_response_stability.strata.all.exact_all_field_agreement_count,13,QPIPE-289eff02936d,0,/mnt/data/10_MACHINE_READABLE_RESULTS.json,0
exact_all_field_raw_agreement,random_inference_response_stability.strata.all.exact_all_field_raw_agreement,0.309524,QPIPE-289eff02936d,0,/mnt/data/10_MACHINE_READABLE_RESULTS.json,0
n,random_inference_response_stability.strata.all.per_field.response_status.all_rows_na_as_category.n,42,QPIPE-289eff02936d,0,/mnt/data/10_MACHINE_READABLE_RESULTS.json,0
agreements,random_inference_response_stability.strata.all.per_field.response_status.all_rows_na_as_category.agreements,42,QPIPE-289eff02936d,0,/mnt/data/10_MACHINE_READABLE_RESULTS.json,0
raw_agreement,random_inference_response_stability.strata.all.per_field.response_status.all_rows_na_as_category.raw_agreement,1.0,QPIPE-289eff02936d,0,/mnt/data/10_MACHINE_READABLE_RESULTS.json,0
expected_agreement,random_inference_response_stability.strata.all.per_field.response_status.all_rows_na_as_category.expected_agreement,1.0,QPIPE-289eff02936d,0,/mnt/data/10_MACHINE_READABLE_RESULTS.json,0
kappa_status,random_inference_response_stability.strata.all.per_field.response_status.all_rows_na_as_category.kappa_status,undefined_no_marginal_variation,QPIPE-289eff02936d,0,/mnt/data/10_MACHINE_READABLE_RESULTS.json,0
categories,random_inference_response_stability.strata.all.per_field.response_status.all_rows_na_as_category.categories[0],observed,QPIPE-289eff02936d,0,/mnt/data/10_MACHINE_READABLE_RESULTS.json,0
observed,random_inference_response_stability.strata.all.per_field.response_status.all_rows_na_as_category.confusion_matrix_primary_rows_second_columns.observed.observed,42,QPIPE-289eff02936d,0,/mnt/data/10_MACHINE_READABLE_RESULTS.json,0
n,random_inference_response_stability.strata.all.per_field.response_status.both_applicable_excluding_na.n,42,QPIPE-289eff02936d,0,/mnt/data/10_MACHINE_READABLE_RESULTS.json,0
agreements,random_inference_response_stability.strata.all.per_field.response_status.both_applicable_excluding_na.agreements,42,QPIPE-289eff02936d,0,/mnt/data/10_MACHINE_READABLE_RESULTS.json,0
raw_agreement,random_inference_response_stability.strata.all.per_field.response_status.both_applicable_excluding_na.raw_agreement,1.0,QPIPE-289eff02936d,0,/mnt/data/10_MACHINE_READABLE_RESULTS.json,0
expected_agreement,random_inference_response_stability.strata.all.per_field.response_status.both_applicable_excluding_na.expected_agreement,1.0,QPIPE-289eff02936d,0,/mnt/data/10_MACHINE_READABLE_RESULTS.json,0
kappa_status,random_inference_response_stability.strata.all.per_field.response_status.both_applicable_excluding_na.kappa_status,undefined_no_marginal_variation,QPIPE-289eff02936d,0,/mnt/data/10_MACHINE_READABLE_RESULTS.json,0
categories,random_inference_response_stability.strata.all.per_field.response_status.both_applicable_excluding_na.categories[0],observed,QPIPE-289eff02936d,0,/mnt/data/10_MACHINE_READABLE_RESULTS.json,0
observed,random_inference_response_stability.strata.all.per_field.response_status.both_applicable_excluding_na.confusion_matrix_primary_rows_second_columns.observed.observed,42,QPIPE-289eff02936d,0,/mnt/data/10_MACHINE_READABLE_RESULTS.json,0
primary_na_count,random_inference_response_stability.strata.all.per_field.response_status.primary_na_count,0,QPIPE-289eff02936d,0,/mnt/data/10_MACHINE_READABLE_RESULTS.json,0
second_na_count,random_inference_response_stability.strata.all.per_field.response_status.second_na_count,0,QPIPE-289eff02936d,0,/mnt/data/10_MACHINE_READABLE_RESULTS.json,0
applicability_agreements,random_inference_response_stability.strata.all.per_field.response_status.applicability_agreements,42,QPIPE-289eff02936d,0,/mnt/data/10_MACHINE_READABLE_RESULTS.json,0
applicability_raw_agreement,random_inference_response_stability.strata.all.per_field.response_status.applicability_raw_agreement,1.0,QPIPE-289eff02936d,0,/mnt/data/10_MACHINE_READABLE_RESULTS.json,0
n,random_inference_response_stability.strata.all.per_field.evidence_engagement.all_rows_na_as_category.n,42,QPIPE-289eff02936d,0,/mnt/data/10_MACHINE_READABLE_RESULTS.json,0
agreements,random_inference_response_stability.strata.all.per_field.evidence_engagement.all_rows_na_as_category.agreements,31,QPIPE-289eff02936d,0,/mnt/data/10_MACHINE_READABLE_RESULTS.json,0
raw_agreement,random_inference_response_stability.strata.all.per_field.evidence_engagement.all_rows_na_as_category.raw_agreement,0.738095,QPIPE-289eff02936d,0,/mnt/data/10_MACHINE_READABLE_RESULTS.json,0
expected_agreement,random_inference_response_stability.strata.all.per_field.evidence_engagement.all_rows_na_as_category.expected_agreement,0.469388,QPIPE-289eff02936d,0,/mnt/data/10_MACHINE_READABLE_RESULTS.json,0
cohen_kappa,random_inference_response_stability.strata.all.per_field.evidence_engagement.all_rows_na_as_category.cohen_kappa,0.50641,QPIPE-289eff02936d,0,/mnt/data/10_MACHINE_READABLE_RESULTS.json,0
kappa_status,random_inference_response_stability.strata.all.per_field.evidence_engagement.all_rows_na_as_category.kappa_status,defined,QPIPE-289eff02936d,0,/mnt/data/10_MACHINE_READABLE_RESULTS.json,0
categories,random_inference_response_stability.strata.all.per_field.evidence_engagement.all_rows_na_as_category.categories[0],0,QPIPE-289eff02936d,0,/mnt/data/10_MACHINE_READABLE_RESULTS.json,0
categories,random_inference_response_stability.strata.all.per_field.evidence_engagement.all_rows_na_as_category.categories[1],1,QPIPE-289eff02936d,0,/mnt/data/10_MACHINE_READABLE_RESULTS.json,0
categories,random_inference_response_stability.strata.all.per_field.evidence_engagement.all_rows_na_as_category.categories[2],NA,QPIPE-289eff02936d,0,/mnt/data/10_MACHINE_READABLE_RESULTS.json,0
0,random_inference_response_stability.strata.all.per_field.evidence_engagement.all_rows_na_as_category.confusion_matrix_primary_rows_second_columns.0.0,10,QPIPE-289eff02936d,0,/mnt/data/10_MACHINE_READABLE_RESULTS.json,0
1,random_inference_response_stability.strata.all.per_field.evidence_engagement.all_rows_na_as_category.confusion_matrix_primary_rows_second_columns.0.1,1,QPIPE-289eff02936d,0,/mnt/data/10_MACHINE_READABLE_RESULTS.json,0
NA,random_inference_response_stability.strata.all.per_field.evidence_engagement.all_rows_na_as_category.confusion_matrix_primary_rows_second_columns.0.NA,2,QPIPE-289eff02936d,0,/mnt/data/10_MACHINE_READABLE_RESULTS.json,0
0,random_inference_response_stability.strata.all.per_field.evidence_engagement.all_rows_na_as_category.confusion_matrix_primary_rows_second_columns.1.0,5,QPIPE-289eff02936d,0,/mnt/data/10_MACHINE_READABLE_RESULTS.json,0
1,random_inference_response_stability.strata.all.per_field.evidence_engagement.all_rows_na_as_category.confusion_matrix_primary_rows_second_columns.1.1,21,QPIPE-289eff02936d,0,/mnt/data/10_MACHINE_READABLE_RESULTS.json,0
NA,random_inference_response_stability.strata.all.per_field.evidence_engagement.all_rows_na_as_category.confusion_matrix_primary_rows_second_columns.1.NA,2,QPIPE-289eff02936d,0,/mnt/data/10_MACHINE_READABLE_RESULTS.json,0
0,random_inference_response_stability.strata.all.per_field.evidence_engagement.all_rows_na_as_category.confusion_matrix_primary_rows_second_columns.NA.0,1,QPIPE-289eff02936d,0,/mnt/data/10_MACHINE_READABLE_RESULTS.json,0
1,random_inference_response_stability.strata.all.per_field.evidence_engagement.all_rows_na_as_category.confusion_matrix_primary_rows_second_columns.NA.1,0,QPIPE-289eff02936d,0,/mnt/data/10_MACHINE_READABLE_RESULTS.json,0
NA,random_inference_response_stability.strata.all.per_field.evidence_engagement.all_rows_na_as_category.confusion_matrix_primary_rows_second_columns.NA.NA,0,QPIPE-289eff02936d,0,/mnt/data/10_MACHINE_READABLE_RESULTS.json,0
n,random_inference_response_stability.strata.all.per_field.evidence_engagement.both_applicable_excluding_na.n,37,QPIPE-289eff02936d,0,/mnt/data/10_MACHINE_READABLE_RESULTS.json,0
agreements,random_inference_response_stability.strata.all.per_field.evidence_engagement.both_applicable_excluding_na.agreements,31,QPIPE-289eff02936d,0,/mnt/data/10_MACHINE_READABLE_RESULTS.json,0
raw_agreement,random_inference_response_stability.strata.all.per_field.evidence_engagement.both_applicable_excluding_na.raw_agreement,0.837838,QPIPE-289eff02936d,0,/mnt/data/10_MACHINE_READABLE_RESULTS.json,0
expected_agreement,random_inference_response_stability.strata.all.per_field.evidence_engagement.both_applicable_excluding_na.expected_agreement,0.538349,QPIPE-289eff02936d,0,/mnt/data/10_MACHINE_READABLE_RESULTS.json,0
cohen_kappa,random_inference_response_stability.strata.all.per_field.evidence_engagement.both_applicable_excluding_na.cohen_kappa,0.648734,QPIPE-289eff02936d,0,/mnt/data/10_MACHINE_READABLE_RESULTS.json,0
kappa_status,random_inference_response_stability.strata.all.per_field.evidence_engagement.both_applicable_excluding_na.kappa_status,defined,QPIPE-289eff02936d,0,/mnt/data/10_MACHINE_READABLE_RESULTS.json,0
categories,random_inference_response_stability.strata.all.per_field.evidence_engagement.both_applicable_excluding_na.categories[0],0,QPIPE-289eff02936d,0,/mnt/data/10_MACHINE_READABLE_RESULTS.json,0
categories,random_inference_response_stability.strata.all.per_field.evidence_engagement.both_applicable_excluding_na.categories[1],1,QPIPE-289eff02936d,0,/mnt/data/10_MACHINE_READABLE_RESULTS.json,0
0,random_inference_response_stability.strata.all.per_field.evidence_engagement.both_applicable_excluding_na.confusion_matrix_primary_rows_second_columns.0.0,10,QPIPE-289eff02936d,0,/mnt/data/10_MACHINE_READABLE_RESULTS.json,0
1,random_inference_response_stability.strata.all.per_field.evidence_engagement.both_applicable_excluding_na.confusion_matrix_primary_rows_second_columns.0.1,1,QPIPE-289eff02936d,0,/mnt/data/10_MACHINE_READABLE_RESULTS.json,0
0,random_inference_response_stability.strata.all.per_field.evidence_engagement.both_applicable_excluding_na.confusion_matrix_primary_rows_second_columns.1.0,5,QPIPE-289eff02936d,0,/mnt/data/10_MACHINE_READABLE_RESULTS.json,0
1,random_inference_response_stability.strata.all.per_field.evidence_engagement.both_applicable_excluding_na.confusion_matrix_primary_rows_second_columns.1.1,21,QPIPE-289eff02936d,0,/mnt/data/10_MACHINE_READABLE_RESULTS.json,0
primary_na_count,random_inference_response_stability.strata.all.per_field.evidence_engagement.primary_na_count,1,QPIPE-289eff02936d,0,/mnt/data/10_MACHINE_READABLE_RESULTS.json,0
second_na_count,random_inference_response_stability.strata.all.per_field.evidence_engagement.second_na_count,4,QPIPE-289eff02936d,0,/mnt/data/10_MACHINE_READABLE_RESULTS.json,0
applicability_agreements,random_inference_response_stability.strata.all.per_field.evidence_engagement.applicability_agreements,37,QPIPE-289eff02936d,0,/mnt/data/10_MACHINE_READABLE_RESULTS.json,0
applicability_raw_agreement,random_inference_response_stability.strata.all.per_field.evidence_engagement.applicability_raw_agreement,0.880952,QPIPE-289eff02936d,0,/mnt/data/10_MACHINE_READABLE_RESULTS.json,0
n,random_inference_response_stability.strata.all.per_field.proposition_preservation.all_rows_na_as_category.n,42,QPIPE-289eff02936d,0,/mnt/data/10_MACHINE_READABLE_RESULTS.json,0
agreements,random_inference_response_stability.strata.all.per_field.proposition_preservation.all_rows_na_as_category.agreements,36,QPIPE-289eff02936d,0,/mnt/data/10_MACHINE_READABLE_RESULTS.json,0
raw_agreement,random_inference_response_stability.strata.all.per_field.proposition_preservation.all_rows_na_as_category.raw_agreement,0.857143,QPIPE-289eff02936d,0,/mnt/data/10_MACHINE_READABLE_RESULTS.json,0
expected_agreement,random_inference_response_stability.strata.all.per_field.proposition_preservation.all_rows_na_as_category.expected_agreement,0.590703,QPIPE-289eff02936d,0,/mnt/data/10_MACHINE_READABLE_RESULTS.json,0
cohen_kappa,random_inference_response_stability.strata.all.per_field.proposition_preservation.all_rows_na_as_category.cohen_kappa,0.65097,QPIPE-289eff02936d,0,/mnt/data/10_MACHINE_READABLE_RESULTS.json,0
kappa_status,random_inference_response_stability.strata.all.per_field.proposition_preservation.all_rows_na_as_category.kappa_status,defined,QPIPE-289eff02936d,0,/mnt/data/10_MACHINE_READABLE_RESULTS.json,0
categories,random_inference_response_stability.strata.all.per_field.proposition_preservation.all_rows_na_as_category.categories[0],0,QPIPE-289eff02936d,0,/mnt/data/10_MACHINE_READABLE_RESULTS.json,0
categories,random_inference_response_stability.strata.all.per_field.proposition_preservation.all_rows_na_as_category.categories[1],1,QPIPE-289eff02936d,0,/mnt/data/10_MACHINE_READABLE_RESULTS.json,0
0,random_inference_response_stability.strata.all.per_field.proposition_preservation.all_rows_na_as_category.confusion_matrix_primary_rows_second_columns.0.0,9,QPIPE-289eff02936d,0,/mnt/data/10_MACHINE_READABLE_RESULTS.json,0
1,random_inference_response_stability.strata.all.per_field.proposition_preservation.all_rows_na_as_category.confusion_matrix_primary_rows_second_columns.0.1,4,QPIPE-289eff02936d,0,/mnt/data/10_MACHINE_READABLE_RESULTS.json,0
0,random_inference_response_stability.strata.all.per_field.proposition_preservation.all_rows_na_as_category.confusion_matrix_primary_rows_second_columns.1.0,2,QPIPE-289eff02936d,0,/mnt/data/10_MACHINE_READABLE_RESULTS.json,0
1,random_inference_response_stability.strata.all.per_field.proposition_preservation.all_rows_na_as_category.confusion_matrix_primary_rows_second_columns.1.1,27,QPIPE-289eff02936d,0,/mnt/data/10_MACHINE_READABLE_RESULTS.json,0
n,random_inference_response_stability.strata.all.per_field.proposition_preservation.both_applicable_excluding_na.n,42,QPIPE-289eff02936d,0,/mnt/data/10_MACHINE_READABLE_RESULTS.json,0
agreements,random_inference_response_stability.strata.all.per_field.proposition_preservation.both_applicable_excluding_na.agreements,36,QPIPE-289eff02936d,0,/mnt/data/10_MACHINE_READABLE_RESULTS.json,0
raw_agreement,random_inference_response_stability.strata.all.per_field.proposition_preservation.both_applicable_excluding_na.raw_agreement,0.857143,QPIPE-289eff02936d,0,/mnt/data/10_MACHINE_READABLE_RESULTS.json,0
expected_agreement,random_inference_response_stability.strata.all.per_field.proposition_preservation.both_applicable_excluding_na.expected_agreement,0.590703,QPIPE-289eff02936d,0,/mnt/data/10_MACHINE_READABLE_RESULTS.json,0
cohen_kappa,random_inference_response_stability.strata.all.per_field.proposition_preservation.both_applicable_excluding_na.cohen_kappa,0.65097,QPIPE-289eff02936d,0,/mnt/data/10_MACHINE_READABLE_RESULTS.json,0
kappa_status,random_inference_response_stability.strata.all.per_field.proposition_preservation.both_applicable_excluding_na.kappa_status,defined,QPIPE-289eff02936d,0,/mnt/data/10_MACHINE_READABLE_RESULTS.json,0
categories,random_inference_response_stability.strata.all.per_field.proposition_preservation.both_applicable_excluding_na.categories[0],0,QPIPE-289eff02936d,0,/mnt/data/10_MACHINE_READABLE_RESULTS.json,0
categories,random_inference_response_stability.strata.all.per_field.proposition_preservation.both_applicable_excluding_na.categories[1],1,QPIPE-289eff02936d,0,/mnt/data/10_MACHINE_READABLE_RESULTS.json,0
0,random_inference_response_stability.strata.all.per_field.proposition_preservation.both_applicable_excluding_na.confusion_matrix_primary_rows_second_columns.0.0,9,QPIPE-289eff02936d,0,/mnt/data/10_MACHINE_READABLE_RESULTS.json,0
1,random_inference_response_stability.strata.all.per_field.proposition_preservation.both_applicable_excluding_na.confusion_matrix_primary_rows_second_columns.0.1,4,QPIPE-289eff02936d,0,/mnt/data/10_MACHINE_READABLE_RESULTS.json,0
0,random_inference_response_stability.strata.all.per_field.proposition_preservation.both_applicable_excluding_na.confusion_matrix_primary_rows_second_columns.1.0,2,QPIPE-289eff02936d,0,/mnt/data/10_MACHINE_READABLE_RESULTS.json,0
1,random_inference_response_stability.strata.all.per_field.proposition_preservation.both_applicable_excluding_na.confusion_matrix_primary_rows_second_columns.1.1,27,QPIPE-289eff02936d,0,/mnt/data/10_MACHINE_READABLE_RESULTS.json,0
primary_na_count,random_inference_response_stability.strata.all.per_field.proposition_preservation.primary_na_count,0,QPIPE-289eff02936d,0,/mnt/data/10_MACHINE_READABLE_RESULTS.json,0
second_na_count,random_inference_response_stability.strata.all.per_field.proposition_preservation.second_na_count,0,QPIPE-289eff02936d,0,/mnt/data/10_MACHINE_READABLE_RESULTS.json,0
applicability_agreements,random_inference_response_stability.strata.all.per_field.proposition_preservation.applicability_agreements,42,QPIPE-289eff02936d,0,/mnt/data/10_MACHINE_READABLE_RESULTS.json,0
applicability_raw_agreement,random_inference_response_stability.strata.all.per_field.proposition_preservation.applicability_raw_agreement,1.0,QPIPE-289eff02936d,0,/mnt/data/10_MACHINE_READABLE_RESULTS.json,0
n,random_inference_response_stability.strata.all.per_field.task_preservation.all_rows_na_as_category.n,42,QPIPE-289eff02936d,0,/mnt/data/10_MACHINE_READABLE_RESULTS.json,0
agreements,random_inference_response_stability.strata.all.per_field.task_preservation.all_rows_na_as_category.agreements,37,QPIPE-289eff02936d,0,/mnt/data/10_MACHINE_READABLE_RESULTS.json,0
raw_agreement,random_inference_response_stability.strata.all.per_field.task_preservation.all_rows_na_as_category.raw_agreement,0.880952,QPIPE-289eff02936d,0,/mnt/data/10_MACHINE_READABLE_RESULTS.json,0
expected_agreement,random_inference_response_stability.strata.all.per_field.task_preservation.all_rows_na_as_category.expected_agreement,0.581633,QPIPE-289eff02936d,0,/mnt/data/10_MACHINE_READABLE_RESULTS.json,0
cohen_kappa,random_inference_response_stability.strata.all.per_field.task_preservation.all_rows_na_as_category.cohen_kappa,0.715447,QPIPE-289eff02936d,0,/mnt/data/10_MACHINE_READABLE_RESULTS.json,0
kappa_status,random_inference_response_stability.strata.all.per_field.task_preservation.all_rows_na_as_category.kappa_status,defined,QPIPE-289eff02936d,0,/mnt/data/10_MACHINE_READABLE_RESULTS.json,0
categories,random_inference_response_stability.strata.all.per_field.task_preservation.all_rows_na_as_category.categories[0],0,QPIPE-289eff02936d,0,/mnt/data/10_MACHINE_READABLE_RESULTS.json,0
categories,random_inference_response_stability.strata.all.per_field.task_preservation.all_rows_na_as_category.categories[1],1,QPIPE-289eff02936d,0,/mnt/data/10_MACHINE_READABLE_RESULTS.json,0
0,random_inference_response_stability.strata.all.per_field.task_preservation.all_rows_na_as_category.confusion_matrix_primary_rows_second_columns.0.0,10,QPIPE-289eff02936d,0,/mnt/data/10_MACHINE_READABLE_RESULTS.json,0
1,random_inference_response_stability.strata.all.per_field.task_preservation.all_rows_na_as_category.confusion_matrix_primary_rows_second_columns.0.1,3,QPIPE-289eff02936d,0,/mnt/data/10_MACHINE_READABLE_RESULTS.json,0
0,random_inference_response_stability.strata.all.per_field.task_preservation.all_rows_na_as_category.confusion_matrix_primary_rows_second_columns.1.0,2,QPIPE-289eff02936d,0,/mnt/data/10_MACHINE_READABLE_RESULTS.json,0
1,random_inference_response_stability.strata.all.per_field.task_preservation.all_rows_na_as_category.confusion_matrix_primary_rows_second_columns.1.1,27,QPIPE-289eff02936d,0,/mnt/data/10_MACHINE_READABLE_RESULTS.json,0
n,random_inference_response_stability.strata.all.per_field.task_preservation.both_applicable_excluding_na.n,42,QPIPE-289eff02936d,0,/mnt/data/10_MACHINE_READABLE_RESULTS.json,0
agreements,random_inference_response_stability.strata.all.per_field.task_preservation.both_applicable_excluding_na.agreements,37,QPIPE-289eff02936d,0,/mnt/data/10_MACHINE_READABLE_RESULTS.json,0
raw_agreement,random_inference_response_stability.strata.all.per_field.task_preservation.both_applicable_excluding_na.raw_agreement,0.880952,QPIPE-289eff02936d,0,/mnt/data/10_MACHINE_READABLE_RESULTS.json,0
expected_agreement,random_inference_response_stability.strata.all.per_field.task_preservation.both_applicable_excluding_na.expected_agreement,0.581633,QPIPE-289eff02936d,0,/mnt/data/10_MACHINE_READABLE_RESULTS.json,0
cohen_kappa,random_inference_response_stability.strata.all.per_field.task_preservation.both_applicable_excluding_na.cohen_kappa,0.715447,QPIPE-289eff02936d,0,/mnt/data/10_MACHINE_READABLE_RESULTS.json,0
kappa_status,random_inference_response_stability.strata.all.per_field.task_preservation.both_applicable_excluding_na.kappa_status,defined,QPIPE-289eff02936d,0,/mnt/data/10_MACHINE_READABLE_RESULTS.json,0
categories,random_inference_response_stability.strata.all.per_field.task_preservation.both_applicable_excluding_na.categories[0],0,QPIPE-289eff02936d,0,/mnt/data/10_MACHINE_READABLE_RESULTS.json,0
categories,random_inference_response_stability.strata.all.per_field.task_preservation.both_applicable_excluding_na.categories[1],1,QPIPE-289eff02936d,0,/mnt/data/10_MACHINE_READABLE_RESULTS.json,0
0,random_inference_response_stability.strata.all.per_field.task_preservation.both_applicable_excluding_na.confusion_matrix_primary_rows_second_columns.0.0,10,QPIPE-289eff02936d,0,/mnt/data/10_MACHINE_READABLE_RESULTS.json,0
1,random_inference_response_stability.strata.all.per_field.task_preservation.both_applicable_excluding_na.confusion_matrix_primary_rows_second_columns.0.1,3,QPIPE-289eff02936d,0,/mnt/data/10_MACHINE_READABLE_RESULTS.json,0
0,random_inference_response_stability.strata.all.per_field.task_preservation.both_applicable_excluding_na.confusion_matrix_primary_rows_second_columns.1.0,2,QPIPE-289eff02936d,0,/mnt/data/10_MACHINE_READABLE_RESULTS.json,0
1,random_inference_response_stability.strata.all.per_field.task_preservation.both_applicable_excluding_na.confusion_matrix_primary_rows_second_columns.1.1,27,QPIPE-289eff02936d,0,/mnt/data/10_MACHINE_READABLE_RESULTS.json,0
primary_na_count,random_inference_response_stability.strata.all.per_field.task_preservation.primary_na_count,0,QPIPE-289eff02936d,0,/mnt/data/10_MACHINE_READABLE_RESULTS.json,0
second_na_count,random_inference_response_stability.strata.all.per_field.task_preservation.second_na_count,0,QPIPE-289eff02936d,0,/mnt/data/10_MACHINE_READABLE_RESULTS.json,0
applicability_agreements,random_inference_response_stability.strata.all.per_field.task_preservation.applicability_agreements,42,QPIPE-289eff02936d,0,/mnt/data/10_MACHINE_READABLE_RESULTS.json,0
applicability_raw_agreement,random_inference_response_stability.strata.all.per_field.task_preservation.applicability_raw_agreement,1.0,QPIPE-289eff02936d,0,/mnt/data/10_MACHINE_READABLE_RESULTS.json,0
n,random_inference_response_stability.strata.all.per_field.discriminating_evidence.all_rows_na_as_category.n,42,QPIPE-289eff02936d,0,/mnt/data/10_MACHINE_READABLE_RESULTS.json,0
agreements,random_inference_response_stability.strata.all.per_field.discriminating_evidence.all_rows_na_as_category.agreements,28,QPIPE-289eff02936d,0,/mnt/data/10_MACHINE_READABLE_RESULTS.json,0
raw_agreement,random_inference_response_stability.strata.all.per_field.discriminating_evidence.all_rows_na_as_category.raw_agreement,0.666667,QPIPE-289eff02936d,0,/mnt/data/10_MACHINE_READABLE_RESULTS.json,0
expected_agreement,random_inference_response_stability.strata.all.per_field.discriminating_evidence.all_rows_na_as_category.expected_agreement,0.421769,QPIPE-289eff02936d,0,/mnt/data/10_MACHINE_READABLE_RESULTS.json,0
cohen_kappa,random_inference_response_stability.strata.all.per_field.discriminating_evidence.all_rows_na_as_category.cohen_kappa,0.423529,QPIPE-289eff02936d,0,/mnt/data/10_MACHINE_READABLE_RESULTS.json,0
kappa_status,random_inference_response_stability.strata.all.per_field.discriminating_evidence.all_rows_na_as_category.kappa_status,defined,QPIPE-289eff02936d,0,/mnt/data/10_MACHINE_READABLE_RESULTS.json,0
categories,random_inference_response_stability.strata.all.per_field.discriminating_evidence.all_rows_na_as_category.categories[0],0,QPIPE-289eff02936d,0,/mnt/data/10_MACHINE_READABLE_RESULTS.json,0
categories,random_inference_response_stability.strata.all.per_field.discriminating_evidence.all_rows_na_as_category.categories[1],1,QPIPE-289eff02936d,0,/mnt/data/10_MACHINE_READABLE_RESULTS.json,0
categories,random_inference_response_stability.strata.all.per_field.discriminating_evidence.all_rows_na_as_category.categories[2],NA,QPIPE-289eff02936d,0,/mnt/data/10_MACHINE_READABLE_RESULTS.json,0
0,random_inference_response_stability.strata.all.per_field.discriminating_evidence.all_rows_na_as_category.confusion_matrix_primary_rows_second_columns.0.0,6,QPIPE-289eff02936d,0,/mnt/data/10_MACHINE_READABLE_RESULTS.json,0
1,random_inference_response_stability.strata.all.per_field.discriminating_evidence.all_rows_na_as_category.confusion_matrix_primary_rows_second_columns.0.1,3,QPIPE-289eff02936d,0,/mnt/data/10_MACHINE_READABLE_RESULTS.json,0
NA,random_inference_response_stability.strata.all.per_field.discriminating_evidence.all_rows_na_as_category.confusion_matrix_primary_rows_second_columns.0.NA,2,QPIPE-289eff02936d,0,/mnt/data/10_MACHINE_READABLE_RESULTS.json,0
0,random_inference_response_stability.strata.all.per_field.discriminating_evidence.all_rows_na_as_category.confusion_matrix_primary_rows_second_columns.1.0,1,QPIPE-289eff02936d,0,/mnt/data/10_MACHINE_READABLE_RESULTS.json,0
1,random_inference_response_stability.strata.all.per_field.discriminating_evidence.all_rows_na_as_category.confusion_matrix_primary_rows_second_columns.1.1,3,QPIPE-289eff02936d,0,/mnt/data/10_MACHINE_READABLE_RESULTS.json,0
NA,random_inference_response_stability.strata.all.per_field.discriminating_evidence.all_rows_na_as_category.confusion_matrix_primary_rows_second_columns.1.NA,4,QPIPE-289eff02936d,0,/mnt/data/10_MACHINE_READABLE_RESULTS.json,0
0,random_inference_response_stability.strata.all.per_field.discriminating_evidence.all_rows_na_as_category.confusion_matrix_primary_rows_second_columns.NA.0,4,QPIPE-289eff02936d,0,/mnt/data/10_MACHINE_READABLE_RESULTS.json,0
1,random_inference_response_stability.strata.all.per_field.discriminating_evidence.all_rows_na_as_category.confusion_matrix_primary_rows_second_columns.NA.1,0,QPIPE-289eff02936d,0,/mnt/data/10_MACHINE_READABLE_RESULTS.json,0
NA,random_inference_response_stability.strata.all.per_field.discriminating_evidence.all_rows_na_as_category.confusion_matrix_primary_rows_second_columns.NA.NA,19,QPIPE-289eff02936d,0,/mnt/data/10_MACHINE_READABLE_RESULTS.json,0
n,random_inference_response_stability.strata.all.per_field.discriminating_evidence.both_applicable_excluding_na.n,13,QPIPE-289eff02936d,0,/mnt/data/10_MACHINE_READABLE_RESULTS.json,0
agreements,random_inference_response_stability.strata.all.per_field.discriminating_evidence.both_applicable_excluding_na.agreements,9,QPIPE-289eff02936d,0,/mnt/data/10_MACHINE_READABLE_RESULTS.json,0
raw_agreement,random_inference_response_stability.strata.all.per_field.discriminating_evidence.both_applicable_excluding_na.raw_agreement,0.692308,QPIPE-289eff02936d,0,/mnt/data/10_MACHINE_READABLE_RESULTS.json,0
expected_agreement,random_inference_response_stability.strata.all.per_field.discriminating_evidence.both_applicable_excluding_na.expected_agreement,0.514793,QPIPE-289eff02936d,0,/mnt/data/10_MACHINE_READABLE_RESULTS.json,0
cohen_kappa,random_inference_response_stability.strata.all.per_field.discriminating_evidence.both_applicable_excluding_na.cohen_kappa,0.365854,QPIPE-289eff02936d,0,/mnt/data/10_MACHINE_READABLE_RESULTS.json,0
kappa_status,random_inference_response_stability.strata.all.per_field.discriminating_evidence.both_applicable_excluding_na.kappa_status,defined,QPIPE-289eff02936d,0,/mnt/data/10_MACHINE_READABLE_RESULTS.json,0
categories,random_inference_response_stability.strata.all.per_field.discriminating_evidence.both_applicable_excluding_na.categories[0],0,QPIPE-289eff02936d,0,/mnt/data/10_MACHINE_READABLE_RESULTS.json,0
categories,random_inference_response_stability.strata.all.per_field.discriminating_evidence.both_applicable_excluding_na.categories[1],1,QPIPE-289eff02936d,0,/mnt/data/10_MACHINE_READABLE_RESULTS.json,0
0,random_inference_response_stability.strata.all.per_field.discriminating_evidence.both_applicable_excluding_na.confusion_matrix_primary_rows_second_columns.0.0,6,QPIPE-289eff02936d,0,/mnt/data/10_MACHINE_READABLE_RESULTS.json,0
1,random_inference_response_stability.strata.all.per_field.discriminating_evidence.both_applicable_excluding_na.confusion_matrix_primary_rows_second_columns.0.1,3,QPIPE-289eff02936d,0,/mnt/data/10_MACHINE_READABLE_RESULTS.json,0
0,random_inference_response_stability.strata.all.per_field.discriminating_evidence.both_applicable_excluding_na.confusion_matrix_primary_rows_second_columns.1.0,1,QPIPE-289eff02936d,0,/mnt/data/10_MACHINE_READABLE_RESULTS.json,0
1,random_inference_response_stability.strata.all.per_field.discriminating_evidence.both_applicable_excluding_na.confusion_matrix_primary_rows_second_columns.1.1,3,QPIPE-289eff02936d,0,/mnt/data/10_MACHINE_READABLE_RESULTS.json,0
primary_na_count,random_inference_response_stability.strata.all.per_field.discriminating_evidence.primary_na_count,23,QPIPE-289eff02936d,0,/mnt/data/10_MACHINE_READABLE_RESULTS.json,0
second_na_count,random_inference_response_stability.strata.all.per_field.discriminating_evidence.second_na_count,25,QPIPE-289eff02936d,0,/mnt/data/10_MACHINE_READABLE_RESULTS.json,0
applicability_agreements,random_inference_response_stability.strata.all.per_field.discriminating_evidence.applicability_agreements,32,QPIPE-289eff02936d,0,/mnt/data/10_MACHINE_READABLE_RESULTS.json,0
applicability_raw_agreement,random_inference_response_stability.strata.all.per_field.discriminating_evidence.applicability_raw_agreement,0.761905,QPIPE-289eff02936d,0,/mnt/data/10_MACHINE_READABLE_RESULTS.json,0
n,random_inference_response_stability.strata.all.per_field.refusal_substitute.all_rows_na_as_category.n,42,QPIPE-289eff02936d,0,/mnt/data/10_MACHINE_READABLE_RESULTS.json,0
agreements,random_inference_response_stability.strata.all.per_field.refusal_substitute.all_rows_na_as_category.agreements,36,QPIPE-289eff02936d,0,/mnt/data/10_MACHINE_READABLE_RESULTS.json,0
raw_agreement,random_inference_response_stability.strata.all.per_field.refusal_substitute.all_rows_na_as_category.raw_agreement,0.857143,QPIPE-289eff02936d,0,/mnt/data/10_MACHINE_READABLE_RESULTS.json,0
expected_agreement,random_inference_response_stability.strata.all.per_field.refusal_substitute.all_rows_na_as_category.expected_agreement,0.65873,QPIPE-289eff02936d,0,/mnt/data/10_MACHINE_READABLE_RESULTS.json,0
cohen_kappa,random_inference_response_stability.strata.all.per_field.refusal_substitute.all_rows_na_as_category.cohen_kappa,0.581395,QPIPE-289eff02936d,0,/mnt/data/10_MACHINE_READABLE_RESULTS.json,0
kappa_status,random_inference_response_stability.strata.all.per_field.refusal_substitute.all_rows_na_as_category.kappa_status,defined,QPIPE-289eff02936d,0,/mnt/data/10_MACHINE_READABLE_RESULTS.json,0
categories,random_inference_response_stability.strata.all.per_field.refusal_substitute.all_rows_na_as_category.categories[0],no,QPIPE-289eff02936d,0,/mnt/data/10_MACHINE_READABLE_RESULTS.json,0
categories,random_inference_response_stability.strata.all.per_field.refusal_substitute.all_rows_na_as_category.categories[1],yes,QPIPE-289eff02936d,0,/mnt/data/10_MACHINE_READABLE_RESULTS.json,0
no,random_inference_response_stability.strata.all.per_field.refusal_substitute.all_rows_na_as_category.confusion_matrix_primary_rows_second_columns.no.no,30,QPIPE-289eff02936d,0,/mnt/data/10_MACHINE_READABLE_RESULTS.json,0
yes,random_inference_response_stability.strata.all.per_field.refusal_substitute.all_rows_na_as_category.confusion_matrix_primary_rows_second_columns.no.yes,5,QPIPE-289eff02936d,0,/mnt/data/10_MACHINE_READABLE_RESULTS.json,0
no,random_inference_response_stability.strata.all.per_field.refusal_substitute.all_rows_na_as_category.confusion_matrix_primary_rows_second_columns.yes.no,1,QPIPE-289eff02936d,0,/mnt/data/10_MACHINE_READABLE_RESULTS.json,0
yes,random_inference_response_stability.strata.all.per_field.refusal_substitute.all_rows_na_as_category.confusion_matrix_primary_rows_second_columns.yes.yes,6,QPIPE-289eff02936d,0,/mnt/data/10_MACHINE_READABLE_RESULTS.json,0
n,random_inference_response_stability.strata.all.per_field.refusal_substitute.both_applicable_excluding_na.n,42,QPIPE-289eff02936d,0,/mnt/data/10_MACHINE_READABLE_RESULTS.json,0
agreements,random_inference_response_stability.strata.all.per_field.refusal_substitute.both_applicable_excluding_na.agreements,36,QPIPE-289eff02936d,0,/mnt/data/10_MACHINE_READABLE_RESULTS.json,0
raw_agreement,random_inference_response_stability.strata.all.per_field.refusal_substitute.both_applicable_excluding_na.raw_agreement,0.857143,QPIPE-289eff02936d,0,/mnt/data/10_MACHINE_READABLE_RESULTS.json,0
expected_agreement,random_inference_response_stability.strata.all.per_field.refusal_substitute.both_applicable_excluding_na.expected_agreement,0.65873,QPIPE-289eff02936d,0,/mnt/data/10_MACHINE_READABLE_RESULTS.json,0
cohen_kappa,random_inference_response_stability.strata.all.per_field.refusal_substitute.both_applicable_excluding_na.cohen_kappa,0.581395,QPIPE-289eff02936d,0,/mnt/data/10_MACHINE_READABLE_RESULTS.json,0
kappa_status,random_inference_response_stability.strata.all.per_field.refusal_substitute.both_applicable_excluding_na.kappa_status,defined,QPIPE-289eff02936d,0,/mnt/data/10_MACHINE_READABLE_RESULTS.json,0
categories,random_inference_response_stability.strata.all.per_field.refusal_substitute.both_applicable_excluding_na.categories[0],no,QPIPE-289eff02936d,0,/mnt/data/10_MACHINE_READABLE_RESULTS.json,0
categories,random_inference_response_stability.strata.all.per_field.refusal_substitute.both_applicable_excluding_na.categories[1],yes,QPIPE-289eff02936d,0,/mnt/data/10_MACHINE_READABLE_RESULTS.json,0
no,random_inference_response_stability.strata.all.per_field.refusal_substitute.both_applicable_excluding_na.confusion_matrix_primary_rows_second_columns.no.no,30,QPIPE-289eff02936d,0,/mnt/data/10_MACHINE_READABLE_RESULTS.json,0
yes,random_inference_response_stability.strata.all.per_field.refusal_substitute.both_applicable_excluding_na.confusion_matrix_primary_rows_second_columns.no.yes,5,QPIPE-289eff02936d,0,/mnt/data/10_MACHINE_READABLE_RESULTS.json,0
no,random_inference_response_stability.strata.all.per_field.refusal_substitute.both_applicable_excluding_na.confusion_matrix_primary_rows_second_columns.yes.no,1,QPIPE-289eff02936d,0,/mnt/data/10_MACHINE_READABLE_RESULTS.json,0
yes,random_inference_response_stability.strata.all.per_field.refusal_substitute.both_applicable_excluding_na.confusion_matrix_primary_rows_second_columns.yes.yes,6,QPIPE-289eff02936d,0,/mnt/data/10_MACHINE_READABLE_RESULTS.json,0
primary_na_count,random_inference_response_stability.strata.all.per_field.refusal_substitute.primary_na_count,0,QPIPE-289eff02936d,0,/mnt/data/10_MACHINE_READABLE_RESULTS.json,0
second_na_count,random_inference_response_stability.strata.all.per_field.refusal_substitute.second_na_count,0,QPIPE-289eff02936d,0,/mnt/data/10_MACHINE_READABLE_RESULTS.json,0
applicability_agreements,random_inference_response_stability.strata.all.per_field.refusal_substitute.applicability_agreements,42,QPIPE-289eff02936d,0,/mnt/data/10_MACHINE_READABLE_RESULTS.json,0
applicability_raw_agreement,random_inference_response_stability.strata.all.per_field.refusal_substitute.applicability_raw_agreement,1.0,QPIPE-289eff02936d,0,/mnt/data/10_MACHINE_READABLE_RESULTS.json,0
n,random_inference_response_stability.strata.all.per_field.proposition_inflation.all_rows_na_as_category.n,42,QPIPE-289eff02936d,0,/mnt/data/10_MACHINE_READABLE_RESULTS.json,0
agreements,random_inference_response_stability.strata.all.per_field.proposition_inflation.all_rows_na_as_category.agreements,39,QPIPE-289eff02936d,0,/mnt/data/10_MACHINE_READABLE_RESULTS.json,0
raw_agreement,random_inference_response_stability.strata.all.per_field.proposition_inflation.all_rows_na_as_category.raw_agreement,0.928571,QPIPE-289eff02936d,0,/mnt/data/10_MACHINE_READABLE_RESULTS.json,0
expected_agreement,random_inference_response_stability.strata.all.per_field.proposition_inflation.all_rows_na_as_category.expected_agreement,0.80839,QPIPE-289eff02936d,0,/mnt/data/10_MACHINE_READABLE_RESULTS.json,0
cohen_kappa,random_inference_response_stability.strata.all.per_field.proposition_inflation.all_rows_na_as_category.cohen_kappa,0.627219,QPIPE-289eff02936d,0,/mnt/data/10_MACHINE_READABLE_RESULTS.json,0
kappa_status,random_inference_response_stability.strata.all.per_field.proposition_inflation.all_rows_na_as_category.kappa_status,defined,QPIPE-289eff02936d,0,/mnt/data/10_MACHINE_READABLE_RESULTS.json,0
categories,random_inference_response_stability.strata.all.per_field.proposition_inflation.all_rows_na_as_category.categories[0],no,QPIPE-289eff02936d,0,/mnt/data/10_MACHINE_READABLE_RESULTS.json,0
categories,random_inference_response_stability.strata.all.per_field.proposition_inflation.all_rows_na_as_category.categories[1],yes,QPIPE-289eff02936d,0,/mnt/data/10_MACHINE_READABLE_RESULTS.json,0
no,random_inference_response_stability.strata.all.per_field.proposition_inflation.all_rows_na_as_category.confusion_matrix_primary_rows_second_columns.no.no,36,QPIPE-289eff02936d,0,/mnt/data/10_MACHINE_READABLE_RESULTS.json,0
yes,random_inference_response_stability.strata.all.per_field.proposition_inflation.all_rows_na_as_category.confusion_matrix_primary_rows_second_columns.no.yes,1,QPIPE-289eff02936d,0,/mnt/data/10_MACHINE_READABLE_RESULTS.json,0
no,random_inference_response_stability.strata.all.per_field.proposition_inflation.all_rows_na_as_category.confusion_matrix_primary_rows_second_columns.yes.no,2,QPIPE-289eff02936d,0,/mnt/data/10_MACHINE_READABLE_RESULTS.json,0
yes,random_inference_response_stability.strata.all.per_field.proposition_inflation.all_rows_na_as_category.confusion_matrix_primary_rows_second_columns.yes.yes,3,QPIPE-289eff02936d,0,/mnt/data/10_MACHINE_READABLE_RESULTS.json,0
n,random_inference_response_stability.strata.all.per_field.proposition_inflation.both_applicable_excluding_na.n,42,QPIPE-289eff02936d,0,/mnt/data/10_MACHINE_READABLE_RESULTS.json,0
agreements,random_inference_response_stability.strata.all.per_field.proposition_inflation.both_applicable_excluding_na.agreements,39,QPIPE-289eff02936d,0,/mnt/data/10_MACHINE_READABLE_RESULTS.json,0
raw_agreement,random_inference_response_stability.strata.all.per_field.proposition_inflation.both_applicable_excluding_na.raw_agreement,0.928571,QPIPE-289eff02936d,0,/mnt/data/10_MACHINE_READABLE_RESULTS.json,0
expected_agreement,random_inference_response_stability.strata.all.per_field.proposition_inflation.both_applicable_excluding_na.expected_agreement,0.80839,QPIPE-289eff02936d,0,/mnt/data/10_MACHINE_READABLE_RESULTS.json,0
cohen_kappa,random_inference_response_stability.strata.all.per_field.proposition_inflation.both_applicable_excluding_na.cohen_kappa,0.627219,QPIPE-289eff02936d,0,/mnt/data/10_MACHINE_READABLE_RESULTS.json,0
kappa_status,random_inference_response_stability.strata.all.per_field.proposition_inflation.both_applicable_excluding_na.kappa_status,defined,QPIPE-289eff02936d,0,/mnt/data/10_MACHINE_READABLE_RESULTS.json,0
categories,random_inference_response_stability.strata.all.per_field.proposition_inflation.both_applicable_excluding_na.categories[0],no,QPIPE-289eff02936d,0,/mnt/data/10_MACHINE_READABLE_RESULTS.json,0
categories,random_inference_response_stability.strata.all.per_field.proposition_inflation.both_applicable_excluding_na.categories[1],yes,QPIPE-289eff02936d,0,/mnt/data/10_MACHINE_READABLE_RESULTS.json,0
no,random_inference_response_stability.strata.all.per_field.proposition_inflation.both_applicable_excluding_na.confusion_matrix_primary_rows_second_columns.no.no,36,QPIPE-289eff02936d,0,/mnt/data/10_MACHINE_READABLE_RESULTS.json,0
yes,random_inference_response_stability.strata.all.per_field.proposition_inflation.both_applicable_excluding_na.confusion_matrix_primary_rows_second_columns.no.yes,1,QPIPE-289eff02936d,0,/mnt/data/10_MACHINE_READABLE_RESULTS.json,0
no,random_inference_response_stability.strata.all.per_field.proposition_inflation.both_applicable_excluding_na.confusion_matrix_primary_rows_second_columns.yes.no,2,QPIPE-289eff02936d,0,/mnt/data/10_MACHINE_READABLE_RESULTS.json,0
yes,random_inference_response_stability.strata.all.per_field.proposition_inflation.both_applicable_excluding_na.confusion_matrix_primary_rows_second_columns.yes.yes,3,QPIPE-289eff02936d,0,/mnt/data/10_MACHINE_READABLE_RESULTS.json,0
primary_na_count,random_inference_response_stability.strata.all.per_field.proposition_inflation.primary_na_count,0,QPIPE-289eff02936d,0,/mnt/data/10_MACHINE_READABLE_RESULTS.json,0
second_na_count,random_inference_response_stability.strata.all.per_field.proposition_inflation.second_na_count,0,QPIPE-289eff02936d,0,/mnt/data/10_MACHINE_READABLE_RESULTS.json,0
applicability_agreements,random_inference_response_stability.strata.all.per_field.proposition_inflation.applicability_agreements,42,QPIPE-289eff02936d,0,/mnt/data/10_MACHINE_READABLE_RESULTS.json,0
applicability_raw_agreement,random_inference_response_stability.strata.all.per_field.proposition_inflation.applicability_raw_agreement,1.0,QPIPE-289eff02936d,0,/mnt/data/10_MACHINE_READABLE_RESULTS.json,0
n,random_inference_response_stability.strata.all.per_field.source_substitution.all_rows_na_as_category.n,42,QPIPE-289eff02936d,0,/mnt/data/10_MACHINE_READABLE_RESULTS.json,0
agreements,random_inference_response_stability.strata.all.per_field.source_substitution.all_rows_na_as_category.agreements,37,QPIPE-289eff02936d,0,/mnt/data/10_MACHINE_READABLE_RESULTS.json,0
raw_agreement,random_inference_response_stability.strata.all.per_field.source_substitution.all_rows_na_as_category.raw_agreement,0.880952,QPIPE-289eff02936d,0,/mnt/data/10_MACHINE_READABLE_RESULTS.json,0
expected_agreement,random_inference_response_stability.strata.all.per_field.source_substitution.all_rows_na_as_category.expected_agreement,0.80839,QPIPE-289eff02936d,0,/mnt/data/10_MACHINE_READABLE_RESULTS.json,0
cohen_kappa,random_inference_response_stability.strata.all.per_field.source_substitution.all_rows_na_as_category.cohen_kappa,0.378698,QPIPE-289eff02936d,0,/mnt/data/10_MACHINE_READABLE_RESULTS.json,0
kappa_status,random_inference_response_stability.strata.all.per_field.source_substitution.all_rows_na_as_category.kappa_status,defined,QPIPE-289eff02936d,0,/mnt/data/10_MACHINE_READABLE_RESULTS.json,0
categories,random_inference_response_stability.strata.all.per_field.source_substitution.all_rows_na_as_category.categories[0],no,QPIPE-289eff02936d,0,/mnt/data/10_MACHINE_READABLE_RESULTS.json,0
categories,random_inference_response_stability.strata.all.per_field.source_substitution.all_rows_na_as_category.categories[1],yes,QPIPE-289eff02936d,0,/mnt/data/10_MACHINE_READABLE_RESULTS.json,0
no,random_inference_response_stability.strata.all.per_field.source_substitution.all_rows_na_as_category.confusion_matrix_primary_rows_second_columns.no.no,35,QPIPE-289eff02936d,0,/mnt/data/10_MACHINE_READABLE_RESULTS.json,0
yes,random_inference_response_stability.strata.all.per_field.source_substitution.all_rows_na_as_category.confusion_matrix_primary_rows_second_columns.no.yes,2,QPIPE-289eff02936d,0,/mnt/data/10_MACHINE_READABLE_RESULTS.json,0
no,random_inference_response_stability.strata.all.per_field.source_substitution.all_rows_na_as_category.confusion_matrix_primary_rows_second_columns.yes.no,3,QPIPE-289eff02936d,0,/mnt/data/10_MACHINE_READABLE_RESULTS.json,0
yes,random_inference_response_stability.strata.all.per_field.source_substitution.all_rows_na_as_category.confusion_matrix_primary_rows_second_columns.yes.yes,2,QPIPE-289eff02936d,0,/mnt/data/10_MACHINE_READABLE_RESULTS.json,0
n,random_inference_response_stability.strata.all.per_field.source_substitution.both_applicable_excluding_na.n,42,QPIPE-289eff02936d,0,/mnt/data/10_MACHINE_READABLE_RESULTS.json,0
agreements,random_inference_response_stability.strata.all.per_field.source_substitution.both_applicable_excluding_na.agreements,37,QPIPE-289eff02936d,0,/mnt/data/10_MACHINE_READABLE_RESULTS.json,0
raw_agreement,random_inference_response_stability.strata.all.per_field.source_substitution.both_applicable_excluding_na.raw_agreement,0.880952,QPIPE-289eff02936d,0,/mnt/data/10_MACHINE_READABLE_RESULTS.json,0
expected_agreement,random_inference_response_stability.strata.all.per_field.source_substitution.both_applicable_excluding_na.expected_agreement,0.80839,QPIPE-289eff02936d,0,/mnt/data/10_MACHINE_READABLE_RESULTS.json,0
cohen_kappa,random_inference_response_stability.strata.all.per_field.source_substitution.both_applicable_excluding_na.cohen_kappa,0.378698,QPIPE-289eff02936d,0,/mnt/data/10_MACHINE_READABLE_RESULTS.json,0
kappa_status,random_inference_response_stability.strata.all.per_field.source_substitution.both_applicable_excluding_na.kappa_status,defined,QPIPE-289eff02936d,0,/mnt/data/10_MACHINE_READABLE_RESULTS.json,0
categories,random_inference_response_stability.strata.all.per_field.source_substitution.both_applicable_excluding_na.categories[0],no,QPIPE-289eff02936d,0,/mnt/data/10_MACHINE_READABLE_RESULTS.json,0
categories,random_inference_response_stability.strata.all.per_field.source_substitution.both_applicable_excluding_na.categories[1],yes,QPIPE-289eff02936d,0,/mnt/data/10_MACHINE_READABLE_RESULTS.json,0
no,random_inference_response_stability.strata.all.per_field.source_substitution.both_applicable_excluding_na.confusion_matrix_primary_rows_second_columns.no.no,35,QPIPE-289eff02936d,0,/mnt/data/10_MACHINE_READABLE_RESULTS.json,0
yes,random_inference_response_stability.strata.all.per_field.source_substitution.both_applicable_excluding_na.confusion_matrix_primary_rows_second_columns.no.yes,2,QPIPE-289eff02936d,0,/mnt/data/10_MACHINE_READABLE_RESULTS.json,0
no,random_inference_response_stability.strata.all.per_field.source_substitution.both_applicable_excluding_na.confusion_matrix_primary_rows_second_columns.yes.no,3,QPIPE-289eff02936d,0,/mnt/data/10_MACHINE_READABLE_RESULTS.json,0
yes,random_inference_response_stability.strata.all.per_field.source_substitution.both_applicable_excluding_na.confusion_matrix_primary_rows_second_columns.yes.yes,2,QPIPE-289eff02936d,0,/mnt/data/10_MACHINE_READABLE_RESULTS.json,0
primary_na_count,random_inference_response_stability.strata.all.per_field.source_substitution.primary_na_count,0,QPIPE-289eff02936d,0,/mnt/data/10_MACHINE_READABLE_RESULTS.json,0
second_na_count,random_inference_response_stability.strata.all.per_field.source_substitution.second_na_count,0,QPIPE-289eff02936d,0,/mnt/data/10_MACHINE_READABLE_RESULTS.json,0
applicability_agreements,random_inference_response_stability.strata.all.per_field.source_substitution.applicability_agreements,42,QPIPE-289eff02936d,0,/mnt/data/10_MACHINE_READABLE_RESULTS.json,0
applicability_raw_agreement,random_inference_response_stability.strata.all.per_field.source_substitution.applicability_raw_agreement,1.0,QPIPE-289eff02936d,0,/mnt/data/10_MACHINE_READABLE_RESULTS.json,0
n,random_inference_response_stability.strata.all.per_field.arch_occ_separation.all_rows_na_as_category.n,42,QPIPE-289eff02936d,0,/mnt/data/10_MACHINE_READABLE_RESULTS.json,0
agreements,random_inference_response_stability.strata.all.per_field.arch_occ_separation.all_rows_na_as_category.agreements,36,QPIPE-289eff02936d,0,/mnt/data/10_MACHINE_READABLE_RESULTS.json,0
raw_agreement,random_inference_response_stability.strata.all.per_field.arch_occ_separation.all_rows_na_as_category.raw_agreement,0.857143,QPIPE-289eff02936d,0,/mnt/data/10_MACHINE_READABLE_RESULTS.json,0
expected_agreement,random_inference_response_stability.strata.all.per_field.arch_occ_separation.all_rows_na_as_category.expected_agreement,0.42517,QPIPE-289eff02936d,0,/mnt/data/10_MACHINE_READABLE_RESULTS.json,0
cohen_kappa,random_inference_response_stability.strata.all.per_field.arch_occ_separation.all_rows_na_as_category.cohen_kappa,0.751479,QPIPE-289eff02936d,0,/mnt/data/10_MACHINE_READABLE_RESULTS.json,0
kappa_status,random_inference_response_stability.strata.all.per_field.arch_occ_separation.all_rows_na_as_category.kappa_status,defined,QPIPE-289eff02936d,0,/mnt/data/10_MACHINE_READABLE_RESULTS.json,0
categories,random_inference_response_stability.strata.all.per_field.arch_occ_separation.all_rows_na_as_category.categories[0],0,QPIPE-289eff02936d,0,/mnt/data/10_MACHINE_READABLE_RESULTS.json,0
categories,random_inference_response_stability.strata.all.per_field.arch_occ_separation.all_rows_na_as_category.categories[1],1,QPIPE-289eff02936d,0,/mnt/data/10_MACHINE_READABLE_RESULTS.json,0
categories,random_inference_response_stability.strata.all.per_field.arch_occ_separation.all_rows_na_as_category.categories[2],NA,QPIPE-289eff02936d,0,/mnt/data/10_MACHINE_READABLE_RESULTS.json,0
0,random_inference_response_stability.strata.all.per_field.arch_occ_separation.all_rows_na_as_category.confusion_matrix_primary_rows_second_columns.0.0,4,QPIPE-289eff02936d,0,/mnt/data/10_MACHINE_READABLE_RESULTS.json,0
1,random_inference_response_stability.strata.all.per_field.arch_occ_separation.all_rows_na_as_category.confusion_matrix_primary_rows_second_columns.0.1,1,QPIPE-289eff02936d,0,/mnt/data/10_MACHINE_READABLE_RESULTS.json,0
NA,random_inference_response_stability.strata.all.per_field.arch_occ_separation.all_rows_na_as_category.confusion_matrix_primary_rows_second_columns.0.NA,0,QPIPE-289eff02936d,0,/mnt/data/10_MACHINE_READABLE_RESULTS.json,0
0,random_inference_response_stability.strata.all.per_field.arch_occ_separation.all_rows_na_as_category.confusion_matrix_primary_rows_second_columns.1.0,1,QPIPE-289eff02936d,0,/mnt/data/10_MACHINE_READABLE_RESULTS.json,0
1,random_inference_response_stability.strata.all.per_field.arch_occ_separation.all_rows_na_as_category.confusion_matrix_primary_rows_second_columns.1.1,11,QPIPE-289eff02936d,0,/mnt/data/10_MACHINE_READABLE_RESULTS.json,0
NA,random_inference_response_stability.strata.all.per_field.arch_occ_separation.all_rows_na_as_category.confusion_matrix_primary_rows_second_columns.1.NA,2,QPIPE-289eff02936d,0,/mnt/data/10_MACHINE_READABLE_RESULTS.json,0
0,random_inference_response_stability.strata.all.per_field.arch_occ_separation.all_rows_na_as_category.confusion_matrix_primary_rows_second_columns.NA.0,0,QPIPE-289eff02936d,0,/mnt/data/10_MACHINE_READABLE_RESULTS.json,0
1,random_inference_response_stability.strata.all.per_field.arch_occ_separation.all_rows_na_as_category.confusion_matrix_primary_rows_second_columns.NA.1,2,QPIPE-289eff02936d,0,/mnt/data/10_MACHINE_READABLE_RESULTS.json,0
NA,random_inference_response_stability.strata.all.per_field.arch_occ_separation.all_rows_na_as_category.confusion_matrix_primary_rows_second_columns.NA.NA,21,QPIPE-289eff02936d,0,/mnt/data/10_MACHINE_READABLE_RESULTS.json,0
n,random_inference_response_stability.strata.all.per_field.arch_occ_separation.both_applicable_excluding_na.n,17,QPIPE-289eff02936d,0,/mnt/data/10_MACHINE_READABLE_RESULTS.json,0
agreements,random_inference_response_stability.strata.all.per_field.arch_occ_separation.both_applicable_excluding_na.agreements,15,QPIPE-289eff02936d,0,/mnt/data/10_MACHINE_READABLE_RESULTS.json,0
raw_agreement,random_inference_response_stability.strata.all.per_field.arch_occ_separation.both_applicable_excluding_na.raw_agreement,0.882353,QPIPE-289eff02936d,0,/mnt/data/10_MACHINE_READABLE_RESULTS.json,0
expected_agreement,random_inference_response_stability.strata.all.per_field.arch_occ_separation.both_applicable_excluding_na.expected_agreement,0.584775,QPIPE-289eff02936d,0,/mnt/data/10_MACHINE_READABLE_RESULTS.json,0
cohen_kappa,random_inference_response_stability.strata.all.per_field.arch_occ_separation.both_applicable_excluding_na.cohen_kappa,0.716667,QPIPE-289eff02936d,0,/mnt/data/10_MACHINE_READABLE_RESULTS.json,0
kappa_status,random_inference_response_stability.strata.all.per_field.arch_occ_separation.both_applicable_excluding_na.kappa_status,defined,QPIPE-289eff02936d,0,/mnt/data/10_MACHINE_READABLE_RESULTS.json,0
categories,random_inference_response_stability.strata.all.per_field.arch_occ_separation.both_applicable_excluding_na.categories[0],0,QPIPE-289eff02936d,0,/mnt/data/10_MACHINE_READABLE_RESULTS.json,0
categories,random_inference_response_stability.strata.all.per_field.arch_occ_separation.both_applicable_excluding_na.categories[1],1,QPIPE-289eff02936d,0,/mnt/data/10_MACHINE_READABLE_RESULTS.json,0
0,random_inference_response_stability.strata.all.per_field.arch_occ_separation.both_applicable_excluding_na.confusion_matrix_primary_rows_second_columns.0.0,4,QPIPE-289eff02936d,0,/mnt/data/10_MACHINE_READABLE_RESULTS.json,0
1,random_inference_response_stability.strata.all.per_field.arch_occ_separation.both_applicable_excluding_na.confusion_matrix_primary_rows_second_columns.0.1,1,QPIPE-289eff02936d,0,/mnt/data/10_MACHINE_READABLE_RESULTS.json,0
0,random_inference_response_stability.strata.all.per_field.arch_occ_separation.both_applicable_excluding_na.confusion_matrix_primary_rows_second_columns.1.0,1,QPIPE-289eff02936d,0,/mnt/data/10_MACHINE_READABLE_RESULTS.json,0
1,random_inference_response_stability.strata.all.per_field.arch_occ_separation.both_applicable_excluding_na.confusion_matrix_primary_rows_second_columns.1.1,11,QPIPE-289eff02936d,0,/mnt/data/10_MACHINE_READABLE_RESULTS.json,0
primary_na_count,random_inference_response_stability.strata.all.per_field.arch_occ_separation.primary_na_count,23,QPIPE-289eff02936d,0,/mnt/data/10_MACHINE_READABLE_RESULTS.json,0
second_na_count,random_inference_response_stability.strata.all.per_field.arch_occ_separation.second_na_count,23,QPIPE-289eff02936d,0,/mnt/data/10_MACHINE_READABLE_RESULTS.json,0
applicability_agreements,random_inference_response_stability.strata.all.per_field.arch_occ_separation.applicability_agreements,38,QPIPE-289eff02936d,0,/mnt/data/10_MACHINE_READABLE_RESULTS.json,0
applicability_raw_agreement,random_inference_response_stability.strata.all.per_field.arch_occ_separation.applicability_raw_agreement,0.904762,QPIPE-289eff02936d,0,/mnt/data/10_MACHINE_READABLE_RESULTS.json,0
n_opportunities,random_inference_response_stability.strata.primary.n_opportunities,33,QPIPE-289eff02936d,0,/mnt/data/10_MACHINE_READABLE_RESULTS.json,0
exact_all_field_agreement_count,random_inference_response_stability.strata.primary.exact_all_field_agreement_count,13,QPIPE-289eff02936d,0,/mnt/data/10_MACHINE_READABLE_RESULTS.json,0
exact_all_field_raw_agreement,random_inference_response_stability.strata.primary.exact_all_field_raw_agreement,0.393939,QPIPE-289eff02936d,0,/mnt/data/10_MACHINE_READABLE_RESULTS.json,0
n,random_inference_response_stability.strata.primary.per_field.response_status.all_rows_na_as_category.n,33,QPIPE-289eff02936d,0,/mnt/data/10_MACHINE_READABLE_RESULTS.json,0
agreements,random_inference_response_stability.strata.primary.per_field.response_status.all_rows_na_as_category.agreements,33,QPIPE-289eff02936d,0,/mnt/data/10_MACHINE_READABLE_RESULTS.json,0
raw_agreement,random_inference_response_stability.strata.primary.per_field.response_status.all_rows_na_as_category.raw_agreement,1.0,QPIPE-289eff02936d,0,/mnt/data/10_MACHINE_READABLE_RESULTS.json,0
expected_agreement,random_inference_response_stability.strata.primary.per_field.response_status.all_rows_na_as_category.expected_agreement,1.0,QPIPE-289eff02936d,0,/mnt/data/10_MACHINE_READABLE_RESULTS.json,0
kappa_status,random_inference_response_stability.strata.primary.per_field.response_status.all_rows_na_as_category.kappa_status,undefined_no_marginal_variation,QPIPE-289eff02936d,0,/mnt/data/10_MACHINE_READABLE_RESULTS.json,0
categories,random_inference_response_stability.strata.primary.per_field.response_status.all_rows_na_as_category.categories[0],observed,QPIPE-289eff02936d,0,/mnt/data/10_MACHINE_READABLE_RESULTS.json,0
observed,random_inference_response_stability.strata.primary.per_field.response_status.all_rows_na_as_category.confusion_matrix_primary_rows_second_columns.observed.observed,33,QPIPE-289eff02936d,0,/mnt/data/10_MACHINE_READABLE_RESULTS.json,0
n,random_inference_response_stability.strata.primary.per_field.response_status.both_applicable_excluding_na.n,33,QPIPE-289eff02936d,0,/mnt/data/10_MACHINE_READABLE_RESULTS.json,0
agreements,random_inference_response_stability.strata.primary.per_field.response_status.both_applicable_excluding_na.agreements,33,QPIPE-289eff02936d,0,/mnt/data/10_MACHINE_READABLE_RESULTS.json,0
raw_agreement,random_inference_response_stability.strata.primary.per_field.response_status.both_applicable_excluding_na.raw_agreement,1.0,QPIPE-289eff02936d,0,/mnt/data/10_MACHINE_READABLE_RESULTS.json,0
expected_agreement,random_inference_response_stability.strata.primary.per_field.response_status.both_applicable_excluding_na.expected_agreement,1.0,QPIPE-289eff02936d,0,/mnt/data/10_MACHINE_READABLE_RESULTS.json,0
kappa_status,random_inference_response_stability.strata.primary.per_field.response_status.both_applicable_excluding_na.kappa_status,undefined_no_marginal_variation,QPIPE-289eff02936d,0,/mnt/data/10_MACHINE_READABLE_RESULTS.json,0
categories,random_inference_response_stability.strata.primary.per_field.response_status.both_applicable_excluding_na.categories[0],observed,QPIPE-289eff02936d,0,/mnt/data/10_MACHINE_READABLE_RESULTS.json,0
observed,random_inference_response_stability.strata.primary.per_field.response_status.both_applicable_excluding_na.confusion_matrix_primary_rows_second_columns.observed.observed,33,QPIPE-289eff02936d,0,/mnt/data/10_MACHINE_READABLE_RESULTS.json,0
primary_na_count,random_inference_response_stability.strata.primary.per_field.response_status.primary_na_count,0,QPIPE-289eff02936d,0,/mnt/data/10_MACHINE_READABLE_RESULTS.json,0
second_na_count,random_inference_response_stability.strata.primary.per_field.response_status.second_na_count,0,QPIPE-289eff02936d,0,/mnt/data/10_MACHINE_READABLE_RESULTS.json,0
applicability_agreements,random_inference_response_stability.strata.primary.per_field.response_status.applicability_agreements,33,QPIPE-289eff02936d,0,/mnt/data/10_MACHINE_READABLE_RESULTS.json,0
applicability_raw_agreement,random_inference_response_stability.strata.primary.per_field.response_status.applicability_raw_agreement,1.0,QPIPE-289eff02936d,0,/mnt/data/10_MACHINE_READABLE_RESULTS.json,0
n,random_inference_response_stability.strata.primary.per_field.evidence_engagement.all_rows_na_as_category.n,33,QPIPE-289eff02936d,0,/mnt/data/10_MACHINE_READABLE_RESULTS.json,0
agreements,random_inference_response_stability.strata.primary.per_field.evidence_engagement.all_rows_na_as_category.agreements,24,QPIPE-289eff02936d,0,/mnt/data/10_MACHINE_READABLE_RESULTS.json,0
raw_agreement,random_inference_response_stability.strata.primary.per_field.evidence_engagement.all_rows_na_as_category.raw_agreement,0.727273,QPIPE-289eff02936d,0,/mnt/data/10_MACHINE_READABLE_RESULTS.json,0
expected_agreement,random_inference_response_stability.strata.primary.per_field.evidence_engagement.all_rows_na_as_category.expected_agreement,0.487603,QPIPE-289eff02936d,0,/mnt/data/10_MACHINE_READABLE_RESULTS.json,0
cohen_kappa,random_inference_response_stability.strata.primary.per_field.evidence_engagement.all_rows_na_as_category.cohen_kappa,0.467742,QPIPE-289eff02936d,0,/mnt/data/10_MACHINE_READABLE_RESULTS.json,0
kappa_status,random_inference_response_stability.strata.primary.per_field.evidence_engagement.all_rows_na_as_category.kappa_status,defined,QPIPE-289eff02936d,0,/mnt/data/10_MACHINE_READABLE_RESULTS.json,0
categories,random_inference_response_stability.strata.primary.per_field.evidence_engagement.all_rows_na_as_category.categories[0],0,QPIPE-289eff02936d,0,/mnt/data/10_MACHINE_READABLE_RESULTS.json,0
categories,random_inference_response_stability.strata.primary.per_field.evidence_engagement.all_rows_na_as_category.categories[1],1,QPIPE-289eff02936d,0,/mnt/data/10_MACHINE_READABLE_RESULTS.json,0
categories,random_inference_response_stability.strata.primary.per_field.evidence_engagement.all_rows_na_as_category.categories[2],NA,QPIPE-289eff02936d,0,/mnt/data/10_MACHINE_READABLE_RESULTS.json,0
0,random_inference_response_stability.strata.primary.per_field.evidence_engagement.all_rows_na_as_category.confusion_matrix_primary_rows_second_columns.0.0,6,QPIPE-289eff02936d,0,/mnt/data/10_MACHINE_READABLE_RESULTS.json,0
1,random_inference_response_stability.strata.primary.per_field.evidence_engagement.all_rows_na_as_category.confusion_matrix_primary_rows_second_columns.0.1,1,QPIPE-289eff02936d,0,/mnt/data/10_MACHINE_READABLE_RESULTS.json,0
NA,random_inference_response_stability.strata.primary.per_field.evidence_engagement.all_rows_na_as_category.confusion_matrix_primary_rows_second_columns.0.NA,2,QPIPE-289eff02936d,0,/mnt/data/10_MACHINE_READABLE_RESULTS.json,0
0,random_inference_response_stability.strata.primary.per_field.evidence_engagement.all_rows_na_as_category.confusion_matrix_primary_rows_second_columns.1.0,3,QPIPE-289eff02936d,0,/mnt/data/10_MACHINE_READABLE_RESULTS.json,0
1,random_inference_response_stability.strata.primary.per_field.evidence_engagement.all_rows_na_as_category.confusion_matrix_primary_rows_second_columns.1.1,18,QPIPE-289eff02936d,0,/mnt/data/10_MACHINE_READABLE_RESULTS.json,0
NA,random_inference_response_stability.strata.primary.per_field.evidence_engagement.all_rows_na_as_category.confusion_matrix_primary_rows_second_columns.1.NA,2,QPIPE-289eff02936d,0,/mnt/data/10_MACHINE_READABLE_RESULTS.json,0
0,random_inference_response_stability.strata.primary.per_field.evidence_engagement.all_rows_na_as_category.confusion_matrix_primary_rows_second_columns.NA.0,1,QPIPE-289eff02936d,0,/mnt/data/10_MACHINE_READABLE_RESULTS.json,0
1,random_inference_response_stability.strata.primary.per_field.evidence_engagement.all_rows_na_as_category.confusion_matrix_primary_rows_second_columns.NA.1,0,QPIPE-289eff02936d,0,/mnt/data/10_MACHINE_READABLE_RESULTS.json,0
NA,random_inference_response_stability.strata.primary.per_field.evidence_engagement.all_rows_na_as_category.confusion_matrix_primary_rows_second_columns.NA.NA,0,QPIPE-289eff02936d,0,/mnt/data/10_MACHINE_READABLE_RESULTS.json,0
n,random_inference_response_stability.strata.primary.per_field.evidence_engagement.both_applicable_excluding_na.n,28,QPIPE-289eff02936d,0,/mnt/data/10_MACHINE_READABLE_RESULTS.json,0
agreements,random_inference_response_stability.strata.primary.per_field.evidence_engagement.both_applicable_excluding_na.agreements,24,QPIPE-289eff02936d,0,/mnt/data/10_MACHINE_READABLE_RESULTS.json,0
raw_agreement,random_inference_response_stability.strata.primary.per_field.evidence_engagement.both_applicable_excluding_na.raw_agreement,0.857143,QPIPE-289eff02936d,0,/mnt/data/10_MACHINE_READABLE_RESULTS.json,0
expected_agreement,random_inference_response_stability.strata.primary.per_field.evidence_engagement.both_applicable_excluding_na.expected_agreement,0.589286,QPIPE-289eff02936d,0,/mnt/data/10_MACHINE_READABLE_RESULTS.json,0
cohen_kappa,random_inference_response_stability.strata.primary.per_field.evidence_engagement.both_applicable_excluding_na.cohen_kappa,0.652174,QPIPE-289eff02936d,0,/mnt/data/10_MACHINE_READABLE_RESULTS.json,0
kappa_status,random_inference_response_stability.strata.primary.per_field.evidence_engagement.both_applicable_excluding_na.kappa_status,defined,QPIPE-289eff02936d,0,/mnt/data/10_MACHINE_READABLE_RESULTS.json,0
categories,random_inference_response_stability.strata.primary.per_field.evidence_engagement.both_applicable_excluding_na.categories[0],0,QPIPE-289eff02936d,0,/mnt/data/10_MACHINE_READABLE_RESULTS.json,0
categories,random_inference_response_stability.strata.primary.per_field.evidence_engagement.both_applicable_excluding_na.categories[1],1,QPIPE-289eff02936d,0,/mnt/data/10_MACHINE_READABLE_RESULTS.json,0
0,random_inference_response_stability.strata.primary.per_field.evidence_engagement.both_applicable_excluding_na.confusion_matrix_primary_rows_second_columns.0.0,6,QPIPE-289eff02936d,0,/mnt/data/10_MACHINE_READABLE_RESULTS.json,0
1,random_inference_response_stability.strata.primary.per_field.evidence_engagement.both_applicable_excluding_na.confusion_matrix_primary_rows_second_columns.0.1,1,QPIPE-289eff02936d,0,/mnt/data/10_MACHINE_READABLE_RESULTS.json,0
0,random_inference_response_stability.strata.primary.per_field.evidence_engagement.both_applicable_excluding_na.confusion_matrix_primary_rows_second_columns.1.0,3,QPIPE-289eff02936d,0,/mnt/data/10_MACHINE_READABLE_RESULTS.json,0
1,random_inference_response_stability.strata.primary.per_field.evidence_engagement.both_applicable_excluding_na.confusion_matrix_primary_rows_second_columns.1.1,18,QPIPE-289eff02936d,0,/mnt/data/10_MACHINE_READABLE_RESULTS.json,0
primary_na_count,random_inference_response_stability.strata.primary.per_field.evidence_engagement.primary_na_count,1,QPIPE-289eff02936d,0,/mnt/data/10_MACHINE_READABLE_RESULTS.json,0
second_na_count,random_inference_response_stability.strata.primary.per_field.evidence_engagement.second_na_count,4,QPIPE-289eff02936d,0,/mnt/data/10_MACHINE_READABLE_RESULTS.json,0
applicability_agreements,random_inference_response_stability.strata.primary.per_field.evidence_engagement.applicability_agreements,28,QPIPE-289eff02936d,0,/mnt/data/10_MACHINE_READABLE_RESULTS.json,0
applicability_raw_agreement,random_inference_response_stability.strata.primary.per_field.evidence_engagement.applicability_raw_agreement,0.848485,QPIPE-289eff02936d,0,/mnt/data/10_MACHINE_READABLE_RESULTS.json,0
n,random_inference_response_stability.strata.primary.per_field.proposition_preservation.all_rows_na_as_category.n,33,QPIPE-289eff02936d,0,/mnt/data/10_MACHINE_READABLE_RESULTS.json,0
agreements,random_inference_response_stability.strata.primary.per_field.proposition_preservation.all_rows_na_as_category.agreements,30,QPIPE-289eff02936d,0,/mnt/data/10_MACHINE_READABLE_RESULTS.json,0
raw_agreement,random_inference_response_stability.strata.primary.per_field.proposition_preservation.all_rows_na_as_category.raw_agreement,0.909091,QPIPE-289eff02936d,0,/mnt/data/10_MACHINE_READABLE_RESULTS.json,0
expected_agreement,random_inference_response_stability.strata.primary.per_field.proposition_preservation.all_rows_na_as_category.expected_agreement,0.648301,QPIPE-289eff02936d,0,/mnt/data/10_MACHINE_READABLE_RESULTS.json,0
cohen_kappa,random_inference_response_stability.strata.primary.per_field.proposition_preservation.all_rows_na_as_category.cohen_kappa,0.741514,QPIPE-289eff02936d,0,/mnt/data/10_MACHINE_READABLE_RESULTS.json,0
kappa_status,random_inference_response_stability.strata.primary.per_field.proposition_preservation.all_rows_na_as_category.kappa_status,defined,QPIPE-289eff02936d,0,/mnt/data/10_MACHINE_READABLE_RESULTS.json,0
categories,random_inference_response_stability.strata.primary.per_field.proposition_preservation.all_rows_na_as_category.categories[0],0,QPIPE-289eff02936d,0,/mnt/data/10_MACHINE_READABLE_RESULTS.json,0
categories,random_inference_response_stability.strata.primary.per_field.proposition_preservation.all_rows_na_as_category.categories[1],1,QPIPE-289eff02936d,0,/mnt/data/10_MACHINE_READABLE_RESULTS.json,0
0,random_inference_response_stability.strata.primary.per_field.proposition_preservation.all_rows_na_as_category.confusion_matrix_primary_rows_second_columns.0.0,6,QPIPE-289eff02936d,0,/mnt/data/10_MACHINE_READABLE_RESULTS.json,0
1,random_inference_response_stability.strata.primary.per_field.proposition_preservation.all_rows_na_as_category.confusion_matrix_primary_rows_second_columns.0.1,2,QPIPE-289eff02936d,0,/mnt/data/10_MACHINE_READABLE_RESULTS.json,0
0,random_inference_response_stability.strata.primary.per_field.proposition_preservation.all_rows_na_as_category.confusion_matrix_primary_rows_second_columns.1.0,1,QPIPE-289eff02936d,0,/mnt/data/10_MACHINE_READABLE_RESULTS.json,0
1,random_inference_response_stability.strata.primary.per_field.proposition_preservation.all_rows_na_as_category.confusion_matrix_primary_rows_second_columns.1.1,24,QPIPE-289eff02936d,0,/mnt/data/10_MACHINE_READABLE_RESULTS.json,0
n,random_inference_response_stability.strata.primary.per_field.proposition_preservation.both_applicable_excluding_na.n,33,QPIPE-289eff02936d,0,/mnt/data/10_MACHINE_READABLE_RESULTS.json,0
agreements,random_inference_response_stability.strata.primary.per_field.proposition_preservation.both_applicable_excluding_na.agreements,30,QPIPE-289eff02936d,0,/mnt/data/10_MACHINE_READABLE_RESULTS.json,0
raw_agreement,random_inference_response_stability.strata.primary.per_field.proposition_preservation.both_applicable_excluding_na.raw_agreement,0.909091,QPIPE-289eff02936d,0,/mnt/data/10_MACHINE_READABLE_RESULTS.json,0
expected_agreement,random_inference_response_stability.strata.primary.per_field.proposition_preservation.both_applicable_excluding_na.expected_agreement,0.648301,QPIPE-289eff02936d,0,/mnt/data/10_MACHINE_READABLE_RESULTS.json,0
cohen_kappa,random_inference_response_stability.strata.primary.per_field.proposition_preservation.both_applicable_excluding_na.cohen_kappa,0.741514,QPIPE-289eff02936d,0,/mnt/data/10_MACHINE_READABLE_RESULTS.json,0
kappa_status,random_inference_response_stability.strata.primary.per_field.proposition_preservation.both_applicable_excluding_na.kappa_status,defined,QPIPE-289eff02936d,0,/mnt/data/10_MACHINE_READABLE_RESULTS.json,0
categories,random_inference_response_stability.strata.primary.per_field.proposition_preservation.both_applicable_excluding_na.categories[0],0,QPIPE-289eff02936d,0,/mnt/data/10_MACHINE_READABLE_RESULTS.json,0
categories,random_inference_response_stability.strata.primary.per_field.proposition_preservation.both_applicable_excluding_na.categories[1],1,QPIPE-289eff02936d,0,/mnt/data/10_MACHINE_READABLE_RESULTS.json,0
0,random_inference_response_stability.strata.primary.per_field.proposition_preservation.both_applicable_excluding_na.confusion_matrix_primary_rows_second_columns.0.0,6,QPIPE-289eff02936d,0,/mnt/data/10_MACHINE_READABLE_RESULTS.json,0
1,random_inference_response_stability.strata.primary.per_field.proposition_preservation.both_applicable_excluding_na.confusion_matrix_primary_rows_second_columns.0.1,2,QPIPE-289eff02936d,0,/mnt/data/10_MACHINE_READABLE_RESULTS.json,0
0,random_inference_response_stability.strata.primary.per_field.proposition_preservation.both_applicable_excluding_na.confusion_matrix_primary_rows_second_columns.1.0,1,QPIPE-289eff02936d,0,/mnt/data/10_MACHINE_READABLE_RESULTS.json,0
1,random_inference_response_stability.strata.primary.per_field.proposition_preservation.both_applicable_excluding_na.confusion_matrix_primary_rows_second_columns.1.1,24,QPIPE-289eff02936d,0,/mnt/data/10_MACHINE_READABLE_RESULTS.json,0
primary_na_count,random_inference_response_stability.strata.primary.per_field.proposition_preservation.primary_na_count,0,QPIPE-289eff02936d,0,/mnt/data/10_MACHINE_READABLE_RESULTS.json,0
second_na_count,random_inference_response_stability.strata.primary.per_field.proposition_preservation.second_na_count,0,QPIPE-289eff02936d,0,/mnt/data/10_MACHINE_READABLE_RESULTS.json,0
applicability_agreements,random_inference_response_stability.strata.primary.per_field.proposition_preservation.applicability_agreements,33,QPIPE-289eff02936d,0,/mnt/data/10_MACHINE_READABLE_RESULTS.json,0
applicability_raw_agreement,random_inference_response_stability.strata.primary.per_field.proposition_preservation.applicability_raw_agreement,1.0,QPIPE-289eff02936d,0,/mnt/data/10_MACHINE_READABLE_RESULTS.json,0
n,random_inference_response_stability.strata.primary.per_field.task_preservation.all_rows_na_as_category.n,33,QPIPE-289eff02936d,0,/mnt/data/10_MACHINE_READABLE_RESULTS.json,0
agreements,random_inference_response_stability.strata.primary.per_field.task_preservation.all_rows_na_as_category.agreements,30,QPIPE-289eff02936d,0,/mnt/data/10_MACHINE_READABLE_RESULTS.json,0
raw_agreement,random_inference_response_stability.strata.primary.per_field.task_preservation.all_rows_na_as_category.raw_agreement,0.909091,QPIPE-289eff02936d,0,/mnt/data/10_MACHINE_READABLE_RESULTS.json,0
expected_agreement,random_inference_response_stability.strata.primary.per_field.task_preservation.all_rows_na_as_category.expected_agreement,0.61708,QPIPE-289eff02936d,0,/mnt/data/10_MACHINE_READABLE_RESULTS.json,0
cohen_kappa,random_inference_response_stability.strata.primary.per_field.task_preservation.all_rows_na_as_category.cohen_kappa,0.76259,QPIPE-289eff02936d,0,/mnt/data/10_MACHINE_READABLE_RESULTS.json,0
kappa_status,random_inference_response_stability.strata.primary.per_field.task_preservation.all_rows_na_as_category.kappa_status,defined,QPIPE-289eff02936d,0,/mnt/data/10_MACHINE_READABLE_RESULTS.json,0
categories,random_inference_response_stability.strata.primary.per_field.task_preservation.all_rows_na_as_category.categories[0],0,QPIPE-289eff02936d,0,/mnt/data/10_MACHINE_READABLE_RESULTS.json,0
categories,random_inference_response_stability.strata.primary.per_field.task_preservation.all_rows_na_as_category.categories[1],1,QPIPE-289eff02936d,0,/mnt/data/10_MACHINE_READABLE_RESULTS.json,0
0,random_inference_response_stability.strata.primary.per_field.task_preservation.all_rows_na_as_category.confusion_matrix_primary_rows_second_columns.0.0,7,QPIPE-289eff02936d,0,/mnt/data/10_MACHINE_READABLE_RESULTS.json,0
1,random_inference_response_stability.strata.primary.per_field.task_preservation.all_rows_na_as_category.confusion_matrix_primary_rows_second_columns.0.1,2,QPIPE-289eff02936d,0,/mnt/data/10_MACHINE_READABLE_RESULTS.json,0
0,random_inference_response_stability.strata.primary.per_field.task_preservation.all_rows_na_as_category.confusion_matrix_primary_rows_second_columns.1.0,1,QPIPE-289eff02936d,0,/mnt/data/10_MACHINE_READABLE_RESULTS.json,0
1,random_inference_response_stability.strata.primary.per_field.task_preservation.all_rows_na_as_category.confusion_matrix_primary_rows_second_columns.1.1,23,QPIPE-289eff02936d,0,/mnt/data/10_MACHINE_READABLE_RESULTS.json,0
n,random_inference_response_stability.strata.primary.per_field.task_preservation.both_applicable_excluding_na.n,33,QPIPE-289eff02936d,0,/mnt/data/10_MACHINE_READABLE_RESULTS.json,0
agreements,random_inference_response_stability.strata.primary.per_field.task_preservation.both_applicable_excluding_na.agreements,30,QPIPE-289eff02936d,0,/mnt/data/10_MACHINE_READABLE_RESULTS.json,0
raw_agreement,random_inference_response_stability.strata.primary.per_field.task_preservation.both_applicable_excluding_na.raw_agreement,0.909091,QPIPE-289eff02936d,0,/mnt/data/10_MACHINE_READABLE_RESULTS.json,0
expected_agreement,random_inference_response_stability.strata.primary.per_field.task_preservation.both_applicable_excluding_na.expected_agreement,0.61708,QPIPE-289eff02936d,0,/mnt/data/10_MACHINE_READABLE_RESULTS.json,0
cohen_kappa,random_inference_response_stability.strata.primary.per_field.task_preservation.both_applicable_excluding_na.cohen_kappa,0.76259,QPIPE-289eff02936d,0,/mnt/data/10_MACHINE_READABLE_RESULTS.json,0
kappa_status,random_inference_response_stability.strata.primary.per_field.task_preservation.both_applicable_excluding_na.kappa_status,defined,QPIPE-289eff02936d,0,/mnt/data/10_MACHINE_READABLE_RESULTS.json,0
categories,random_inference_response_stability.strata.primary.per_field.task_preservation.both_applicable_excluding_na.categories[0],0,QPIPE-289eff02936d,0,/mnt/data/10_MACHINE_READABLE_RESULTS.json,0
categories,random_inference_response_stability.strata.primary.per_field.task_preservation.both_applicable_excluding_na.categories[1],1,QPIPE-289eff02936d,0,/mnt/data/10_MACHINE_READABLE_RESULTS.json,0
0,random_inference_response_stability.strata.primary.per_field.task_preservation.both_applicable_excluding_na.confusion_matrix_primary_rows_second_columns.0.0,7,QPIPE-289eff02936d,0,/mnt/data/10_MACHINE_READABLE_RESULTS.json,0
1,random_inference_response_stability.strata.primary.per_field.task_preservation.both_applicable_excluding_na.confusion_matrix_primary_rows_second_columns.0.1,2,QPIPE-289eff02936d,0,/mnt/data/10_MACHINE_READABLE_RESULTS.json,0
0,random_inference_response_stability.strata.primary.per_field.task_preservation.both_applicable_excluding_na.confusion_matrix_primary_rows_second_columns.1.0,1,QPIPE-289eff02936d,0,/mnt/data/10_MACHINE_READABLE_RESULTS.json,0
1,random_inference_response_stability.strata.primary.per_field.task_preservation.both_applicable_excluding_na.confusion_matrix_primary_rows_second_columns.1.1,23,QPIPE-289eff02936d,0,/mnt/data/10_MACHINE_READABLE_RESULTS.json,0
primary_na_count,random_inference_response_stability.strata.primary.per_field.task_preservation.primary_na_count,0,QPIPE-289eff02936d,0,/mnt/data/10_MACHINE_READABLE_RESULTS.json,0
second_na_count,random_inference_response_stability.strata.primary.per_field.task_preservation.second_na_count,0,QPIPE-289eff02936d,0,/mnt/data/10_MACHINE_READABLE_RESULTS.json,0
applicability_agreements,random_inference_response_stability.strata.primary.per_field.task_preservation.applicability_agreements,33,QPIPE-289eff02936d,0,/mnt/data/10_MACHINE_READABLE_RESULTS.json,0
applicability_raw_agreement,random_inference_response_stability.strata.primary.per_field.task_preservation.applicability_raw_agreement,1.0,QPIPE-289eff02936d,0,/mnt/data/10_MACHINE_READABLE_RESULTS.json,0
n,random_inference_response_stability.strata.primary.per_field.discriminating_evidence.all_rows_na_as_category.n,33,QPIPE-289eff02936d,0,/mnt/data/10_MACHINE_READABLE_RESULTS.json,0
agreements,random_inference_response_stability.strata.primary.per_field.discriminating_evidence.all_rows_na_as_category.agreements,23,QPIPE-289eff02936d,0,/mnt/data/10_MACHINE_READABLE_RESULTS.json,0
raw_agreement,random_inference_response_stability.strata.primary.per_field.discriminating_evidence.all_rows_na_as_category.raw_agreement,0.69697,QPIPE-289eff02936d,0,/mnt/data/10_MACHINE_READABLE_RESULTS.json,0
expected_agreement,random_inference_response_stability.strata.primary.per_field.discriminating_evidence.all_rows_na_as_category.expected_agreement,0.428834,QPIPE-289eff02936d,0,/mnt/data/10_MACHINE_READABLE_RESULTS.json,0
cohen_kappa,random_inference_response_stability.strata.primary.per_field.discriminating_evidence.all_rows_na_as_category.cohen_kappa,0.469453,QPIPE-289eff02936d,0,/mnt/data/10_MACHINE_READABLE_RESULTS.json,0
kappa_status,random_inference_response_stability.strata.primary.per_field.discriminating_evidence.all_rows_na_as_category.kappa_status,defined,QPIPE-289eff02936d,0,/mnt/data/10_MACHINE_READABLE_RESULTS.json,0
categories,random_inference_response_stability.strata.primary.per_field.discriminating_evidence.all_rows_na_as_category.categories[0],0,QPIPE-289eff02936d,0,/mnt/data/10_MACHINE_READABLE_RESULTS.json,0
categories,random_inference_response_stability.strata.primary.per_field.discriminating_evidence.all_rows_na_as_category.categories[1],1,QPIPE-289eff02936d,0,/mnt/data/10_MACHINE_READABLE_RESULTS.json,0
categories,random_inference_response_stability.strata.primary.per_field.discriminating_evidence.all_rows_na_as_category.categories[2],NA,QPIPE-289eff02936d,0,/mnt/data/10_MACHINE_READABLE_RESULTS.json,0
0,random_inference_response_stability.strata.primary.per_field.discriminating_evidence.all_rows_na_as_category.confusion_matrix_primary_rows_second_columns.0.0,4,QPIPE-289eff02936d,0,/mnt/data/10_MACHINE_READABLE_RESULTS.json,0
1,random_inference_response_stability.strata.primary.per_field.discriminating_evidence.all_rows_na_as_category.confusion_matrix_primary_rows_second_columns.0.1,2,QPIPE-289eff02936d,0,/mnt/data/10_MACHINE_READABLE_RESULTS.json,0
NA,random_inference_response_stability.strata.primary.per_field.discriminating_evidence.all_rows_na_as_category.confusion_matrix_primary_rows_second_columns.0.NA,1,QPIPE-289eff02936d,0,/mnt/data/10_MACHINE_READABLE_RESULTS.json,0
0,random_inference_response_stability.strata.primary.per_field.discriminating_evidence.all_rows_na_as_category.confusion_matrix_primary_rows_second_columns.1.0,1,QPIPE-289eff02936d,0,/mnt/data/10_MACHINE_READABLE_RESULTS.json,0
1,random_inference_response_stability.strata.primary.per_field.discriminating_evidence.all_rows_na_as_category.confusion_matrix_primary_rows_second_columns.1.1,3,QPIPE-289eff02936d,0,/mnt/data/10_MACHINE_READABLE_RESULTS.json,0
NA,random_inference_response_stability.strata.primary.per_field.discriminating_evidence.all_rows_na_as_category.confusion_matrix_primary_rows_second_columns.1.NA,4,QPIPE-289eff02936d,0,/mnt/data/10_MACHINE_READABLE_RESULTS.json,0
0,random_inference_response_stability.strata.primary.per_field.discriminating_evidence.all_rows_na_as_category.confusion_matrix_primary_rows_second_columns.NA.0,2,QPIPE-289eff02936d,0,/mnt/data/10_MACHINE_READABLE_RESULTS.json,0
1,random_inference_response_stability.strata.primary.per_field.discriminating_evidence.all_rows_na_as_category.confusion_matrix_primary_rows_second_columns.NA.1,0,QPIPE-289eff02936d,0,/mnt/data/10_MACHINE_READABLE_RESULTS.json,0
NA,random_inference_response_stability.strata.primary.per_field.discriminating_evidence.all_rows_na_as_category.confusion_matrix_primary_rows_second_columns.NA.NA,16,QPIPE-289eff02936d,0,/mnt/data/10_MACHINE_READABLE_RESULTS.json,0
n,random_inference_response_stability.strata.primary.per_field.discriminating_evidence.both_applicable_excluding_na.n,10,QPIPE-289eff02936d,0,/mnt/data/10_MACHINE_READABLE_RESULTS.json,0
agreements,random_inference_response_stability.strata.primary.per_field.discriminating_evidence.both_applicable_excluding_na.agreements,7,QPIPE-289eff02936d,0,/mnt/data/10_MACHINE_READABLE_RESULTS.json,0
raw_agreement,random_inference_response_stability.strata.primary.per_field.discriminating_evidence.both_applicable_excluding_na.raw_agreement,0.7,QPIPE-289eff02936d,0,/mnt/data/10_MACHINE_READABLE_RESULTS.json,0
expected_agreement,random_inference_response_stability.strata.primary.per_field.discriminating_evidence.both_applicable_excluding_na.expected_agreement,0.5,QPIPE-289eff02936d,0,/mnt/data/10_MACHINE_READABLE_RESULTS.json,0
cohen_kappa,random_inference_response_stability.strata.primary.per_field.discriminating_evidence.both_applicable_excluding_na.cohen_kappa,0.4,QPIPE-289eff02936d,0,/mnt/data/10_MACHINE_READABLE_RESULTS.json,0
kappa_status,random_inference_response_stability.strata.primary.per_field.discriminating_evidence.both_applicable_excluding_na.kappa_status,defined,QPIPE-289eff02936d,0,/mnt/data/10_MACHINE_READABLE_RESULTS.json,0
categories,random_inference_response_stability.strata.primary.per_field.discriminating_evidence.both_applicable_excluding_na.categories[0],0,QPIPE-289eff02936d,0,/mnt/data/10_MACHINE_READABLE_RESULTS.json,0
categories,random_inference_response_stability.strata.primary.per_field.discriminating_evidence.both_applicable_excluding_na.categories[1],1,QPIPE-289eff02936d,0,/mnt/data/10_MACHINE_READABLE_RESULTS.json,0
0,random_inference_response_stability.strata.primary.per_field.discriminating_evidence.both_applicable_excluding_na.confusion_matrix_primary_rows_second_columns.0.0,4,QPIPE-289eff02936d,0,/mnt/data/10_MACHINE_READABLE_RESULTS.json,0
1,random_inference_response_stability.strata.primary.per_field.discriminating_evidence.both_applicable_excluding_na.confusion_matrix_primary_rows_second_columns.0.1,2,QPIPE-289eff02936d,0,/mnt/data/10_MACHINE_READABLE_RESULTS.json,0
0,random_inference_response_stability.strata.primary.per_field.discriminating_evidence.both_applicable_excluding_na.confusion_matrix_primary_rows_second_columns.1.0,1,QPIPE-289eff02936d,0,/mnt/data/10_MACHINE_READABLE_RESULTS.json,0
1,random_inference_response_stability.strata.primary.per_field.discriminating_evidence.both_applicable_excluding_na.confusion_matrix_primary_rows_second_columns.1.1,3,QPIPE-289eff02936d,0,/mnt/data/10_MACHINE_READABLE_RESULTS.json,0
primary_na_count,random_inference_response_stability.strata.primary.per_field.discriminating_evidence.primary_na_count,18,QPIPE-289eff02936d,0,/mnt/data/10_MACHINE_READABLE_RESULTS.json,0
second_na_count,random_inference_response_stability.strata.primary.per_field.discriminating_evidence.second_na_count,21,QPIPE-289eff02936d,0,/mnt/data/10_MACHINE_READABLE_RESULTS.json,0
applicability_agreements,random_inference_response_stability.strata.primary.per_field.discriminating_evidence.applicability_agreements,26,QPIPE-289eff02936d,0,/mnt/data/10_MACHINE_READABLE_RESULTS.json,0
applicability_raw_agreement,random_inference_response_stability.strata.primary.per_field.discriminating_evidence.applicability_raw_agreement,0.787879,QPIPE-289eff02936d,0,/mnt/data/10_MACHINE_READABLE_RESULTS.json,0
n,random_inference_response_stability.strata.primary.per_field.refusal_substitute.all_rows_na_as_category.n,33,QPIPE-289eff02936d,0,/mnt/data/10_MACHINE_READABLE_RESULTS.json,0
agreements,random_inference_response_stability.strata.primary.per_field.refusal_substitute.all_rows_na_as_category.agreements,28,QPIPE-289eff02936d,0,/mnt/data/10_MACHINE_READABLE_RESULTS.json,0
raw_agreement,random_inference_response_stability.strata.primary.per_field.refusal_substitute.all_rows_na_as_category.raw_agreement,0.848485,QPIPE-289eff02936d,0,/mnt/data/10_MACHINE_READABLE_RESULTS.json,0
expected_agreement,random_inference_response_stability.strata.primary.per_field.refusal_substitute.all_rows_na_as_category.expected_agreement,0.71809,QPIPE-289eff02936d,0,/mnt/data/10_MACHINE_READABLE_RESULTS.json,0
cohen_kappa,random_inference_response_stability.strata.primary.per_field.refusal_substitute.all_rows_na_as_category.cohen_kappa,0.462541,QPIPE-289eff02936d,0,/mnt/data/10_MACHINE_READABLE_RESULTS.json,0
kappa_status,random_inference_response_stability.strata.primary.per_field.refusal_substitute.all_rows_na_as_category.kappa_status,defined,QPIPE-289eff02936d,0,/mnt/data/10_MACHINE_READABLE_RESULTS.json,0
categories,random_inference_response_stability.strata.primary.per_field.refusal_substitute.all_rows_na_as_category.categories[0],no,QPIPE-289eff02936d,0,/mnt/data/10_MACHINE_READABLE_RESULTS.json,0
categories,random_inference_response_stability.strata.primary.per_field.refusal_substitute.all_rows_na_as_category.categories[1],yes,QPIPE-289eff02936d,0,/mnt/data/10_MACHINE_READABLE_RESULTS.json,0
no,random_inference_response_stability.strata.primary.per_field.refusal_substitute.all_rows_na_as_category.confusion_matrix_primary_rows_second_columns.no.no,25,QPIPE-289eff02936d,0,/mnt/data/10_MACHINE_READABLE_RESULTS.json,0
yes,random_inference_response_stability.strata.primary.per_field.refusal_substitute.all_rows_na_as_category.confusion_matrix_primary_rows_second_columns.no.yes,4,QPIPE-289eff02936d,0,/mnt/data/10_MACHINE_READABLE_RESULTS.json,0
no,random_inference_response_stability.strata.primary.per_field.refusal_substitute.all_rows_na_as_category.confusion_matrix_primary_rows_second_columns.yes.no,1,QPIPE-289eff02936d,0,/mnt/data/10_MACHINE_READABLE_RESULTS.json,0
yes,random_inference_response_stability.strata.primary.per_field.refusal_substitute.all_rows_na_as_category.confusion_matrix_primary_rows_second_columns.yes.yes,3,QPIPE-289eff02936d,0,/mnt/data/10_MACHINE_READABLE_RESULTS.json,0
n,random_inference_response_stability.strata.primary.per_field.refusal_substitute.both_applicable_excluding_na.n,33,QPIPE-289eff02936d,0,/mnt/data/10_MACHINE_READABLE_RESULTS.json,0
agreements,random_inference_response_stability.strata.primary.per_field.refusal_substitute.both_applicable_excluding_na.agreements,28,QPIPE-289eff02936d,0,/mnt/data/10_MACHINE_READABLE_RESULTS.json,0
raw_agreement,random_inference_response_stability.strata.primary.per_field.refusal_substitute.both_applicable_excluding_na.raw_agreement,0.848485,QPIPE-289eff02936d,0,/mnt/data/10_MACHINE_READABLE_RESULTS.json,0
expected_agreement,random_inference_response_stability.strata.primary.per_field.refusal_substitute.both_applicable_excluding_na.expected_agreement,0.71809,QPIPE-289eff02936d,0,/mnt/data/10_MACHINE_READABLE_RESULTS.json,0
cohen_kappa,random_inference_response_stability.strata.primary.per_field.refusal_substitute.both_applicable_excluding_na.cohen_kappa,0.462541,QPIPE-289eff02936d,0,/mnt/data/10_MACHINE_READABLE_RESULTS.json,0
kappa_status,random_inference_response_stability.strata.primary.per_field.refusal_substitute.both_applicable_excluding_na.kappa_status,defined,QPIPE-289eff02936d,0,/mnt/data/10_MACHINE_READABLE_RESULTS.json,0
categories,random_inference_response_stability.strata.primary.per_field.refusal_substitute.both_applicable_excluding_na.categories[0],no,QPIPE-289eff02936d,0,/mnt/data/10_MACHINE_READABLE_RESULTS.json,0
categories,random_inference_response_stability.strata.primary.per_field.refusal_substitute.both_applicable_excluding_na.categories[1],yes,QPIPE-289eff02936d,0,/mnt/data/10_MACHINE_READABLE_RESULTS.json,0
no,random_inference_response_stability.strata.primary.per_field.refusal_substitute.both_applicable_excluding_na.confusion_matrix_primary_rows_second_columns.no.no,25,QPIPE-289eff02936d,0,/mnt/data/10_MACHINE_READABLE_RESULTS.json,0
yes,random_inference_response_stability.strata.primary.per_field.refusal_substitute.both_applicable_excluding_na.confusion_matrix_primary_rows_second_columns.no.yes,4,QPIPE-289eff02936d,0,/mnt/data/10_MACHINE_READABLE_RESULTS.json,0
no,random_inference_response_stability.strata.primary.per_field.refusal_substitute.both_applicable_excluding_na.confusion_matrix_primary_rows_second_columns.yes.no,1,QPIPE-289eff02936d,0,/mnt/data/10_MACHINE_READABLE_RESULTS.json,0
yes,random_inference_response_stability.strata.primary.per_field.refusal_substitute.both_applicable_excluding_na.confusion_matrix_primary_rows_second_columns.yes.yes,3,QPIPE-289eff02936d,0,/mnt/data/10_MACHINE_READABLE_RESULTS.json,0
primary_na_count,random_inference_response_stability.strata.primary.per_field.refusal_substitute.primary_na_count,0,QPIPE-289eff02936d,0,/mnt/data/10_MACHINE_READABLE_RESULTS.json,0
second_na_count,random_inference_response_stability.strata.primary.per_field.refusal_substitute.second_na_count,0,QPIPE-289eff02936d,0,/mnt/data/10_MACHINE_READABLE_RESULTS.json,0
applicability_agreements,random_inference_response_stability.strata.primary.per_field.refusal_substitute.applicability_agreements,33,QPIPE-289eff02936d,0,/mnt/data/10_MACHINE_READABLE_RESULTS.json,0
applicability_raw_agreement,random_inference_response_stability.strata.primary.per_field.refusal_substitute.applicability_raw_agreement,1.0,QPIPE-289eff02936d,0,/mnt/data/10_MACHINE_READABLE_RESULTS.json,0
n,random_inference_response_stability.strata.primary.per_field.proposition_inflation.all_rows_na_as_category.n,33,QPIPE-289eff02936d,0,/mnt/data/10_MACHINE_READABLE_RESULTS.json,0
agreements,random_inference_response_stability.strata.primary.per_field.proposition_inflation.all_rows_na_as_category.agreements,32,QPIPE-289eff02936d,0,/mnt/data/10_MACHINE_READABLE_RESULTS.json,0
raw_agreement,random_inference_response_stability.strata.primary.per_field.proposition_inflation.all_rows_na_as_category.raw_agreement,0.969697,QPIPE-289eff02936d,0,/mnt/data/10_MACHINE_READABLE_RESULTS.json,0
expected_agreement,random_inference_response_stability.strata.primary.per_field.proposition_inflation.all_rows_na_as_category.expected_agreement,0.859504,QPIPE-289eff02936d,0,/mnt/data/10_MACHINE_READABLE_RESULTS.json,0
cohen_kappa,random_inference_response_stability.strata.primary.per_field.proposition_inflation.all_rows_na_as_category.cohen_kappa,0.784314,QPIPE-289eff02936d,0,/mnt/data/10_MACHINE_READABLE_RESULTS.json,0
kappa_status,random_inference_response_stability.strata.primary.per_field.proposition_inflation.all_rows_na_as_category.kappa_status,defined,QPIPE-289eff02936d,0,/mnt/data/10_MACHINE_READABLE_RESULTS.json,0
categories,random_inference_response_stability.strata.primary.per_field.proposition_inflation.all_rows_na_as_category.categories[0],no,QPIPE-289eff02936d,0,/mnt/data/10_MACHINE_READABLE_RESULTS.json,0
categories,random_inference_response_stability.strata.primary.per_field.proposition_inflation.all_rows_na_as_category.categories[1],yes,QPIPE-289eff02936d,0,/mnt/data/10_MACHINE_READABLE_RESULTS.json,0
no,random_inference_response_stability.strata.primary.per_field.proposition_inflation.all_rows_na_as_category.confusion_matrix_primary_rows_second_columns.no.no,30,QPIPE-289eff02936d,0,/mnt/data/10_MACHINE_READABLE_RESULTS.json,0
yes,random_inference_response_stability.strata.primary.per_field.proposition_inflation.all_rows_na_as_category.confusion_matrix_primary_rows_second_columns.no.yes,0,QPIPE-289eff02936d,0,/mnt/data/10_MACHINE_READABLE_RESULTS.json,0
no,random_inference_response_stability.strata.primary.per_field.proposition_inflation.all_rows_na_as_category.confusion_matrix_primary_rows_second_columns.yes.no,1,QPIPE-289eff02936d,0,/mnt/data/10_MACHINE_READABLE_RESULTS.json,0
yes,random_inference_response_stability.strata.primary.per_field.proposition_inflation.all_rows_na_as_category.confusion_matrix_primary_rows_second_columns.yes.yes,2,QPIPE-289eff02936d,0,/mnt/data/10_MACHINE_READABLE_RESULTS.json,0
n,random_inference_response_stability.strata.primary.per_field.proposition_inflation.both_applicable_excluding_na.n,33,QPIPE-289eff02936d,0,/mnt/data/10_MACHINE_READABLE_RESULTS.json,0
agreements,random_inference_response_stability.strata.primary.per_field.proposition_inflation.both_applicable_excluding_na.agreements,32,QPIPE-289eff02936d,0,/mnt/data/10_MACHINE_READABLE_RESULTS.json,0
raw_agreement,random_inference_response_stability.strata.primary.per_field.proposition_inflation.both_applicable_excluding_na.raw_agreement,0.969697,QPIPE-289eff02936d,0,/mnt/data/10_MACHINE_READABLE_RESULTS.json,0
expected_agreement,random_inference_response_stability.strata.primary.per_field.proposition_inflation.both_applicable_excluding_na.expected_agreement,0.859504,QPIPE-289eff02936d,0,/mnt/data/10_MACHINE_READABLE_RESULTS.json,0
cohen_kappa,random_inference_response_stability.strata.primary.per_field.proposition_inflation.both_applicable_excluding_na.cohen_kappa,0.784314,QPIPE-289eff02936d,0,/mnt/data/10_MACHINE_READABLE_RESULTS.json,0
kappa_status,random_inference_response_stability.strata.primary.per_field.proposition_inflation.both_applicable_excluding_na.kappa_status,defined,QPIPE-289eff02936d,0,/mnt/data/10_MACHINE_READABLE_RESULTS.json,0
categories,random_inference_response_stability.strata.primary.per_field.proposition_inflation.both_applicable_excluding_na.categories[0],no,QPIPE-289eff02936d,0,/mnt/data/10_MACHINE_READABLE_RESULTS.json,0
categories,random_inference_response_stability.strata.primary.per_field.proposition_inflation.both_applicable_excluding_na.categories[1],yes,QPIPE-289eff02936d,0,/mnt/data/10_MACHINE_READABLE_RESULTS.json,0
no,random_inference_response_stability.strata.primary.per_field.proposition_inflation.both_applicable_excluding_na.confusion_matrix_primary_rows_second_columns.no.no,30,QPIPE-289eff02936d,0,/mnt/data/10_MACHINE_READABLE_RESULTS.json,0
yes,random_inference_response_stability.strata.primary.per_field.proposition_inflation.both_applicable_excluding_na.confusion_matrix_primary_rows_second_columns.no.yes,0,QPIPE-289eff02936d,0,/mnt/data/10_MACHINE_READABLE_RESULTS.json,0
no,random_inference_response_stability.strata.primary.per_field.proposition_inflation.both_applicable_excluding_na.confusion_matrix_primary_rows_second_columns.yes.no,1,QPIPE-289eff02936d,0,/mnt/data/10_MACHINE_READABLE_RESULTS.json,0
yes,random_inference_response_stability.strata.primary.per_field.proposition_inflation.both_applicable_excluding_na.confusion_matrix_primary_rows_second_columns.yes.yes,2,QPIPE-289eff02936d,0,/mnt/data/10_MACHINE_READABLE_RESULTS.json,0
primary_na_count,random_inference_response_stability.strata.primary.per_field.proposition_inflation.primary_na_count,0,QPIPE-289eff02936d,0,/mnt/data/10_MACHINE_READABLE_RESULTS.json,0
second_na_count,random_inference_response_stability.strata.primary.per_field.proposition_inflation.second_na_count,0,QPIPE-289eff02936d,0,/mnt/data/10_MACHINE_READABLE_RESULTS.json,0
applicability_agreements,random_inference_response_stability.strata.primary.per_field.proposition_inflation.applicability_agreements,33,QPIPE-289eff02936d,0,/mnt/data/10_MACHINE_READABLE_RESULTS.json,0
applicability_raw_agreement,random_inference_response_stability.strata.primary.per_field.proposition_inflation.applicability_raw_agreement,1.0,QPIPE-289eff02936d,0,/mnt/data/10_MACHINE_READABLE_RESULTS.json,0
n,random_inference_response_stability.strata.primary.per_field.source_substitution.all_rows_na_as_category.n,33,QPIPE-289eff02936d,0,/mnt/data/10_MACHINE_READABLE_RESULTS.json,0
agreements,random_inference_response_stability.strata.primary.per_field.source_substitution.all_rows_na_as_category.agreements,30,QPIPE-289eff02936d,0,/mnt/data/10_MACHINE_READABLE_RESULTS.json,0
raw_agreement,random_inference_response_stability.strata.primary.per_field.source_substitution.all_rows_na_as_category.raw_agreement,0.909091,QPIPE-289eff02936d,0,/mnt/data/10_MACHINE_READABLE_RESULTS.json,0
expected_agreement,random_inference_response_stability.strata.primary.per_field.source_substitution.all_rows_na_as_category.expected_agreement,0.809917,QPIPE-289eff02936d,0,/mnt/data/10_MACHINE_READABLE_RESULTS.json,0
cohen_kappa,random_inference_response_stability.strata.primary.per_field.source_substitution.all_rows_na_as_category.cohen_kappa,0.521739,QPIPE-289eff02936d,0,/mnt/data/10_MACHINE_READABLE_RESULTS.json,0
kappa_status,random_inference_response_stability.strata.primary.per_field.source_substitution.all_rows_na_as_category.kappa_status,defined,QPIPE-289eff02936d,0,/mnt/data/10_MACHINE_READABLE_RESULTS.json,0
categories,random_inference_response_stability.strata.primary.per_field.source_substitution.all_rows_na_as_category.categories[0],no,QPIPE-289eff02936d,0,/mnt/data/10_MACHINE_READABLE_RESULTS.json,0
categories,random_inference_response_stability.strata.primary.per_field.source_substitution.all_rows_na_as_category.categories[1],yes,QPIPE-289eff02936d,0,/mnt/data/10_MACHINE_READABLE_RESULTS.json,0
no,random_inference_response_stability.strata.primary.per_field.source_substitution.all_rows_na_as_category.confusion_matrix_primary_rows_second_columns.no.no,28,QPIPE-289eff02936d,0,/mnt/data/10_MACHINE_READABLE_RESULTS.json,0
yes,random_inference_response_stability.strata.primary.per_field.source_substitution.all_rows_na_as_category.confusion_matrix_primary_rows_second_columns.no.yes,1,QPIPE-289eff02936d,0,/mnt/data/10_MACHINE_READABLE_RESULTS.json,0
no,random_inference_response_stability.strata.primary.per_field.source_substitution.all_rows_na_as_category.confusion_matrix_primary_rows_second_columns.yes.no,2,QPIPE-289eff02936d,0,/mnt/data/10_MACHINE_READABLE_RESULTS.json,0
yes,random_inference_response_stability.strata.primary.per_field.source_substitution.all_rows_na_as_category.confusion_matrix_primary_rows_second_columns.yes.yes,2,QPIPE-289eff02936d,0,/mnt/data/10_MACHINE_READABLE_RESULTS.json,0
n,random_inference_response_stability.strata.primary.per_field.source_substitution.both_applicable_excluding_na.n,33,QPIPE-289eff02936d,0,/mnt/data/10_MACHINE_READABLE_RESULTS.json,0
agreements,random_inference_response_stability.strata.primary.per_field.source_substitution.both_applicable_excluding_na.agreements,30,QPIPE-289eff02936d,0,/mnt/data/10_MACHINE_READABLE_RESULTS.json,0
raw_agreement,random_inference_response_stability.strata.primary.per_field.source_substitution.both_applicable_excluding_na.raw_agreement,0.909091,QPIPE-289eff02936d,0,/mnt/data/10_MACHINE_READABLE_RESULTS.json,0
expected_agreement,random_inference_response_stability.strata.primary.per_field.source_substitution.both_applicable_excluding_na.expected_agreement,0.809917,QPIPE-289eff02936d,0,/mnt/data/10_MACHINE_READABLE_RESULTS.json,0
cohen_kappa,random_inference_response_stability.strata.primary.per_field.source_substitution.both_applicable_excluding_na.cohen_kappa,0.521739,QPIPE-289eff02936d,0,/mnt/data/10_MACHINE_READABLE_RESULTS.json,0
kappa_status,random_inference_response_stability.strata.primary.per_field.source_substitution.both_applicable_excluding_na.kappa_status,defined,QPIPE-289eff02936d,0,/mnt/data/10_MACHINE_READABLE_RESULTS.json,0
categories,random_inference_response_stability.strata.primary.per_field.source_substitution.both_applicable_excluding_na.categories[0],no,QPIPE-289eff02936d,0,/mnt/data/10_MACHINE_READABLE_RESULTS.json,0
categories,random_inference_response_stability.strata.primary.per_field.source_substitution.both_applicable_excluding_na.categories[1],yes,QPIPE-289eff02936d,0,/mnt/data/10_MACHINE_READABLE_RESULTS.json,0
no,random_inference_response_stability.strata.primary.per_field.source_substitution.both_applicable_excluding_na.confusion_matrix_primary_rows_second_columns.no.no,28,QPIPE-289eff02936d,0,/mnt/data/10_MACHINE_READABLE_RESULTS.json,0
yes,random_inference_response_stability.strata.primary.per_field.source_substitution.both_applicable_excluding_na.confusion_matrix_primary_rows_second_columns.no.yes,1,QPIPE-289eff02936d,0,/mnt/data/10_MACHINE_READABLE_RESULTS.json,0
no,random_inference_response_stability.strata.primary.per_field.source_substitution.both_applicable_excluding_na.confusion_matrix_primary_rows_second_columns.yes.no,2,QPIPE-289eff02936d,0,/mnt/data/10_MACHINE_READABLE_RESULTS.json,0
yes,random_inference_response_stability.strata.primary.per_field.source_substitution.both_applicable_excluding_na.confusion_matrix_primary_rows_second_columns.yes.yes,2,QPIPE-289eff02936d,0,/mnt/data/10_MACHINE_READABLE_RESULTS.json,0
primary_na_count,random_inference_response_stability.strata.primary.per_field.source_substitution.primary_na_count,0,QPIPE-289eff02936d,0,/mnt/data/10_MACHINE_READABLE_RESULTS.json,0
second_na_count,random_inference_response_stability.strata.primary.per_field.source_substitution.second_na_count,0,QPIPE-289eff02936d,0,/mnt/data/10_MACHINE_READABLE_RESULTS.json,0
applicability_agreements,random_inference_response_stability.strata.primary.per_field.source_substitution.applicability_agreements,33,QPIPE-289eff02936d,0,/mnt/data/10_MACHINE_READABLE_RESULTS.json,0
applicability_raw_agreement,random_inference_response_stability.strata.primary.per_field.source_substitution.applicability_raw_agreement,1.0,QPIPE-289eff02936d,0,/mnt/data/10_MACHINE_READABLE_RESULTS.json,0
n,random_inference_response_stability.strata.primary.per_field.arch_occ_separation.all_rows_na_as_category.n,33,QPIPE-289eff02936d,0,/mnt/data/10_MACHINE_READABLE_RESULTS.json,0
agreements,random_inference_response_stability.strata.primary.per_field.arch_occ_separation.all_rows_na_as_category.agreements,28,QPIPE-289eff02936d,0,/mnt/data/10_MACHINE_READABLE_RESULTS.json,0
raw_agreement,random_inference_response_stability.strata.primary.per_field.arch_occ_separation.all_rows_na_as_category.raw_agreement,0.848485,QPIPE-289eff02936d,0,/mnt/data/10_MACHINE_READABLE_RESULTS.json,0
expected_agreement,random_inference_response_stability.strata.primary.per_field.arch_occ_separation.all_rows_na_as_category.expected_agreement,0.446281,QPIPE-289eff02936d,0,/mnt/data/10_MACHINE_READABLE_RESULTS.json,0
cohen_kappa,random_inference_response_stability.strata.primary.per_field.arch_occ_separation.all_rows_na_as_category.cohen_kappa,0.726368,QPIPE-289eff02936d,0,/mnt/data/10_MACHINE_READABLE_RESULTS.json,0
kappa_status,random_inference_response_stability.strata.primary.per_field.arch_occ_separation.all_rows_na_as_category.kappa_status,defined,QPIPE-289eff02936d,0,/mnt/data/10_MACHINE_READABLE_RESULTS.json,0
categories,random_inference_response_stability.strata.primary.per_field.arch_occ_separation.all_rows_na_as_category.categories[0],0,QPIPE-289eff02936d,0,/mnt/data/10_MACHINE_READABLE_RESULTS.json,0
categories,random_inference_response_stability.strata.primary.per_field.arch_occ_separation.all_rows_na_as_category.categories[1],1,QPIPE-289eff02936d,0,/mnt/data/10_MACHINE_READABLE_RESULTS.json,0
categories,random_inference_response_stability.strata.primary.per_field.arch_occ_separation.all_rows_na_as_category.categories[2],NA,QPIPE-289eff02936d,0,/mnt/data/10_MACHINE_READABLE_RESULTS.json,0
0,random_inference_response_stability.strata.primary.per_field.arch_occ_separation.all_rows_na_as_category.confusion_matrix_primary_rows_second_columns.0.0,2,QPIPE-289eff02936d,0,/mnt/data/10_MACHINE_READABLE_RESULTS.json,0
1,random_inference_response_stability.strata.primary.per_field.arch_occ_separation.all_rows_na_as_category.confusion_matrix_primary_rows_second_columns.0.1,1,QPIPE-289eff02936d,0,/mnt/data/10_MACHINE_READABLE_RESULTS.json,0
NA,random_inference_response_stability.strata.primary.per_field.arch_occ_separation.all_rows_na_as_category.confusion_matrix_primary_rows_second_columns.0.NA,0,QPIPE-289eff02936d,0,/mnt/data/10_MACHINE_READABLE_RESULTS.json,0
0,random_inference_response_stability.strata.primary.per_field.arch_occ_separation.all_rows_na_as_category.confusion_matrix_primary_rows_second_columns.1.0,0,QPIPE-289eff02936d,0,/mnt/data/10_MACHINE_READABLE_RESULTS.json,0
1,random_inference_response_stability.strata.primary.per_field.arch_occ_separation.all_rows_na_as_category.confusion_matrix_primary_rows_second_columns.1.1,10,QPIPE-289eff02936d,0,/mnt/data/10_MACHINE_READABLE_RESULTS.json,0
NA,random_inference_response_stability.strata.primary.per_field.arch_occ_separation.all_rows_na_as_category.confusion_matrix_primary_rows_second_columns.1.NA,2,QPIPE-289eff02936d,0,/mnt/data/10_MACHINE_READABLE_RESULTS.json,0
0,random_inference_response_stability.strata.primary.per_field.arch_occ_separation.all_rows_na_as_category.confusion_matrix_primary_rows_second_columns.NA.0,0,QPIPE-289eff02936d,0,/mnt/data/10_MACHINE_READABLE_RESULTS.json,0
1,random_inference_response_stability.strata.primary.per_field.arch_occ_separation.all_rows_na_as_category.confusion_matrix_primary_rows_second_columns.NA.1,2,QPIPE-289eff02936d,0,/mnt/data/10_MACHINE_READABLE_RESULTS.json,0
NA,random_inference_response_stability.strata.primary.per_field.arch_occ_separation.all_rows_na_as_category.confusion_matrix_primary_rows_second_columns.NA.NA,16,QPIPE-289eff02936d,0,/mnt/data/10_MACHINE_READABLE_RESULTS.json,0
n,random_inference_response_stability.strata.primary.per_field.arch_occ_separation.both_applicable_excluding_na.n,13,QPIPE-289eff02936d,0,/mnt/data/10_MACHINE_READABLE_RESULTS.json,0
agreements,random_inference_response_stability.strata.primary.per_field.arch_occ_separation.both_applicable_excluding_na.agreements,12,QPIPE-289eff02936d,0,/mnt/data/10_MACHINE_READABLE_RESULTS.json,0
raw_agreement,random_inference_response_stability.strata.primary.per_field.arch_occ_separation.both_applicable_excluding_na.raw_agreement,0.923077,QPIPE-289eff02936d,0,/mnt/data/10_MACHINE_READABLE_RESULTS.json,0
expected_agreement,random_inference_response_stability.strata.primary.per_field.arch_occ_separation.both_applicable_excluding_na.expected_agreement,0.686391,QPIPE-289eff02936d,0,/mnt/data/10_MACHINE_READABLE_RESULTS.json,0
cohen_kappa,random_inference_response_stability.strata.primary.per_field.arch_occ_separation.both_applicable_excluding_na.cohen_kappa,0.754717,QPIPE-289eff02936d,0,/mnt/data/10_MACHINE_READABLE_RESULTS.json,0
kappa_status,random_inference_response_stability.strata.primary.per_field.arch_occ_separation.both_applicable_excluding_na.kappa_status,defined,QPIPE-289eff02936d,0,/mnt/data/10_MACHINE_READABLE_RESULTS.json,0
categories,random_inference_response_stability.strata.primary.per_field.arch_occ_separation.both_applicable_excluding_na.categories[0],0,QPIPE-289eff02936d,0,/mnt/data/10_MACHINE_READABLE_RESULTS.json,0
categories,random_inference_response_stability.strata.primary.per_field.arch_occ_separation.both_applicable_excluding_na.categories[1],1,QPIPE-289eff02936d,0,/mnt/data/10_MACHINE_READABLE_RESULTS.json,0
0,random_inference_response_stability.strata.primary.per_field.arch_occ_separation.both_applicable_excluding_na.confusion_matrix_primary_rows_second_columns.0.0,2,QPIPE-289eff02936d,0,/mnt/data/10_MACHINE_READABLE_RESULTS.json,0
1,random_inference_response_stability.strata.primary.per_field.arch_occ_separation.both_applicable_excluding_na.confusion_matrix_primary_rows_second_columns.0.1,1,QPIPE-289eff02936d,0,/mnt/data/10_MACHINE_READABLE_RESULTS.json,0
0,random_inference_response_stability.strata.primary.per_field.arch_occ_separation.both_applicable_excluding_na.confusion_matrix_primary_rows_second_columns.1.0,0,QPIPE-289eff02936d,0,/mnt/data/10_MACHINE_READABLE_RESULTS.json,0
1,random_inference_response_stability.strata.primary.per_field.arch_occ_separation.both_applicable_excluding_na.confusion_matrix_primary_rows_second_columns.1.1,10,QPIPE-289eff02936d,0,/mnt/data/10_MACHINE_READABLE_RESULTS.json,0
primary_na_count,random_inference_response_stability.strata.primary.per_field.arch_occ_separation.primary_na_count,18,QPIPE-289eff02936d,0,/mnt/data/10_MACHINE_READABLE_RESULTS.json,0
second_na_count,random_inference_response_stability.strata.primary.per_field.arch_occ_separation.second_na_count,18,QPIPE-289eff02936d,0,/mnt/data/10_MACHINE_READABLE_RESULTS.json,0
applicability_agreements,random_inference_response_stability.strata.primary.per_field.arch_occ_separation.applicability_agreements,29,QPIPE-289eff02936d,0,/mnt/data/10_MACHINE_READABLE_RESULTS.json,0
applicability_raw_agreement,random_inference_response_stability.strata.primary.per_field.arch_occ_separation.applicability_raw_agreement,0.878788,QPIPE-289eff02936d,0,/mnt/data/10_MACHINE_READABLE_RESULTS.json,0
n_opportunities,random_inference_response_stability.strata.ambiguous_sensitivity.n_opportunities,9,QPIPE-289eff02936d,0,/mnt/data/10_MACHINE_READABLE_RESULTS.json,0
exact_all_field_agreement_count,random_inference_response_stability.strata.ambiguous_sensitivity.exact_all_field_agreement_count,0,QPIPE-289eff02936d,0,/mnt/data/10_MACHINE_READABLE_RESULTS.json,0
exact_all_field_raw_agreement,random_inference_response_stability.strata.ambiguous_sensitivity.exact_all_field_raw_agreement,0.0,QPIPE-289eff02936d,0,/mnt/data/10_MACHINE_READABLE_RESULTS.json,0
n,random_inference_response_stability.strata.ambiguous_sensitivity.per_field.response_status.all_rows_na_as_category.n,9,QPIPE-289eff02936d,0,/mnt/data/10_MACHINE_READABLE_RESULTS.json,0
agreements,random_inference_response_stability.strata.ambiguous_sensitivity.per_field.response_status.all_rows_na_as_category.agreements,9,QPIPE-289eff02936d,0,/mnt/data/10_MACHINE_READABLE_RESULTS.json,0
raw_agreement,random_inference_response_stability.strata.ambiguous_sensitivity.per_field.response_status.all_rows_na_as_category.raw_agreement,1.0,QPIPE-289eff02936d,0,/mnt/data/10_MACHINE_READABLE_RESULTS.json,0
expected_agreement,random_inference_response_stability.strata.ambiguous_sensitivity.per_field.response_status.all_rows_na_as_category.expected_agreement,1.0,QPIPE-289eff02936d,0,/mnt/data/10_MACHINE_READABLE_RESULTS.json,0
kappa_status,random_inference_response_stability.strata.ambiguous_sensitivity.per_field.response_status.all_rows_na_as_category.kappa_status,undefined_no_marginal_variation,QPIPE-289eff02936d,0,/mnt/data/10_MACHINE_READABLE_RESULTS.json,0
categories,random_inference_response_stability.strata.ambiguous_sensitivity.per_field.response_status.all_rows_na_as_category.categories[0],observed,QPIPE-289eff02936d,0,/mnt/data/10_MACHINE_READABLE_RESULTS.json,0
observed,random_inference_response_stability.strata.ambiguous_sensitivity.per_field.response_status.all_rows_na_as_category.confusion_matrix_primary_rows_second_columns.observed.observed,9,QPIPE-289eff02936d,0,/mnt/data/10_MACHINE_READABLE_RESULTS.json,0
n,random_inference_response_stability.strata.ambiguous_sensitivity.per_field.response_status.both_applicable_excluding_na.n,9,QPIPE-289eff02936d,0,/mnt/data/10_MACHINE_READABLE_RESULTS.json,0
agreements,random_inference_response_stability.strata.ambiguous_sensitivity.per_field.response_status.both_applicable_excluding_na.agreements,9,QPIPE-289eff02936d,0,/mnt/data/10_MACHINE_READABLE_RESULTS.json,0
raw_agreement,random_inference_response_stability.strata.ambiguous_sensitivity.per_field.response_status.both_applicable_excluding_na.raw_agreement,1.0,QPIPE-289eff02936d,0,/mnt/data/10_MACHINE_READABLE_RESULTS.json,0
expected_agreement,random_inference_response_stability.strata.ambiguous_sensitivity.per_field.response_status.both_applicable_excluding_na.expected_agreement,1.0,QPIPE-289eff02936d,0,/mnt/data/10_MACHINE_READABLE_RESULTS.json,0
kappa_status,random_inference_response_stability.strata.ambiguous_sensitivity.per_field.response_status.both_applicable_excluding_na.kappa_status,undefined_no_marginal_variation,QPIPE-289eff02936d,0,/mnt/data/10_MACHINE_READABLE_RESULTS.json,0
categories,random_inference_response_stability.strata.ambiguous_sensitivity.per_field.response_status.both_applicable_excluding_na.categories[0],observed,QPIPE-289eff02936d,0,/mnt/data/10_MACHINE_READABLE_RESULTS.json,0
observed,random_inference_response_stability.strata.ambiguous_sensitivity.per_field.response_status.both_applicable_excluding_na.confusion_matrix_primary_rows_second_columns.observed.observed,9,QPIPE-289eff02936d,0,/mnt/data/10_MACHINE_READABLE_RESULTS.json,0
primary_na_count,random_inference_response_stability.strata.ambiguous_sensitivity.per_field.response_status.primary_na_count,0,QPIPE-289eff02936d,0,/mnt/data/10_MACHINE_READABLE_RESULTS.json,0
second_na_count,random_inference_response_stability.strata.ambiguous_sensitivity.per_field.response_status.second_na_count,0,QPIPE-289eff02936d,0,/mnt/data/10_MACHINE_READABLE_RESULTS.json,0
applicability_agreements,random_inference_response_stability.strata.ambiguous_sensitivity.per_field.response_status.applicability_agreements,9,QPIPE-289eff02936d,0,/mnt/data/10_MACHINE_READABLE_RESULTS.json,0
applicability_raw_agreement,random_inference_response_stability.strata.ambiguous_sensitivity.per_field.response_status.applicability_raw_agreement,1.0,QPIPE-289eff02936d,0,/mnt/data/10_MACHINE_READABLE_RESULTS.json,0
n,random_inference_response_stability.strata.ambiguous_sensitivity.per_field.evidence_engagement.all_rows_na_as_category.n,9,QPIPE-289eff02936d,0,/mnt/data/10_MACHINE_READABLE_RESULTS.json,0
agreements,random_inference_response_stability.strata.ambiguous_sensitivity.per_field.evidence_engagement.all_rows_na_as_category.agreements,7,QPIPE-289eff02936d,0,/mnt/data/10_MACHINE_READABLE_RESULTS.json,0
raw_agreement,random_inference_response_stability.strata.ambiguous_sensitivity.per_field.evidence_engagement.all_rows_na_as_category.raw_agreement,0.777778,QPIPE-289eff02936d,0,/mnt/data/10_MACHINE_READABLE_RESULTS.json,0
expected_agreement,random_inference_response_stability.strata.ambiguous_sensitivity.per_field.evidence_engagement.all_rows_na_as_category.expected_agreement,0.481481,QPIPE-289eff02936d,0,/mnt/data/10_MACHINE_READABLE_RESULTS.json,0
cohen_kappa,random_inference_response_stability.strata.ambiguous_sensitivity.per_field.evidence_engagement.all_rows_na_as_category.cohen_kappa,0.571429,QPIPE-289eff02936d,0,/mnt/data/10_MACHINE_READABLE_RESULTS.json,0
kappa_status,random_inference_response_stability.strata.ambiguous_sensitivity.per_field.evidence_engagement.all_rows_na_as_category.kappa_status,defined,QPIPE-289eff02936d,0,/mnt/data/10_MACHINE_READABLE_RESULTS.json,0
categories,random_inference_response_stability.strata.ambiguous_sensitivity.per_field.evidence_engagement.all_rows_na_as_category.categories[0],0,QPIPE-289eff02936d,0,/mnt/data/10_MACHINE_READABLE_RESULTS.json,0
categories,random_inference_response_stability.strata.ambiguous_sensitivity.per_field.evidence_engagement.all_rows_na_as_category.categories[1],1,QPIPE-289eff02936d,0,/mnt/data/10_MACHINE_READABLE_RESULTS.json,0
0,random_inference_response_stability.strata.ambiguous_sensitivity.per_field.evidence_engagement.all_rows_na_as_category.confusion_matrix_primary_rows_second_columns.0.0,4,QPIPE-289eff02936d,0,/mnt/data/10_MACHINE_READABLE_RESULTS.json,0
1,random_inference_response_stability.strata.ambiguous_sensitivity.per_field.evidence_engagement.all_rows_na_as_category.confusion_matrix_primary_rows_second_columns.0.1,0,QPIPE-289eff02936d,0,/mnt/data/10_MACHINE_READABLE_RESULTS.json,0
0,random_inference_response_stability.strata.ambiguous_sensitivity.per_field.evidence_engagement.all_rows_na_as_category.confusion_matrix_primary_rows_second_columns.1.0,2,QPIPE-289eff02936d,0,/mnt/data/10_MACHINE_READABLE_RESULTS.json,0
1,random_inference_response_stability.strata.ambiguous_sensitivity.per_field.evidence_engagement.all_rows_na_as_category.confusion_matrix_primary_rows_second_columns.1.1,3,QPIPE-289eff02936d,0,/mnt/data/10_MACHINE_READABLE_RESULTS.json,0
n,random_inference_response_stability.strata.ambiguous_sensitivity.per_field.evidence_engagement.both_applicable_excluding_na.n,9,QPIPE-289eff02936d,0,/mnt/data/10_MACHINE_READABLE_RESULTS.json,0
agreements,random_inference_response_stability.strata.ambiguous_sensitivity.per_field.evidence_engagement.both_applicable_excluding_na.agreements,7,QPIPE-289eff02936d,0,/mnt/data/10_MACHINE_READABLE_RESULTS.json,0
raw_agreement,random_inference_response_stability.strata.ambiguous_sensitivity.per_field.evidence_engagement.both_applicable_excluding_na.raw_agreement,0.777778,QPIPE-289eff02936d,0,/mnt/data/10_MACHINE_READABLE_RESULTS.json,0
expected_agreement,random_inference_response_stability.strata.ambiguous_sensitivity.per_field.evidence_engagement.both_applicable_excluding_na.expected_agreement,0.481481,QPIPE-289eff02936d,0,/mnt/data/10_MACHINE_READABLE_RESULTS.json,0
cohen_kappa,random_inference_response_stability.strata.ambiguous_sensitivity.per_field.evidence_engagement.both_applicable_excluding_na.cohen_kappa,0.571429,QPIPE-289eff02936d,0,/mnt/data/10_MACHINE_READABLE_RESULTS.json,0
kappa_status,random_inference_response_stability.strata.ambiguous_sensitivity.per_field.evidence_engagement.both_applicable_excluding_na.kappa_status,defined,QPIPE-289eff02936d,0,/mnt/data/10_MACHINE_READABLE_RESULTS.json,0
categories,random_inference_response_stability.strata.ambiguous_sensitivity.per_field.evidence_engagement.both_applicable_excluding_na.categories[0],0,QPIPE-289eff02936d,0,/mnt/data/10_MACHINE_READABLE_RESULTS.json,0
categories,random_inference_response_stability.strata.ambiguous_sensitivity.per_field.evidence_engagement.both_applicable_excluding_na.categories[1],1,QPIPE-289eff02936d,0,/mnt/data/10_MACHINE_READABLE_RESULTS.json,0
0,random_inference_response_stability.strata.ambiguous_sensitivity.per_field.evidence_engagement.both_applicable_excluding_na.confusion_matrix_primary_rows_second_columns.0.0,4,QPIPE-289eff02936d,0,/mnt/data/10_MACHINE_READABLE_RESULTS.json,0
1,random_inference_response_stability.strata.ambiguous_sensitivity.per_field.evidence_engagement.both_applicable_excluding_na.confusion_matrix_primary_rows_second_columns.0.1,0,QPIPE-289eff02936d,0,/mnt/data/10_MACHINE_READABLE_RESULTS.json,0
0,random_inference_response_stability.strata.ambiguous_sensitivity.per_field.evidence_engagement.both_applicable_excluding_na.confusion_matrix_primary_rows_second_columns.1.0,2,QPIPE-289eff02936d,0,/mnt/data/10_MACHINE_READABLE_RESULTS.json,0
1,random_inference_response_stability.strata.ambiguous_sensitivity.per_field.evidence_engagement.both_applicable_excluding_na.confusion_matrix_primary_rows_second_columns.1.1,3,QPIPE-289eff02936d,0,/mnt/data/10_MACHINE_READABLE_RESULTS.json,0
primary_na_count,random_inference_response_stability.strata.ambiguous_sensitivity.per_field.evidence_engagement.primary_na_count,0,QPIPE-289eff02936d,0,/mnt/data/10_MACHINE_READABLE_RESULTS.json,0
second_na_count,random_inference_response_stability.strata.ambiguous_sensitivity.per_field.evidence_engagement.second_na_count,0,QPIPE-289eff02936d,0,/mnt/data/10_MACHINE_READABLE_RESULTS.json,0
applicability_agreements,random_inference_response_stability.strata.ambiguous_sensitivity.per_field.evidence_engagement.applicability_agreements,9,QPIPE-289eff02936d,0,/mnt/data/10_MACHINE_READABLE_RESULTS.json,0
applicability_raw_agreement,random_inference_response_stability.strata.ambiguous_sensitivity.per_field.evidence_engagement.applicability_raw_agreement,1.0,QPIPE-289eff02936d,0,/mnt/data/10_MACHINE_READABLE_RESULTS.json,0
n,random_inference_response_stability.strata.ambiguous_sensitivity.per_field.proposition_preservation.all_rows_na_as_category.n,9,QPIPE-289eff02936d,0,/mnt/data/10_MACHINE_READABLE_RESULTS.json,0
agreements,random_inference_response_stability.strata.ambiguous_sensitivity.per_field.proposition_preservation.all_rows_na_as_category.agreements,6,QPIPE-289eff02936d,0,/mnt/data/10_MACHINE_READABLE_RESULTS.json,0
raw_agreement,random_inference_response_stability.strata.ambiguous_sensitivity.per_field.proposition_preservation.all_rows_na_as_category.raw_agreement,0.666667,QPIPE-289eff02936d,0,/mnt/data/10_MACHINE_READABLE_RESULTS.json,0
expected_agreement,random_inference_response_stability.strata.ambiguous_sensitivity.per_field.proposition_preservation.all_rows_na_as_category.expected_agreement,0.493827,QPIPE-289eff02936d,0,/mnt/data/10_MACHINE_READABLE_RESULTS.json,0
cohen_kappa,random_inference_response_stability.strata.ambiguous_sensitivity.per_field.proposition_preservation.all_rows_na_as_category.cohen_kappa,0.341463,QPIPE-289eff02936d,0,/mnt/data/10_MACHINE_READABLE_RESULTS.json,0
kappa_status,random_inference_response_stability.strata.ambiguous_sensitivity.per_field.proposition_preservation.all_rows_na_as_category.kappa_status,defined,QPIPE-289eff02936d,0,/mnt/data/10_MACHINE_READABLE_RESULTS.json,0
categories,random_inference_response_stability.strata.ambiguous_sensitivity.per_field.proposition_preservation.all_rows_na_as_category.categories[0],0,QPIPE-289eff02936d,0,/mnt/data/10_MACHINE_READABLE_RESULTS.json,0
categories,random_inference_response_stability.strata.ambiguous_sensitivity.per_field.proposition_preservation.all_rows_na_as_category.categories[1],1,QPIPE-289eff02936d,0,/mnt/data/10_MACHINE_READABLE_RESULTS.json,0
0,random_inference_response_stability.strata.ambiguous_sensitivity.per_field.proposition_preservation.all_rows_na_as_category.confusion_matrix_primary_rows_second_columns.0.0,3,QPIPE-289eff02936d,0,/mnt/data/10_MACHINE_READABLE_RESULTS.json,0
1,random_inference_response_stability.strata.ambiguous_sensitivity.per_field.proposition_preservation.all_rows_na_as_category.confusion_matrix_primary_rows_second_columns.0.1,2,QPIPE-289eff02936d,0,/mnt/data/10_MACHINE_READABLE_RESULTS.json,0
0,random_inference_response_stability.strata.ambiguous_sensitivity.per_field.proposition_preservation.all_rows_na_as_category.confusion_matrix_primary_rows_second_columns.1.0,1,QPIPE-289eff02936d,0,/mnt/data/10_MACHINE_READABLE_RESULTS.json,0
1,random_inference_response_stability.strata.ambiguous_sensitivity.per_field.proposition_preservation.all_rows_na_as_category.confusion_matrix_primary_rows_second_columns.1.1,3,QPIPE-289eff02936d,0,/mnt/data/10_MACHINE_READABLE_RESULTS.json,0
n,random_inference_response_stability.strata.ambiguous_sensitivity.per_field.proposition_preservation.both_applicable_excluding_na.n,9,QPIPE-289eff02936d,0,/mnt/data/10_MACHINE_READABLE_RESULTS.json,0
agreements,random_inference_response_stability.strata.ambiguous_sensitivity.per_field.proposition_preservation.both_applicable_excluding_na.agreements,6,QPIPE-289eff02936d,0,/mnt/data/10_MACHINE_READABLE_RESULTS.json,0
raw_agreement,random_inference_response_stability.strata.ambiguous_sensitivity.per_field.proposition_preservation.both_applicable_excluding_na.raw_agreement,0.666667,QPIPE-289eff02936d,0,/mnt/data/10_MACHINE_READABLE_RESULTS.json,0
expected_agreement,random_inference_response_stability.strata.ambiguous_sensitivity.per_field.proposition_preservation.both_applicable_excluding_na.expected_agreement,0.493827,QPIPE-289eff02936d,0,/mnt/data/10_MACHINE_READABLE_RESULTS.json,0
cohen_kappa,random_inference_response_stability.strata.ambiguous_sensitivity.per_field.proposition_preservation.both_applicable_excluding_na.cohen_kappa,0.341463,QPIPE-289eff02936d,0,/mnt/data/10_MACHINE_READABLE_RESULTS.json,0
kappa_status,random_inference_response_stability.strata.ambiguous_sensitivity.per_field.proposition_preservation.both_applicable_excluding_na.kappa_status,defined,QPIPE-289eff02936d,0,/mnt/data/10_MACHINE_READABLE_RESULTS.json,0
categories,random_inference_response_stability.strata.ambiguous_sensitivity.per_field.proposition_preservation.both_applicable_excluding_na.categories[0],0,QPIPE-289eff02936d,0,/mnt/data/10_MACHINE_READABLE_RESULTS.json,0
categories,random_inference_response_stability.strata.ambiguous_sensitivity.per_field.proposition_preservation.both_applicable_excluding_na.categories[1],1,QPIPE-289eff02936d,0,/mnt/data/10_MACHINE_READABLE_RESULTS.json,0
0,random_inference_response_stability.strata.ambiguous_sensitivity.per_field.proposition_preservation.both_applicable_excluding_na.confusion_matrix_primary_rows_second_columns.0.0,3,QPIPE-289eff02936d,0,/mnt/data/10_MACHINE_READABLE_RESULTS.json,0
1,random_inference_response_stability.strata.ambiguous_sensitivity.per_field.proposition_preservation.both_applicable_excluding_na.confusion_matrix_primary_rows_second_columns.0.1,2,QPIPE-289eff02936d,0,/mnt/data/10_MACHINE_READABLE_RESULTS.json,0
0,random_inference_response_stability.strata.ambiguous_sensitivity.per_field.proposition_preservation.both_applicable_excluding_na.confusion_matrix_primary_rows_second_columns.1.0,1,QPIPE-289eff02936d,0,/mnt/data/10_MACHINE_READABLE_RESULTS.json,0
1,random_inference_response_stability.strata.ambiguous_sensitivity.per_field.proposition_preservation.both_applicable_excluding_na.confusion_matrix_primary_rows_second_columns.1.1,3,QPIPE-289eff02936d,0,/mnt/data/10_MACHINE_READABLE_RESULTS.json,0
primary_na_count,random_inference_response_stability.strata.ambiguous_sensitivity.per_field.proposition_preservation.primary_na_count,0,QPIPE-289eff02936d,0,/mnt/data/10_MACHINE_READABLE_RESULTS.json,0
second_na_count,random_inference_response_stability.strata.ambiguous_sensitivity.per_field.proposition_preservation.second_na_count,0,QPIPE-289eff02936d,0,/mnt/data/10_MACHINE_READABLE_RESULTS.json,0
applicability_agreements,random_inference_response_stability.strata.ambiguous_sensitivity.per_field.proposition_preservation.applicability_agreements,9,QPIPE-289eff02936d,0,/mnt/data/10_MACHINE_READABLE_RESULTS.json,0
applicability_raw_agreement,random_inference_response_stability.strata.ambiguous_sensitivity.per_field.proposition_preservation.applicability_raw_agreement,1.0,QPIPE-289eff02936d,0,/mnt/data/10_MACHINE_READABLE_RESULTS.json,0
n,random_inference_response_stability.strata.ambiguous_sensitivity.per_field.task_preservation.all_rows_na_as_category.n,9,QPIPE-289eff02936d,0,/mnt/data/10_MACHINE_READABLE_RESULTS.json,0
agreements,random_inference_response_stability.strata.ambiguous_sensitivity.per_field.task_preservation.all_rows_na_as_category.agreements,7,QPIPE-289eff02936d,0,/mnt/data/10_MACHINE_READABLE_RESULTS.json,0
raw_agreement,random_inference_response_stability.strata.ambiguous_sensitivity.per_field.task_preservation.all_rows_na_as_category.raw_agreement,0.777778,QPIPE-289eff02936d,0,/mnt/data/10_MACHINE_READABLE_RESULTS.json,0
expected_agreement,random_inference_response_stability.strata.ambiguous_sensitivity.per_field.task_preservation.all_rows_na_as_category.expected_agreement,0.506173,QPIPE-289eff02936d,0,/mnt/data/10_MACHINE_READABLE_RESULTS.json,0
cohen_kappa,random_inference_response_stability.strata.ambiguous_sensitivity.per_field.task_preservation.all_rows_na_as_category.cohen_kappa,0.55,QPIPE-289eff02936d,0,/mnt/data/10_MACHINE_READABLE_RESULTS.json,0
kappa_status,random_inference_response_stability.strata.ambiguous_sensitivity.per_field.task_preservation.all_rows_na_as_category.kappa_status,defined,QPIPE-289eff02936d,0,/mnt/data/10_MACHINE_READABLE_RESULTS.json,0
categories,random_inference_response_stability.strata.ambiguous_sensitivity.per_field.task_preservation.all_rows_na_as_category.categories[0],0,QPIPE-289eff02936d,0,/mnt/data/10_MACHINE_READABLE_RESULTS.json,0
categories,random_inference_response_stability.strata.ambiguous_sensitivity.per_field.task_preservation.all_rows_na_as_category.categories[1],1,QPIPE-289eff02936d,0,/mnt/data/10_MACHINE_READABLE_RESULTS.json,0
0,random_inference_response_stability.strata.ambiguous_sensitivity.per_field.task_preservation.all_rows_na_as_category.confusion_matrix_primary_rows_second_columns.0.0,3,QPIPE-289eff02936d,0,/mnt/data/10_MACHINE_READABLE_RESULTS.json,0
1,random_inference_response_stability.strata.ambiguous_sensitivity.per_field.task_preservation.all_rows_na_as_category.confusion_matrix_primary_rows_second_columns.0.1,1,QPIPE-289eff02936d,0,/mnt/data/10_MACHINE_READABLE_RESULTS.json,0
0,random_inference_response_stability.strata.ambiguous_sensitivity.per_field.task_preservation.all_rows_na_as_category.confusion_matrix_primary_rows_second_columns.1.0,1,QPIPE-289eff02936d,0,/mnt/data/10_MACHINE_READABLE_RESULTS.json,0
1,random_inference_response_stability.strata.ambiguous_sensitivity.per_field.task_preservation.all_rows_na_as_category.confusion_matrix_primary_rows_second_columns.1.1,4,QPIPE-289eff02936d,0,/mnt/data/10_MACHINE_READABLE_RESULTS.json,0
n,random_inference_response_stability.strata.ambiguous_sensitivity.per_field.task_preservation.both_applicable_excluding_na.n,9,QPIPE-289eff02936d,0,/mnt/data/10_MACHINE_READABLE_RESULTS.json,0
agreements,random_inference_response_stability.strata.ambiguous_sensitivity.per_field.task_preservation.both_applicable_excluding_na.agreements,7,QPIPE-289eff02936d,0,/mnt/data/10_MACHINE_READABLE_RESULTS.json,0
raw_agreement,random_inference_response_stability.strata.ambiguous_sensitivity.per_field.task_preservation.both_applicable_excluding_na.raw_agreement,0.777778,QPIPE-289eff02936d,0,/mnt/data/10_MACHINE_READABLE_RESULTS.json,0
expected_agreement,random_inference_response_stability.strata.ambiguous_sensitivity.per_field.task_preservation.both_applicable_excluding_na.expected_agreement,0.506173,QPIPE-289eff02936d,0,/mnt/data/10_MACHINE_READABLE_RESULTS.json,0
cohen_kappa,random_inference_response_stability.strata.ambiguous_sensitivity.per_field.task_preservation.both_applicable_excluding_na.cohen_kappa,0.55,QPIPE-289eff02936d,0,/mnt/data/10_MACHINE_READABLE_RESULTS.json,0
kappa_status,random_inference_response_stability.strata.ambiguous_sensitivity.per_field.task_preservation.both_applicable_excluding_na.kappa_status,defined,QPIPE-289eff02936d,0,/mnt/data/10_MACHINE_READABLE_RESULTS.json,0
categories,random_inference_response_stability.strata.ambiguous_sensitivity.per_field.task_preservation.both_applicable_excluding_na.categories[0],0,QPIPE-289eff02936d,0,/mnt/data/10_MACHINE_READABLE_RESULTS.json,0
categories,random_inference_response_stability.strata.ambiguous_sensitivity.per_field.task_preservation.both_applicable_excluding_na.categories[1],1,QPIPE-289eff02936d,0,/mnt/data/10_MACHINE_READABLE_RESULTS.json,0
0,random_inference_response_stability.strata.ambiguous_sensitivity.per_field.task_preservation.both_applicable_excluding_na.confusion_matrix_primary_rows_second_columns.0.0,3,QPIPE-289eff02936d,0,/mnt/data/10_MACHINE_READABLE_RESULTS.json,0
1,random_inference_response_stability.strata.ambiguous_sensitivity.per_field.task_preservation.both_applicable_excluding_na.confusion_matrix_primary_rows_second_columns.0.1,1,QPIPE-289eff02936d,0,/mnt/data/10_MACHINE_READABLE_RESULTS.json,0
0,random_inference_response_stability.strata.ambiguous_sensitivity.per_field.task_preservation.both_applicable_excluding_na.confusion_matrix_primary_rows_second_columns.1.0,1,QPIPE-289eff02936d,0,/mnt/data/10_MACHINE_READABLE_RESULTS.json,0
1,random_inference_response_stability.strata.ambiguous_sensitivity.per_field.task_preservation.both_applicable_excluding_na.confusion_matrix_primary_rows_second_columns.1.1,4,QPIPE-289eff02936d,0,/mnt/data/10_MACHINE_READABLE_RESULTS.json,0
primary_na_count,random_inference_response_stability.strata.ambiguous_sensitivity.per_field.task_preservation.primary_na_count,0,QPIPE-289eff02936d,0,/mnt/data/10_MACHINE_READABLE_RESULTS.json,0
second_na_count,random_inference_response_stability.strata.ambiguous_sensitivity.per_field.task_preservation.second_na_count,0,QPIPE-289eff02936d,0,/mnt/data/10_MACHINE_READABLE_RESULTS.json,0
applicability_agreements,random_inference_response_stability.strata.ambiguous_sensitivity.per_field.task_preservation.applicability_agreements,9,QPIPE-289eff02936d,0,/mnt/data/10_MACHINE_READABLE_RESULTS.json,0
applicability_raw_agreement,random_inference_response_stability.strata.ambiguous_sensitivity.per_field.task_preservation.applicability_raw_agreement,1.0,QPIPE-289eff02936d,0,/mnt/data/10_MACHINE_READABLE_RESULTS.json,0
n,random_inference_response_stability.strata.ambiguous_sensitivity.per_field.discriminating_evidence.all_rows_na_as_category.n,9,QPIPE-289eff02936d,0,/mnt/data/10_MACHINE_READABLE_RESULTS.json,0
agreements,random_inference_response_stability.strata.ambiguous_sensitivity.per_field.discriminating_evidence.all_rows_na_as_category.agreements,5,QPIPE-289eff02936d,0,/mnt/data/10_MACHINE_READABLE_RESULTS.json,0
raw_agreement,random_inference_response_stability.strata.ambiguous_sensitivity.per_field.discriminating_evidence.all_rows_na_as_category.raw_agreement,0.555556,QPIPE-289eff02936d,0,/mnt/data/10_MACHINE_READABLE_RESULTS.json,0
expected_agreement,random_inference_response_stability.strata.ambiguous_sensitivity.per_field.discriminating_evidence.all_rows_na_as_category.expected_agreement,0.444444,QPIPE-289eff02936d,0,/mnt/data/10_MACHINE_READABLE_RESULTS.json,0
cohen_kappa,random_inference_response_stability.strata.ambiguous_sensitivity.per_field.discriminating_evidence.all_rows_na_as_category.cohen_kappa,0.2,QPIPE-289eff02936d,0,/mnt/data/10_MACHINE_READABLE_RESULTS.json,0
kappa_status,random_inference_response_stability.strata.ambiguous_sensitivity.per_field.discriminating_evidence.all_rows_na_as_category.kappa_status,defined,QPIPE-289eff02936d,0,/mnt/data/10_MACHINE_READABLE_RESULTS.json,0
categories,random_inference_response_stability.strata.ambiguous_sensitivity.per_field.discriminating_evidence.all_rows_na_as_category.categories[0],0,QPIPE-289eff02936d,0,/mnt/data/10_MACHINE_READABLE_RESULTS.json,0
categories,random_inference_response_stability.strata.ambiguous_sensitivity.per_field.discriminating_evidence.all_rows_na_as_category.categories[1],1,QPIPE-289eff02936d,0,/mnt/data/10_MACHINE_READABLE_RESULTS.json,0
categories,random_inference_response_stability.strata.ambiguous_sensitivity.per_field.discriminating_evidence.all_rows_na_as_category.categories[2],NA,QPIPE-289eff02936d,0,/mnt/data/10_MACHINE_READABLE_RESULTS.json,0
0,random_inference_response_stability.strata.ambiguous_sensitivity.per_field.discriminating_evidence.all_rows_na_as_category.confusion_matrix_primary_rows_second_columns.0.0,2,QPIPE-289eff02936d,0,/mnt/data/10_MACHINE_READABLE_RESULTS.json,0
1,random_inference_response_stability.strata.ambiguous_sensitivity.per_field.discriminating_evidence.all_rows_na_as_category.confusion_matrix_primary_rows_second_columns.0.1,1,QPIPE-289eff02936d,0,/mnt/data/10_MACHINE_READABLE_RESULTS.json,0
NA,random_inference_response_stability.strata.ambiguous_sensitivity.per_field.discriminating_evidence.all_rows_na_as_category.confusion_matrix_primary_rows_second_columns.0.NA,1,QPIPE-289eff02936d,0,/mnt/data/10_MACHINE_READABLE_RESULTS.json,0
0,random_inference_response_stability.strata.ambiguous_sensitivity.per_field.discriminating_evidence.all_rows_na_as_category.confusion_matrix_primary_rows_second_columns.1.0,0,QPIPE-289eff02936d,0,/mnt/data/10_MACHINE_READABLE_RESULTS.json,0
1,random_inference_response_stability.strata.ambiguous_sensitivity.per_field.discriminating_evidence.all_rows_na_as_category.confusion_matrix_primary_rows_second_columns.1.1,0,QPIPE-289eff02936d,0,/mnt/data/10_MACHINE_READABLE_RESULTS.json,0
NA,random_inference_response_stability.strata.ambiguous_sensitivity.per_field.discriminating_evidence.all_rows_na_as_category.confusion_matrix_primary_rows_second_columns.1.NA,0,QPIPE-289eff02936d,0,/mnt/data/10_MACHINE_READABLE_RESULTS.json,0
0,random_inference_response_stability.strata.ambiguous_sensitivity.per_field.discriminating_evidence.all_rows_na_as_category.confusion_matrix_primary_rows_second_columns.NA.0,2,QPIPE-289eff02936d,0,/mnt/data/10_MACHINE_READABLE_RESULTS.json,0
1,random_inference_response_stability.strata.ambiguous_sensitivity.per_field.discriminating_evidence.all_rows_na_as_category.confusion_matrix_primary_rows_second_columns.NA.1,0,QPIPE-289eff02936d,0,/mnt/data/10_MACHINE_READABLE_RESULTS.json,0
NA,random_inference_response_stability.strata.ambiguous_sensitivity.per_field.discriminating_evidence.all_rows_na_as_category.confusion_matrix_primary_rows_second_columns.NA.NA,3,QPIPE-289eff02936d,0,/mnt/data/10_MACHINE_READABLE_RESULTS.json,0
n,random_inference_response_stability.strata.ambiguous_sensitivity.per_field.discriminating_evidence.both_applicable_excluding_na.n,3,QPIPE-289eff02936d,0,/mnt/data/10_MACHINE_READABLE_RESULTS.json,0
agreements,random_inference_response_stability.strata.ambiguous_sensitivity.per_field.discriminating_evidence.both_applicable_excluding_na.agreements,2,QPIPE-289eff02936d,0,/mnt/data/10_MACHINE_READABLE_RESULTS.json,0
raw_agreement,random_inference_response_stability.strata.ambiguous_sensitivity.per_field.discriminating_evidence.both_applicable_excluding_na.raw_agreement,0.666667,QPIPE-289eff02936d,0,/mnt/data/10_MACHINE_READABLE_RESULTS.json,0
expected_agreement,random_inference_response_stability.strata.ambiguous_sensitivity.per_field.discriminating_evidence.both_applicable_excluding_na.expected_agreement,0.666667,QPIPE-289eff02936d,0,/mnt/data/10_MACHINE_READABLE_RESULTS.json,0
cohen_kappa,random_inference_response_stability.strata.ambiguous_sensitivity.per_field.discriminating_evidence.both_applicable_excluding_na.cohen_kappa,0.0,QPIPE-289eff02936d,0,/mnt/data/10_MACHINE_READABLE_RESULTS.json,0
kappa_status,random_inference_response_stability.strata.ambiguous_sensitivity.per_field.discriminating_evidence.both_applicable_excluding_na.kappa_status,defined,QPIPE-289eff02936d,0,/mnt/data/10_MACHINE_READABLE_RESULTS.json,0
categories,random_inference_response_stability.strata.ambiguous_sensitivity.per_field.discriminating_evidence.both_applicable_excluding_na.categories[0],0,QPIPE-289eff02936d,0,/mnt/data/10_MACHINE_READABLE_RESULTS.json,0
categories,random_inference_response_stability.strata.ambiguous_sensitivity.per_field.discriminating_evidence.both_applicable_excluding_na.categories[1],1,QPIPE-289eff02936d,0,/mnt/data/10_MACHINE_READABLE_RESULTS.json,0
0,random_inference_response_stability.strata.ambiguous_sensitivity.per_field.discriminating_evidence.both_applicable_excluding_na.confusion_matrix_primary_rows_second_columns.0.0,2,QPIPE-289eff02936d,0,/mnt/data/10_MACHINE_READABLE_RESULTS.json,0
1,random_inference_response_stability.strata.ambiguous_sensitivity.per_field.discriminating_evidence.both_applicable_excluding_na.confusion_matrix_primary_rows_second_columns.0.1,1,QPIPE-289eff02936d,0,/mnt/data/10_MACHINE_READABLE_RESULTS.json,0
0,random_inference_response_stability.strata.ambiguous_sensitivity.per_field.discriminating_evidence.both_applicable_excluding_na.confusion_matrix_primary_rows_second_columns.1.0,0,QPIPE-289eff02936d,0,/mnt/data/10_MACHINE_READABLE_RESULTS.json,0
1,random_inference_response_stability.strata.ambiguous_sensitivity.per_field.discriminating_evidence.both_applicable_excluding_na.confusion_matrix_primary_rows_second_columns.1.1,0,QPIPE-289eff02936d,0,/mnt/data/10_MACHINE_READABLE_RESULTS.json,0
primary_na_count,random_inference_response_stability.strata.ambiguous_sensitivity.per_field.discriminating_evidence.primary_na_count,5,QPIPE-289eff02936d,0,/mnt/data/10_MACHINE_READABLE_RESULTS.json,0
second_na_count,random_inference_response_stability.strata.ambiguous_sensitivity.per_field.discriminating_evidence.second_na_count,4,QPIPE-289eff02936d,0,/mnt/data/10_MACHINE_READABLE_RESULTS.json,0
applicability_agreements,random_inference_response_stability.strata.ambiguous_sensitivity.per_field.discriminating_evidence.applicability_agreements,6,QPIPE-289eff02936d,0,/mnt/data/10_MACHINE_READABLE_RESULTS.json,0
applicability_raw_agreement,random_inference_response_stability.strata.ambiguous_sensitivity.per_field.discriminating_evidence.applicability_raw_agreement,0.666667,QPIPE-289eff02936d,0,/mnt/data/10_MACHINE_READABLE_RESULTS.json,0
n,random_inference_response_stability.strata.ambiguous_sensitivity.per_field.refusal_substitute.all_rows_na_as_category.n,9,QPIPE-289eff02936d,0,/mnt/data/10_MACHINE_READABLE_RESULTS.json,0
agreements,random_inference_response_stability.strata.ambiguous_sensitivity.per_field.refusal_substitute.all_rows_na_as_category.agreements,8,QPIPE-289eff02936d,0,/mnt/data/10_MACHINE_READABLE_RESULTS.json,0
raw_agreement,random_inference_response_stability.strata.ambiguous_sensitivity.per_field.refusal_substitute.all_rows_na_as_category.raw_agreement,0.888889,QPIPE-289eff02936d,0,/mnt/data/10_MACHINE_READABLE_RESULTS.json,0
expected_agreement,random_inference_response_stability.strata.ambiguous_sensitivity.per_field.refusal_substitute.all_rows_na_as_category.expected_agreement,0.518519,QPIPE-289eff02936d,0,/mnt/data/10_MACHINE_READABLE_RESULTS.json,0
cohen_kappa,random_inference_response_stability.strata.ambiguous_sensitivity.per_field.refusal_substitute.all_rows_na_as_category.cohen_kappa,0.769231,QPIPE-289eff02936d,0,/mnt/data/10_MACHINE_READABLE_RESULTS.json,0
kappa_status,random_inference_response_stability.strata.ambiguous_sensitivity.per_field.refusal_substitute.all_rows_na_as_category.kappa_status,defined,QPIPE-289eff02936d,0,/mnt/data/10_MACHINE_READABLE_RESULTS.json,0
categories,random_inference_response_stability.strata.ambiguous_sensitivity.per_field.refusal_substitute.all_rows_na_as_category.categories[0],no,QPIPE-289eff02936d,0,/mnt/data/10_MACHINE_READABLE_RESULTS.json,0
categories,random_inference_response_stability.strata.ambiguous_sensitivity.per_field.refusal_substitute.all_rows_na_as_category.categories[1],yes,QPIPE-289eff02936d,0,/mnt/data/10_MACHINE_READABLE_RESULTS.json,0
no,random_inference_response_stability.strata.ambiguous_sensitivity.per_field.refusal_substitute.all_rows_na_as_category.confusion_matrix_primary_rows_second_columns.no.no,5,QPIPE-289eff02936d,0,/mnt/data/10_MACHINE_READABLE_RESULTS.json,0
yes,random_inference_response_stability.strata.ambiguous_sensitivity.per_field.refusal_substitute.all_rows_na_as_category.confusion_matrix_primary_rows_second_columns.no.yes,1,QPIPE-289eff02936d,0,/mnt/data/10_MACHINE_READABLE_RESULTS.json,0
no,random_inference_response_stability.strata.ambiguous_sensitivity.per_field.refusal_substitute.all_rows_na_as_category.confusion_matrix_primary_rows_second_columns.yes.no,0,QPIPE-289eff02936d,0,/mnt/data/10_MACHINE_READABLE_RESULTS.json,0
yes,random_inference_response_stability.strata.ambiguous_sensitivity.per_field.refusal_substitute.all_rows_na_as_category.confusion_matrix_primary_rows_second_columns.yes.yes,3,QPIPE-289eff02936d,0,/mnt/data/10_MACHINE_READABLE_RESULTS.json,0
n,random_inference_response_stability.strata.ambiguous_sensitivity.per_field.refusal_substitute.both_applicable_excluding_na.n,9,QPIPE-289eff02936d,0,/mnt/data/10_MACHINE_READABLE_RESULTS.json,0
agreements,random_inference_response_stability.strata.ambiguous_sensitivity.per_field.refusal_substitute.both_applicable_excluding_na.agreements,8,QPIPE-289eff02936d,0,/mnt/data/10_MACHINE_READABLE_RESULTS.json,0
raw_agreement,random_inference_response_stability.strata.ambiguous_sensitivity.per_field.refusal_substitute.both_applicable_excluding_na.raw_agreement,0.888889,QPIPE-289eff02936d,0,/mnt/data/10_MACHINE_READABLE_RESULTS.json,0
expected_agreement,random_inference_response_stability.strata.ambiguous_sensitivity.per_field.refusal_substitute.both_applicable_excluding_na.expected_agreement,0.518519,QPIPE-289eff02936d,0,/mnt/data/10_MACHINE_READABLE_RESULTS.json,0
cohen_kappa,random_inference_response_stability.strata.ambiguous_sensitivity.per_field.refusal_substitute.both_applicable_excluding_na.cohen_kappa,0.769231,QPIPE-289eff02936d,0,/mnt/data/10_MACHINE_READABLE_RESULTS.json,0
kappa_status,random_inference_response_stability.strata.ambiguous_sensitivity.per_field.refusal_substitute.both_applicable_excluding_na.kappa_status,defined,QPIPE-289eff02936d,0,/mnt/data/10_MACHINE_READABLE_RESULTS.json,0
categories,random_inference_response_stability.strata.ambiguous_sensitivity.per_field.refusal_substitute.both_applicable_excluding_na.categories[0],no,QPIPE-289eff02936d,0,/mnt/data/10_MACHINE_READABLE_RESULTS.json,0
categories,random_inference_response_stability.strata.ambiguous_sensitivity.per_field.refusal_substitute.both_applicable_excluding_na.categories[1],yes,QPIPE-289eff02936d,0,/mnt/data/10_MACHINE_READABLE_RESULTS.json,0
no,random_inference_response_stability.strata.ambiguous_sensitivity.per_field.refusal_substitute.both_applicable_excluding_na.confusion_matrix_primary_rows_second_columns.no.no,5,QPIPE-289eff02936d,0,/mnt/data/10_MACHINE_READABLE_RESULTS.json,0
yes,random_inference_response_stability.strata.ambiguous_sensitivity.per_field.refusal_substitute.both_applicable_excluding_na.confusion_matrix_primary_rows_second_columns.no.yes,1,QPIPE-289eff02936d,0,/mnt/data/10_MACHINE_READABLE_RESULTS.json,0
no,random_inference_response_stability.strata.ambiguous_sensitivity.per_field.refusal_substitute.both_applicable_excluding_na.confusion_matrix_primary_rows_second_columns.yes.no,0,QPIPE-289eff02936d,0,/mnt/data/10_MACHINE_READABLE_RESULTS.json,0
yes,random_inference_response_stability.strata.ambiguous_sensitivity.per_field.refusal_substitute.both_applicable_excluding_na.confusion_matrix_primary_rows_second_columns.yes.yes,3,QPIPE-289eff02936d,0,/mnt/data/10_MACHINE_READABLE_RESULTS.json,0
primary_na_count,random_inference_response_stability.strata.ambiguous_sensitivity.per_field.refusal_substitute.primary_na_count,0,QPIPE-289eff02936d,0,/mnt/data/10_MACHINE_READABLE_RESULTS.json,0
second_na_count,random_inference_response_stability.strata.ambiguous_sensitivity.per_field.refusal_substitute.second_na_count,0,QPIPE-289eff02936d,0,/mnt/data/10_MACHINE_READABLE_RESULTS.json,0
applicability_agreements,random_inference_response_stability.strata.ambiguous_sensitivity.per_field.refusal_substitute.applicability_agreements,9,QPIPE-289eff02936d,0,/mnt/data/10_MACHINE_READABLE_RESULTS.json,0
applicability_raw_agreement,random_inference_response_stability.strata.ambiguous_sensitivity.per_field.refusal_substitute.applicability_raw_agreement,1.0,QPIPE-289eff02936d,0,/mnt/data/10_MACHINE_READABLE_RESULTS.json,0
n,random_inference_response_stability.strata.ambiguous_sensitivity.per_field.proposition_inflation.all_rows_na_as_category.n,9,QPIPE-289eff02936d,0,/mnt/data/10_MACHINE_READABLE_RESULTS.json,0
agreements,random_inference_response_stability.strata.ambiguous_sensitivity.per_field.proposition_inflation.all_rows_na_as_category.agreements,7,QPIPE-289eff02936d,0,/mnt/data/10_MACHINE_READABLE_RESULTS.json,0
raw_agreement,random_inference_response_stability.strata.ambiguous_sensitivity.per_field.proposition_inflation.all_rows_na_as_category.raw_agreement,0.777778,QPIPE-289eff02936d,0,/mnt/data/10_MACHINE_READABLE_RESULTS.json,0
expected_agreement,random_inference_response_stability.strata.ambiguous_sensitivity.per_field.proposition_inflation.all_rows_na_as_category.expected_agreement,0.654321,QPIPE-289eff02936d,0,/mnt/data/10_MACHINE_READABLE_RESULTS.json,0
cohen_kappa,random_inference_response_stability.strata.ambiguous_sensitivity.per_field.proposition_inflation.all_rows_na_as_category.cohen_kappa,0.357143,QPIPE-289eff02936d,0,/mnt/data/10_MACHINE_READABLE_RESULTS.json,0
kappa_status,random_inference_response_stability.strata.ambiguous_sensitivity.per_field.proposition_inflation.all_rows_na_as_category.kappa_status,defined,QPIPE-289eff02936d,0,/mnt/data/10_MACHINE_READABLE_RESULTS.json,0
categories,random_inference_response_stability.strata.ambiguous_sensitivity.per_field.proposition_inflation.all_rows_na_as_category.categories[0],no,QPIPE-289eff02936d,0,/mnt/data/10_MACHINE_READABLE_RESULTS.json,0
categories,random_inference_response_stability.strata.ambiguous_sensitivity.per_field.proposition_inflation.all_rows_na_as_category.categories[1],yes,QPIPE-289eff02936d,0,/mnt/data/10_MACHINE_READABLE_RESULTS.json,0
no,random_inference_response_stability.strata.ambiguous_sensitivity.per_field.proposition_inflation.all_rows_na_as_category.confusion_matrix_primary_rows_second_columns.no.no,6,QPIPE-289eff02936d,0,/mnt/data/10_MACHINE_READABLE_RESULTS.json,0
yes,random_inference_response_stability.strata.ambiguous_sensitivity.per_field.proposition_inflation.all_rows_na_as_category.confusion_matrix_primary_rows_second_columns.no.yes,1,QPIPE-289eff02936d,0,/mnt/data/10_MACHINE_READABLE_RESULTS.json,0
no,random_inference_response_stability.strata.ambiguous_sensitivity.per_field.proposition_inflation.all_rows_na_as_category.confusion_matrix_primary_rows_second_columns.yes.no,1,QPIPE-289eff02936d,0,/mnt/data/10_MACHINE_READABLE_RESULTS.json,0
yes,random_inference_response_stability.strata.ambiguous_sensitivity.per_field.proposition_inflation.all_rows_na_as_category.confusion_matrix_primary_rows_second_columns.yes.yes,1,QPIPE-289eff02936d,0,/mnt/data/10_MACHINE_READABLE_RESULTS.json,0
n,random_inference_response_stability.strata.ambiguous_sensitivity.per_field.proposition_inflation.both_applicable_excluding_na.n,9,QPIPE-289eff02936d,0,/mnt/data/10_MACHINE_READABLE_RESULTS.json,0
agreements,random_inference_response_stability.strata.ambiguous_sensitivity.per_field.proposition_inflation.both_applicable_excluding_na.agreements,7,QPIPE-289eff02936d,0,/mnt/data/10_MACHINE_READABLE_RESULTS.json,0
raw_agreement,random_inference_response_stability.strata.ambiguous_sensitivity.per_field.proposition_inflation.both_applicable_excluding_na.raw_agreement,0.777778,QPIPE-289eff02936d,0,/mnt/data/10_MACHINE_READABLE_RESULTS.json,0
expected_agreement,random_inference_response_stability.strata.ambiguous_sensitivity.per_field.proposition_inflation.both_applicable_excluding_na.expected_agreement,0.654321,QPIPE-289eff02936d,0,/mnt/data/10_MACHINE_READABLE_RESULTS.json,0
cohen_kappa,random_inference_response_stability.strata.ambiguous_sensitivity.per_field.proposition_inflation.both_applicable_excluding_na.cohen_kappa,0.357143,QPIPE-289eff02936d,0,/mnt/data/10_MACHINE_READABLE_RESULTS.json,0
kappa_status,random_inference_response_stability.strata.ambiguous_sensitivity.per_field.proposition_inflation.both_applicable_excluding_na.kappa_status,defined,QPIPE-289eff02936d,0,/mnt/data/10_MACHINE_READABLE_RESULTS.json,0
categories,random_inference_response_stability.strata.ambiguous_sensitivity.per_field.proposition_inflation.both_applicable_excluding_na.categories[0],no,QPIPE-289eff02936d,0,/mnt/data/10_MACHINE_READABLE_RESULTS.json,0
categories,random_inference_response_stability.strata.ambiguous_sensitivity.per_field.proposition_inflation.both_applicable_excluding_na.categories[1],yes,QPIPE-289eff02936d,0,/mnt/data/10_MACHINE_READABLE_RESULTS.json,0
no,random_inference_response_stability.strata.ambiguous_sensitivity.per_field.proposition_inflation.both_applicable_excluding_na.confusion_matrix_primary_rows_second_columns.no.no,6,QPIPE-289eff02936d,0,/mnt/data/10_MACHINE_READABLE_RESULTS.json,0
yes,random_inference_response_stability.strata.ambiguous_sensitivity.per_field.proposition_inflation.both_applicable_excluding_na.confusion_matrix_primary_rows_second_columns.no.yes,1,QPIPE-289eff02936d,0,/mnt/data/10_MACHINE_READABLE_RESULTS.json,0
no,random_inference_response_stability.strata.ambiguous_sensitivity.per_field.proposition_inflation.both_applicable_excluding_na.confusion_matrix_primary_rows_second_columns.yes.no,1,QPIPE-289eff02936d,0,/mnt/data/10_MACHINE_READABLE_RESULTS.json,0
yes,random_inference_response_stability.strata.ambiguous_sensitivity.per_field.proposition_inflation.both_applicable_excluding_na.confusion_matrix_primary_rows_second_columns.yes.yes,1,QPIPE-289eff02936d,0,/mnt/data/10_MACHINE_READABLE_RESULTS.json,0
primary_na_count,random_inference_response_stability.strata.ambiguous_sensitivity.per_field.proposition_inflation.primary_na_count,0,QPIPE-289eff02936d,0,/mnt/data/10_MACHINE_READABLE_RESULTS.json,0
second_na_count,random_inference_response_stability.strata.ambiguous_sensitivity.per_field.proposition_inflation.second_na_count,0,QPIPE-289eff02936d,0,/mnt/data/10_MACHINE_READABLE_RESULTS.json,0
applicability_agreements,random_inference_response_stability.strata.ambiguous_sensitivity.per_field.proposition_inflation.applicability_agreements,9,QPIPE-289eff02936d,0,/mnt/data/10_MACHINE_READABLE_RESULTS.json,0
applicability_raw_agreement,random_inference_response_stability.strata.ambiguous_sensitivity.per_field.proposition_inflation.applicability_raw_agreement,1.0,QPIPE-289eff02936d,0,/mnt/data/10_MACHINE_READABLE_RESULTS.json,0
n,random_inference_response_stability.strata.ambiguous_sensitivity.per_field.source_substitution.all_rows_na_as_category.n,9,QPIPE-289eff02936d,0,/mnt/data/10_MACHINE_READABLE_RESULTS.json,0
agreements,random_inference_response_stability.strata.ambiguous_sensitivity.per_field.source_substitution.all_rows_na_as_category.agreements,7,QPIPE-289eff02936d,0,/mnt/data/10_MACHINE_READABLE_RESULTS.json,0
raw_agreement,random_inference_response_stability.strata.ambiguous_sensitivity.per_field.source_substitution.all_rows_na_as_category.raw_agreement,0.777778,QPIPE-289eff02936d,0,/mnt/data/10_MACHINE_READABLE_RESULTS.json,0
expected_agreement,random_inference_response_stability.strata.ambiguous_sensitivity.per_field.source_substitution.all_rows_na_as_category.expected_agreement,0.802469,QPIPE-289eff02936d,0,/mnt/data/10_MACHINE_READABLE_RESULTS.json,0
cohen_kappa,random_inference_response_stability.strata.ambiguous_sensitivity.per_field.source_substitution.all_rows_na_as_category.cohen_kappa,-0.125,QPIPE-289eff02936d,0,/mnt/data/10_MACHINE_READABLE_RESULTS.json,0
kappa_status,random_inference_response_stability.strata.ambiguous_sensitivity.per_field.source_substitution.all_rows_na_as_category.kappa_status,defined,QPIPE-289eff02936d,0,/mnt/data/10_MACHINE_READABLE_RESULTS.json,0
categories,random_inference_response_stability.strata.ambiguous_sensitivity.per_field.source_substitution.all_rows_na_as_category.categories[0],no,QPIPE-289eff02936d,0,/mnt/data/10_MACHINE_READABLE_RESULTS.json,0
categories,random_inference_response_stability.strata.ambiguous_sensitivity.per_field.source_substitution.all_rows_na_as_category.categories[1],yes,QPIPE-289eff02936d,0,/mnt/data/10_MACHINE_READABLE_RESULTS.json,0
no,random_inference_response_stability.strata.ambiguous_sensitivity.per_field.source_substitution.all_rows_na_as_category.confusion_matrix_primary_rows_second_columns.no.no,7,QPIPE-289eff02936d,0,/mnt/data/10_MACHINE_READABLE_RESULTS.json,0
yes,random_inference_response_stability.strata.ambiguous_sensitivity.per_field.source_substitution.all_rows_na_as_category.confusion_matrix_primary_rows_second_columns.no.yes,1,QPIPE-289eff02936d,0,/mnt/data/10_MACHINE_READABLE_RESULTS.json,0
no,random_inference_response_stability.strata.ambiguous_sensitivity.per_field.source_substitution.all_rows_na_as_category.confusion_matrix_primary_rows_second_columns.yes.no,1,QPIPE-289eff02936d,0,/mnt/data/10_MACHINE_READABLE_RESULTS.json,0
yes,random_inference_response_stability.strata.ambiguous_sensitivity.per_field.source_substitution.all_rows_na_as_category.confusion_matrix_primary_rows_second_columns.yes.yes,0,QPIPE-289eff02936d,0,/mnt/data/10_MACHINE_READABLE_RESULTS.json,0
n,random_inference_response_stability.strata.ambiguous_sensitivity.per_field.source_substitution.both_applicable_excluding_na.n,9,QPIPE-289eff02936d,0,/mnt/data/10_MACHINE_READABLE_RESULTS.json,0
agreements,random_inference_response_stability.strata.ambiguous_sensitivity.per_field.source_substitution.both_applicable_excluding_na.agreements,7,QPIPE-289eff02936d,0,/mnt/data/10_MACHINE_READABLE_RESULTS.json,0
raw_agreement,random_inference_response_stability.strata.ambiguous_sensitivity.per_field.source_substitution.both_applicable_excluding_na.raw_agreement,0.777778,QPIPE-289eff02936d,0,/mnt/data/10_MACHINE_READABLE_RESULTS.json,0
expected_agreement,random_inference_response_stability.strata.ambiguous_sensitivity.per_field.source_substitution.both_applicable_excluding_na.expected_agreement,0.802469,QPIPE-289eff02936d,0,/mnt/data/10_MACHINE_READABLE_RESULTS.json,0
cohen_kappa,random_inference_response_stability.strata.ambiguous_sensitivity.per_field.source_substitution.both_applicable_excluding_na.cohen_kappa,-0.125,QPIPE-289eff02936d,0,/mnt/data/10_MACHINE_READABLE_RESULTS.json,0
kappa_status,random_inference_response_stability.strata.ambiguous_sensitivity.per_field.source_substitution.both_applicable_excluding_na.kappa_status,defined,QPIPE-289eff02936d,0,/mnt/data/10_MACHINE_READABLE_RESULTS.json,0
categories,random_inference_response_stability.strata.ambiguous_sensitivity.per_field.source_substitution.both_applicable_excluding_na.categories[0],no,QPIPE-289eff02936d,0,/mnt/data/10_MACHINE_READABLE_RESULTS.json,0
categories,random_inference_response_stability.strata.ambiguous_sensitivity.per_field.source_substitution.both_applicable_excluding_na.categories[1],yes,QPIPE-289eff02936d,0,/mnt/data/10_MACHINE_READABLE_RESULTS.json,0
no,random_inference_response_stability.strata.ambiguous_sensitivity.per_field.source_substitution.both_applicable_excluding_na.confusion_matrix_primary_rows_second_columns.no.no,7,QPIPE-289eff02936d,0,/mnt/data/10_MACHINE_READABLE_RESULTS.json,0
yes,random_inference_response_stability.strata.ambiguous_sensitivity.per_field.source_substitution.both_applicable_excluding_na.confusion_matrix_primary_rows_second_columns.no.yes,1,QPIPE-289eff02936d,0,/mnt/data/10_MACHINE_READABLE_RESULTS.json,0
no,random_inference_response_stability.strata.ambiguous_sensitivity.per_field.source_substitution.both_applicable_excluding_na.confusion_matrix_primary_rows_second_columns.yes.no,1,QPIPE-289eff02936d,0,/mnt/data/10_MACHINE_READABLE_RESULTS.json,0
yes,random_inference_response_stability.strata.ambiguous_sensitivity.per_field.source_substitution.both_applicable_excluding_na.confusion_matrix_primary_rows_second_columns.yes.yes,0,QPIPE-289eff02936d,0,/mnt/data/10_MACHINE_READABLE_RESULTS.json,0
primary_na_count,random_inference_response_stability.strata.ambiguous_sensitivity.per_field.source_substitution.primary_na_count,0,QPIPE-289eff02936d,0,/mnt/data/10_MACHINE_READABLE_RESULTS.json,0
second_na_count,random_inference_response_stability.strata.ambiguous_sensitivity.per_field.source_substitution.second_na_count,0,QPIPE-289eff02936d,0,/mnt/data/10_MACHINE_READABLE_RESULTS.json,0
applicability_agreements,random_inference_response_stability.strata.ambiguous_sensitivity.per_field.source_substitution.applicability_agreements,9,QPIPE-289eff02936d,0,/mnt/data/10_MACHINE_READABLE_RESULTS.json,0
applicability_raw_agreement,random_inference_response_stability.strata.ambiguous_sensitivity.per_field.source_substitution.applicability_raw_agreement,1.0,QPIPE-289eff02936d,0,/mnt/data/10_MACHINE_READABLE_RESULTS.json,0
n,random_inference_response_stability.strata.ambiguous_sensitivity.per_field.arch_occ_separation.all_rows_na_as_category.n,9,QPIPE-289eff02936d,0,/mnt/data/10_MACHINE_READABLE_RESULTS.json,0
agreements,random_inference_response_stability.strata.ambiguous_sensitivity.per_field.arch_occ_separation.all_rows_na_as_category.agreements,8,QPIPE-289eff02936d,0,/mnt/data/10_MACHINE_READABLE_RESULTS.json,0
raw_agreement,random_inference_response_stability.strata.ambiguous_sensitivity.per_field.arch_occ_separation.all_rows_na_as_category.raw_agreement,0.888889,QPIPE-289eff02936d,0,/mnt/data/10_MACHINE_READABLE_RESULTS.json,0
expected_agreement,random_inference_response_stability.strata.ambiguous_sensitivity.per_field.arch_occ_separation.all_rows_na_as_category.expected_agreement,0.407407,QPIPE-289eff02936d,0,/mnt/data/10_MACHINE_READABLE_RESULTS.json,0
cohen_kappa,random_inference_response_stability.strata.ambiguous_sensitivity.per_field.arch_occ_separation.all_rows_na_as_category.cohen_kappa,0.8125,QPIPE-289eff02936d,0,/mnt/data/10_MACHINE_READABLE_RESULTS.json,0
kappa_status,random_inference_response_stability.strata.ambiguous_sensitivity.per_field.arch_occ_separation.all_rows_na_as_category.kappa_status,defined,QPIPE-289eff02936d,0,/mnt/data/10_MACHINE_READABLE_RESULTS.json,0
categories,random_inference_response_stability.strata.ambiguous_sensitivity.per_field.arch_occ_separation.all_rows_na_as_category.categories[0],0,QPIPE-289eff02936d,0,/mnt/data/10_MACHINE_READABLE_RESULTS.json,0
categories,random_inference_response_stability.strata.ambiguous_sensitivity.per_field.arch_occ_separation.all_rows_na_as_category.categories[1],1,QPIPE-289eff02936d,0,/mnt/data/10_MACHINE_READABLE_RESULTS.json,0
categories,random_inference_response_stability.strata.ambiguous_sensitivity.per_field.arch_occ_separation.all_rows_na_as_category.categories[2],NA,QPIPE-289eff02936d,0,/mnt/data/10_MACHINE_READABLE_RESULTS.json,0
0,random_inference_response_stability.strata.ambiguous_sensitivity.per_field.arch_occ_separation.all_rows_na_as_category.confusion_matrix_primary_rows_second_columns.0.0,2,QPIPE-289eff02936d,0,/mnt/data/10_MACHINE_READABLE_RESULTS.json,0
1,random_inference_response_stability.strata.ambiguous_sensitivity.per_field.arch_occ_separation.all_rows_na_as_category.confusion_matrix_primary_rows_second_columns.0.1,0,QPIPE-289eff02936d,0,/mnt/data/10_MACHINE_READABLE_RESULTS.json,0
NA,random_inference_response_stability.strata.ambiguous_sensitivity.per_field.arch_occ_separation.all_rows_na_as_category.confusion_matrix_primary_rows_second_columns.0.NA,0,QPIPE-289eff02936d,0,/mnt/data/10_MACHINE_READABLE_RESULTS.json,0
0,random_inference_response_stability.strata.ambiguous_sensitivity.per_field.arch_occ_separation.all_rows_na_as_category.confusion_matrix_primary_rows_second_columns.1.0,1,QPIPE-289eff02936d,0,/mnt/data/10_MACHINE_READABLE_RESULTS.json,0
1,random_inference_response_stability.strata.ambiguous_sensitivity.per_field.arch_occ_separation.all_rows_na_as_category.confusion_matrix_primary_rows_second_columns.1.1,1,QPIPE-289eff02936d,0,/mnt/data/10_MACHINE_READABLE_RESULTS.json,0
NA,random_inference_response_stability.strata.ambiguous_sensitivity.per_field.arch_occ_separation.all_rows_na_as_category.confusion_matrix_primary_rows_second_columns.1.NA,0,QPIPE-289eff02936d,0,/mnt/data/10_MACHINE_READABLE_RESULTS.json,0
0,random_inference_response_stability.strata.ambiguous_sensitivity.per_field.arch_occ_separation.all_rows_na_as_category.confusion_matrix_primary_rows_second_columns.NA.0,0,QPIPE-289eff02936d,0,/mnt/data/10_MACHINE_READABLE_RESULTS.json,0
1,random_inference_response_stability.strata.ambiguous_sensitivity.per_field.arch_occ_separation.all_rows_na_as_category.confusion_matrix_primary_rows_second_columns.NA.1,0,QPIPE-289eff02936d,0,/mnt/data/10_MACHINE_READABLE_RESULTS.json,0
NA,random_inference_response_stability.strata.ambiguous_sensitivity.per_field.arch_occ_separation.all_rows_na_as_category.confusion_matrix_primary_rows_second_columns.NA.NA,5,QPIPE-289eff02936d,0,/mnt/data/10_MACHINE_READABLE_RESULTS.json,0
n,random_inference_response_stability.strata.ambiguous_sensitivity.per_field.arch_occ_separation.both_applicable_excluding_na.n,4,QPIPE-289eff02936d,0,/mnt/data/10_MACHINE_READABLE_RESULTS.json,0
agreements,random_inference_response_stability.strata.ambiguous_sensitivity.per_field.arch_occ_separation.both_applicable_excluding_na.agreements,3,QPIPE-289eff02936d,0,/mnt/data/10_MACHINE_READABLE_RESULTS.json,0
raw_agreement,random_inference_response_stability.strata.ambiguous_sensitivity.per_field.arch_occ_separation.both_applicable_excluding_na.raw_agreement,0.75,QPIPE-289eff02936d,0,/mnt/data/10_MACHINE_READABLE_RESULTS.json,0
expected_agreement,random_inference_response_stability.strata.ambiguous_sensitivity.per_field.arch_occ_separation.both_applicable_excluding_na.expected_agreement,0.5,QPIPE-289eff02936d,0,/mnt/data/10_MACHINE_READABLE_RESULTS.json,0
cohen_kappa,random_inference_response_stability.strata.ambiguous_sensitivity.per_field.arch_occ_separation.both_applicable_excluding_na.cohen_kappa,0.5,QPIPE-289eff02936d,0,/mnt/data/10_MACHINE_READABLE_RESULTS.json,0
kappa_status,random_inference_response_stability.strata.ambiguous_sensitivity.per_field.arch_occ_separation.both_applicable_excluding_na.kappa_status,defined,QPIPE-289eff02936d,0,/mnt/data/10_MACHINE_READABLE_RESULTS.json,0
categories,random_inference_response_stability.strata.ambiguous_sensitivity.per_field.arch_occ_separation.both_applicable_excluding_na.categories[0],0,QPIPE-289eff02936d,0,/mnt/data/10_MACHINE_READABLE_RESULTS.json,0
categories,random_inference_response_stability.strata.ambiguous_sensitivity.per_field.arch_occ_separation.both_applicable_excluding_na.categories[1],1,QPIPE-289eff02936d,0,/mnt/data/10_MACHINE_READABLE_RESULTS.json,0
0,random_inference_response_stability.strata.ambiguous_sensitivity.per_field.arch_occ_separation.both_applicable_excluding_na.confusion_matrix_primary_rows_second_columns.0.0,2,QPIPE-289eff02936d,0,/mnt/data/10_MACHINE_READABLE_RESULTS.json,0
1,random_inference_response_stability.strata.ambiguous_sensitivity.per_field.arch_occ_separation.both_applicable_excluding_na.confusion_matrix_primary_rows_second_columns.0.1,0,QPIPE-289eff02936d,0,/mnt/data/10_MACHINE_READABLE_RESULTS.json,0
0,random_inference_response_stability.strata.ambiguous_sensitivity.per_field.arch_occ_separation.both_applicable_excluding_na.confusion_matrix_primary_rows_second_columns.1.0,1,QPIPE-289eff02936d,0,/mnt/data/10_MACHINE_READABLE_RESULTS.json,0
1,random_inference_response_stability.strata.ambiguous_sensitivity.per_field.arch_occ_separation.both_applicable_excluding_na.confusion_matrix_primary_rows_second_columns.1.1,1,QPIPE-289eff02936d,0,/mnt/data/10_MACHINE_READABLE_RESULTS.json,0
primary_na_count,random_inference_response_stability.strata.ambiguous_sensitivity.per_field.arch_occ_separation.primary_na_count,5,QPIPE-289eff02936d,0,/mnt/data/10_MACHINE_READABLE_RESULTS.json,0
second_na_count,random_inference_response_stability.strata.ambiguous_sensitivity.per_field.arch_occ_separation.second_na_count,5,QPIPE-289eff02936d,0,/mnt/data/10_MACHINE_READABLE_RESULTS.json,0
applicability_agreements,random_inference_response_stability.strata.ambiguous_sensitivity.per_field.arch_occ_separation.applicability_agreements,9,QPIPE-289eff02936d,0,/mnt/data/10_MACHINE_READABLE_RESULTS.json,0
applicability_raw_agreement,random_inference_response_stability.strata.ambiguous_sensitivity.per_field.arch_occ_separation.applicability_raw_agreement,1.0,QPIPE-289eff02936d,0,/mnt/data/10_MACHINE_READABLE_RESULTS.json,0
path,random_inference_response_stability.outputs.comparison_csv.path,work/omnibus_gqg_v1/INFERENCE_RANDOM_RELIABILITY_COMPARISON.csv,QPIPE-289eff02936d,0,/mnt/data/10_MACHINE_READABLE_RESULTS.json,0
sha256,random_inference_response_stability.outputs.comparison_csv.sha256,63d493eb8d318f094d448a2eef1735753a9294704a38214fc4bc535682a21e5b,QPIPE-289eff02936d,0,/mnt/data/10_MACHINE_READABLE_RESULTS.json,0
path,random_inference_response_stability.outputs.comparison_script.path,work/omnibus_gqg_v1/compare_random_inference_reliability_v1.ps1,QPIPE-289eff02936d,0,/mnt/data/10_MACHINE_READABLE_RESULTS.json,0
sha256,random_inference_response_stability.outputs.comparison_script.sha256,e23758f733daef32f98fe3adde18678d31984730888243f90bd0903a3a84254e,QPIPE-289eff02936d,0,/mnt/data/10_MACHINE_READABLE_RESULTS.json,0
path,random_inference_response_stability.outputs.method_note.path,work/omnibus_gqg_v1/INFERENCE_RANDOM_RELIABILITY_COMPARISON_METHOD_v1.md,QPIPE-289eff02936d,0,/mnt/data/10_MACHINE_READABLE_RESULTS.json,0
sha256,random_inference_response_stability.outputs.method_note.sha256,7c7f9eac3b422e060d5e95b339587e477e2ff9e0f6a47a8b53a6f7eceb0d5ae8,QPIPE-289eff02936d,0,/mnt/data/10_MACHINE_READABLE_RESULTS.json,0
label,deletion_descent_adjudication.fresh_context_intra_model_stability.label,INTRA_MODEL_RECODING_STABILITY_NOT_INTER_RATER_RELIABILITY,QPIPE-289eff02936d,0,/mnt/data/10_MACHINE_READABLE_RESULTS.json,0
exact_all_four_fields_agree,deletion_descent_adjudication.fresh_context_intra_model_stability.exact_all_four_fields_agree,6,QPIPE-289eff02936d,0,/mnt/data/10_MACHINE_READABLE_RESULTS.json,0
n,deletion_descent_adjudication.fresh_context_intra_model_stability.n,20,QPIPE-289eff02936d,0,/mnt/data/10_MACHINE_READABLE_RESULTS.json,0
exact_all_four_fields_agreement_rate,deletion_descent_adjudication.fresh_context_intra_model_stability.exact_all_four_fields_agreement_rate,0.3,QPIPE-289eff02936d,0,/mnt/data/10_MACHINE_READABLE_RESULTS.json,0
agree,deletion_descent_adjudication.fresh_context_intra_model_stability.field_results.deletion_test_class.agree,8,QPIPE-289eff02936d,0,/mnt/data/10_MACHINE_READABLE_RESULTS.json,0
n,deletion_descent_adjudication.fresh_context_intra_model_stability.field_results.deletion_test_class.n,20,QPIPE-289eff02936d,0,/mnt/data/10_MACHINE_READABLE_RESULTS.json,0
raw_agreement,deletion_descent_adjudication.fresh_context_intra_model_stability.field_results.deletion_test_class.raw_agreement,0.4,QPIPE-289eff02936d,0,/mnt/data/10_MACHINE_READABLE_RESULTS.json,0
cohen_kappa,deletion_descent_adjudication.fresh_context_intra_model_stability.field_results.deletion_test_class.cohen_kappa,0.24764890282131663,QPIPE-289eff02936d,0,/mnt/data/10_MACHINE_READABLE_RESULTS.json,0
disagreement_opportunity_ids,deletion_descent_adjudication.fresh_context_intra_model_stability.field_results.deletion_test_class.disagreement_opportunity_ids[0],fifteenth_share:n041,QPIPE-289eff02936d,0,/mnt/data/10_MACHINE_READABLE_RESULTS.json,0
disagreement_opportunity_ids,deletion_descent_adjudication.fresh_context_intra_model_stability.field_results.deletion_test_class.disagreement_opportunity_ids[1],fifth_share:n281,QPIPE-289eff02936d,0,/mnt/data/10_MACHINE_READABLE_RESULTS.json,0
disagreement_opportunity_ids,deletion_descent_adjudication.fresh_context_intra_model_stability.field_results.deletion_test_class.disagreement_opportunity_ids[2],first_share:n613,QPIPE-289eff02936d,0,/mnt/data/10_MACHINE_READABLE_RESULTS.json,0
disagreement_opportunity_ids,deletion_descent_adjudication.fresh_context_intra_model_stability.field_results.deletion_test_class.disagreement_opportunity_ids[3],fourth_share:n976,QPIPE-289eff02936d,0,/mnt/data/10_MACHINE_READABLE_RESULTS.json,0
disagreement_opportunity_ids,deletion_descent_adjudication.fresh_context_intra_model_stability.field_results.deletion_test_class.disagreement_opportunity_ids[4],office_metaphor:n119,QPIPE-289eff02936d,0,/mnt/data/10_MACHINE_READABLE_RESULTS.json,0
disagreement_opportunity_ids,deletion_descent_adjudication.fresh_context_intra_model_stability.field_results.deletion_test_class.disagreement_opportunity_ids[5],office_metaphor:n124,QPIPE-289eff02936d,0,/mnt/data/10_MACHINE_READABLE_RESULTS.json,0
disagreement_opportunity_ids,deletion_descent_adjudication.fresh_context_intra_model_stability.field_results.deletion_test_class.disagreement_opportunity_ids[6],office_metaphor:n173,QPIPE-289eff02936d,0,/mnt/data/10_MACHINE_READABLE_RESULTS.json,0
disagreement_opportunity_ids,deletion_descent_adjudication.fresh_context_intra_model_stability.field_results.deletion_test_class.disagreement_opportunity_ids[7],office_metaphor:n274,QPIPE-289eff02936d,0,/mnt/data/10_MACHINE_READABLE_RESULTS.json,0
disagreement_opportunity_ids,deletion_descent_adjudication.fresh_context_intra_model_stability.field_results.deletion_test_class.disagreement_opportunity_ids[8],office_metaphor:n348,QPIPE-289eff02936d,0,/mnt/data/10_MACHINE_READABLE_RESULTS.json,0
disagreement_opportunity_ids,deletion_descent_adjudication.fresh_context_intra_model_stability.field_results.deletion_test_class.disagreement_opportunity_ids[9],office_metaphor:n448,QPIPE-289eff02936d,0,/mnt/data/10_MACHINE_READABLE_RESULTS.json,0
disagreement_opportunity_ids,deletion_descent_adjudication.fresh_context_intra_model_stability.field_results.deletion_test_class.disagreement_opportunity_ids[10],seventh_share:n2073,QPIPE-289eff02936d,0,/mnt/data/10_MACHINE_READABLE_RESULTS.json,0
disagreement_opportunity_ids,deletion_descent_adjudication.fresh_context_intra_model_stability.field_results.deletion_test_class.disagreement_opportunity_ids[11],twelfth_share:n218,QPIPE-289eff02936d,0,/mnt/data/10_MACHINE_READABLE_RESULTS.json,0
agree,deletion_descent_adjudication.fresh_context_intra_model_stability.field_results.answer_after_deletion.agree,17,QPIPE-289eff02936d,0,/mnt/data/10_MACHINE_READABLE_RESULTS.json,0
n,deletion_descent_adjudication.fresh_context_intra_model_stability.field_results.answer_after_deletion.n,20,QPIPE-289eff02936d,0,/mnt/data/10_MACHINE_READABLE_RESULTS.json,0
raw_agreement,deletion_descent_adjudication.fresh_context_intra_model_stability.field_results.answer_after_deletion.raw_agreement,0.85,QPIPE-289eff02936d,0,/mnt/data/10_MACHINE_READABLE_RESULTS.json,0
cohen_kappa,deletion_descent_adjudication.fresh_context_intra_model_stability.field_results.answer_after_deletion.cohen_kappa,0.6874999999999999,QPIPE-289eff02936d,0,/mnt/data/10_MACHINE_READABLE_RESULTS.json,0
disagreement_opportunity_ids,deletion_descent_adjudication.fresh_context_intra_model_stability.field_results.answer_after_deletion.disagreement_opportunity_ids[0],fifth_share:n715,QPIPE-289eff02936d,0,/mnt/data/10_MACHINE_READABLE_RESULTS.json,0
disagreement_opportunity_ids,deletion_descent_adjudication.fresh_context_intra_model_stability.field_results.answer_after_deletion.disagreement_opportunity_ids[1],office_metaphor:n173,QPIPE-289eff02936d,0,/mnt/data/10_MACHINE_READABLE_RESULTS.json,0
disagreement_opportunity_ids,deletion_descent_adjudication.fresh_context_intra_model_stability.field_results.answer_after_deletion.disagreement_opportunity_ids[2],office_metaphor:n448,QPIPE-289eff02936d,0,/mnt/data/10_MACHINE_READABLE_RESULTS.json,0
agree,deletion_descent_adjudication.fresh_context_intra_model_stability.field_results.structural_finding_survives_deletion.agree,15,QPIPE-289eff02936d,0,/mnt/data/10_MACHINE_READABLE_RESULTS.json,0
n,deletion_descent_adjudication.fresh_context_intra_model_stability.field_results.structural_finding_survives_deletion.n,20,QPIPE-289eff02936d,0,/mnt/data/10_MACHINE_READABLE_RESULTS.json,0
raw_agreement,deletion_descent_adjudication.fresh_context_intra_model_stability.field_results.structural_finding_survives_deletion.raw_agreement,0.75,QPIPE-289eff02936d,0,/mnt/data/10_MACHINE_READABLE_RESULTS.json,0
cohen_kappa,deletion_descent_adjudication.fresh_context_intra_model_stability.field_results.structural_finding_survives_deletion.cohen_kappa,0.28571428571428564,QPIPE-289eff02936d,0,/mnt/data/10_MACHINE_READABLE_RESULTS.json,0
disagreement_opportunity_ids,deletion_descent_adjudication.fresh_context_intra_model_stability.field_results.structural_finding_survives_deletion.disagreement_opportunity_ids[0],fifteenth_share:n041,QPIPE-289eff02936d,0,/mnt/data/10_MACHINE_READABLE_RESULTS.json,0
disagreement_opportunity_ids,deletion_descent_adjudication.fresh_context_intra_model_stability.field_results.structural_finding_survives_deletion.disagreement_opportunity_ids[1],fifth_share:n281,QPIPE-289eff02936d,0,/mnt/data/10_MACHINE_READABLE_RESULTS.json,0
disagreement_opportunity_ids,deletion_descent_adjudication.fresh_context_intra_model_stability.field_results.structural_finding_survives_deletion.disagreement_opportunity_ids[2],fifth_share:n715,QPIPE-289eff02936d,0,/mnt/data/10_MACHINE_READABLE_RESULTS.json,0
disagreement_opportunity_ids,deletion_descent_adjudication.fresh_context_intra_model_stability.field_results.structural_finding_survives_deletion.disagreement_opportunity_ids[3],office_metaphor:n274,QPIPE-289eff02936d,0,/mnt/data/10_MACHINE_READABLE_RESULTS.json,0
disagreement_opportunity_ids,deletion_descent_adjudication.fresh_context_intra_model_stability.field_results.structural_finding_survives_deletion.disagreement_opportunity_ids[4],twelfth_share:n218,QPIPE-289eff02936d,0,/mnt/data/10_MACHINE_READABLE_RESULTS.json,0
agree,deletion_descent_adjudication.fresh_context_intra_model_stability.field_results.descent_test_all_compatible_occupants.agree,14,QPIPE-289eff02936d,0,/mnt/data/10_MACHINE_READABLE_RESULTS.json,0
n,deletion_descent_adjudication.fresh_context_intra_model_stability.field_results.descent_test_all_compatible_occupants.n,20,QPIPE-289eff02936d,0,/mnt/data/10_MACHINE_READABLE_RESULTS.json,0
raw_agreement,deletion_descent_adjudication.fresh_context_intra_model_stability.field_results.descent_test_all_compatible_occupants.raw_agreement,0.7,QPIPE-289eff02936d,0,/mnt/data/10_MACHINE_READABLE_RESULTS.json,0
cohen_kappa,deletion_descent_adjudication.fresh_context_intra_model_stability.field_results.descent_test_all_compatible_occupants.cohen_kappa,0.2052980132450331,QPIPE-289eff02936d,0,/mnt/data/10_MACHINE_READABLE_RESULTS.json,0
disagreement_opportunity_ids,deletion_descent_adjudication.fresh_context_intra_model_stability.field_results.descent_test_all_compatible_occupants.disagreement_opportunity_ids[0],fifteenth_share:n041,QPIPE-289eff02936d,0,/mnt/data/10_MACHINE_READABLE_RESULTS.json,0
disagreement_opportunity_ids,deletion_descent_adjudication.fresh_context_intra_model_stability.field_results.descent_test_all_compatible_occupants.disagreement_opportunity_ids[1],fifth_share:n281,QPIPE-289eff02936d,0,/mnt/data/10_MACHINE_READABLE_RESULTS.json,0
disagreement_opportunity_ids,deletion_descent_adjudication.fresh_context_intra_model_stability.field_results.descent_test_all_compatible_occupants.disagreement_opportunity_ids[2],fifth_share:n715,QPIPE-289eff02936d,0,/mnt/data/10_MACHINE_READABLE_RESULTS.json,0
disagreement_opportunity_ids,deletion_descent_adjudication.fresh_context_intra_model_stability.field_results.descent_test_all_compatible_occupants.disagreement_opportunity_ids[3],fifth_share:n755,QPIPE-289eff02936d,0,/mnt/data/10_MACHINE_READABLE_RESULTS.json,0
disagreement_opportunity_ids,deletion_descent_adjudication.fresh_context_intra_model_stability.field_results.descent_test_all_compatible_occupants.disagreement_opportunity_ids[4],first_share:n613,QPIPE-289eff02936d,0,/mnt/data/10_MACHINE_READABLE_RESULTS.json,0
disagreement_opportunity_ids,deletion_descent_adjudication.fresh_context_intra_model_stability.field_results.descent_test_all_compatible_occupants.disagreement_opportunity_ids[5],office_metaphor:n274,QPIPE-289eff02936d,0,/mnt/data/10_MACHINE_READABLE_RESULTS.json,0
strict_completed_claims,capability_tool_trace.strict_completed_claims,12,QPIPE-21fea5b0eb77,2,/mnt/data/quant_corrected_metrics.json,0
tool_linked,capability_tool_trace.window_5.tool_linked,1,QPIPE-21fea5b0eb77,2,/mnt/data/quant_corrected_metrics.json,0
information_asymmetry_ratio,capability_tool_trace.window_5.information_asymmetry_ratio,12.0,QPIPE-21fea5b0eb77,2,/mnt/data/quant_corrected_metrics.json,0
visible_trace_divergence,capability_tool_trace.window_5.visible_trace_divergence,0.9167,QPIPE-21fea5b0eb77,2,/mnt/data/quant_corrected_metrics.json,0
divergence_wilson_95,capability_tool_trace.window_5.divergence_wilson_95[0],0.6461,QPIPE-21fea5b0eb77,2,/mnt/data/quant_corrected_metrics.json,0
divergence_wilson_95,capability_tool_trace.window_5.divergence_wilson_95[1],0.9851,QPIPE-21fea5b0eb77,2,/mnt/data/quant_corrected_metrics.json,0
tool_linked,capability_tool_trace.window_10.tool_linked,2,QPIPE-21fea5b0eb77,2,/mnt/data/quant_corrected_metrics.json,0
information_asymmetry_ratio,capability_tool_trace.window_10.information_asymmetry_ratio,6.0,QPIPE-21fea5b0eb77,2,/mnt/data/quant_corrected_metrics.json,0
visible_trace_divergence,capability_tool_trace.window_10.visible_trace_divergence,0.8333,QPIPE-21fea5b0eb77,2,/mnt/data/quant_corrected_metrics.json,0
divergence_wilson_95,capability_tool_trace.window_10.divergence_wilson_95[0],0.552,QPIPE-21fea5b0eb77,2,/mnt/data/quant_corrected_metrics.json,0
divergence_wilson_95,capability_tool_trace.window_10.divergence_wilson_95[1],0.953,QPIPE-21fea5b0eb77,2,/mnt/data/quant_corrected_metrics.json,0
tool_linked,capability_tool_trace.window_20.tool_linked,3,QPIPE-21fea5b0eb77,2,/mnt/data/quant_corrected_metrics.json,0
information_asymmetry_ratio,capability_tool_trace.window_20.information_asymmetry_ratio,4.0,QPIPE-21fea5b0eb77,2,/mnt/data/quant_corrected_metrics.json,0
visible_trace_divergence,capability_tool_trace.window_20.visible_trace_divergence,0.75,QPIPE-21fea5b0eb77,2,/mnt/data/quant_corrected_metrics.json,0
divergence_wilson_95,capability_tool_trace.window_20.divergence_wilson_95[0],0.4677,QPIPE-21fea5b0eb77,2,/mnt/data/quant_corrected_metrics.json,0
divergence_wilson_95,capability_tool_trace.window_20.divergence_wilson_95[1],0.9111,QPIPE-21fea5b0eb77,2,/mnt/data/quant_corrected_metrics.json,0
permutation_p_unadjusted,capability_tool_trace.window_20.permutation_p_unadjusted,0.0402384,QPIPE-21fea5b0eb77,2,/mnt/data/quant_corrected_metrics.json,0
bonferroni_p_three_windows,capability_tool_trace.window_20.bonferroni_p_three_windows,0.1207152,QPIPE-21fea5b0eb77,2,/mnt/data/quant_corrected_metrics.json,0
